"Projeto";"CAD";"Owner";"Papel";"Hierarquia";"Etapa Atual";"Status Etapa (id)";"Atrasado";"Inconsistente";"Inconsistências (motivos)";"Success Rate";"Responsável – Success rate";"Notificações não lidas";"Tags";"Time";"Saving (U$)";"Saving Bucket";"idcad_x_projeto";"Última Notificação (ISO)"
"Q3 Entrenamiento MeLi AXIS MLM ";"XEM02";"lberesforddi";"Owner";"Proyecto principal";"Discovery";"15";"Sí";"No";"";"No Evaluado";"";"0";"Non-Systemic";"Lean MLM-LOCAL";"0";"0";"79450662-ed3a-4e90-888b-5075d34a556e";""
"Ajuste de layout en labels para triage";"Lean MLM";"mongallardor";"Colaborador";"Proyecto principal";"Discovery";"14";"Sí";"No";"";"No Evaluado";"";"2";"Non-Systemic";"Lean MLM-LOCAL";"0";"0";"d278c1d2-3e4a-44bb-9f8c-ca474a1cdb3b";"2026-08-14T01:08:37.000Z"
"Q3-2026 PL Layout Labels";"Lean MLM";"mongallardor";"Editor";"Proyecto principal";"Discovery";"14";"Sí";"No";"";"No Evaluado";"";"2";"Non-Systemic";"Lean MLM-LOCAL";"0";"0";"b4021145-ea5b-4b8a-a04e-87707ad179d5";"2026-08-14T01:26:20.000Z"
"Gestión de insumos reutilizables";"MXNL02";"";"Visualizador";"Proyecto ramificado";"";"";"No";"No";"";"No Evaluado";"";"0";"Roll Out";"Sin equipo";"0";"0";"005272dc-91c9-4ff6-b685-5b5a3de39103";""
"Nuevo acceso a "Mi rendimiento" desde BOXI para Desktop ";"BRAGO1";"";"Visualizador";"Proyecto ramificado";"";"";"No";"No";"";"No Evaluado";"";"0";"Roll Out  P3";"Sin equipo";"0";"0";"00d0c8cc-6af4-49d1-95ab-477a9693873e";""
"Ajuste de Caja Máxima — MCO";"ARBA01";"";"Visualizador";"Proyecto ramificado";"";"";"No";"No";"";"No Evaluado";"";"0";"Roll Out  Systemic  P3";"Sin equipo";"0";"0";"010881e1-b41d-48bc-ada3-994eb46ea398";""
"Mudanças na app de gestão de usuarios e ações massivas : Mudança de líder e extensão de caducidad";"BRRS01";"";"Visualizador";"Proyecto ramificado";"";"";"No";"No";"";"No Evaluado";"";"0";"Roll Out";"BRRS01-CIE";"0";"0";"01e09601-6d1b-4d82-8e3f-7b5762156635";""
"Gestión de insumos reutilizables";"MXCD14";"";"Visualizador";"Proyecto ramificado";"";"";"No";"No";"";"No Evaluado";"";"0";"Roll Out";"Sin equipo";"0";"0";"01e42f54-0f6a-469d-916e-51964675011a";""
"Ajuste de Caja Máxima Virtual MLM";"MXCD13";"";"Visualizador";"Proyecto ramificado";"";"";"No";"No";"";"No Evaluado";"";"0";"Roll Out  Systemic  P3";"Sin equipo";"0";"0";"01fed0f2-085d-431f-b93f-80eaaed514c4";""
"Teste PD 10-08";"BRAES1";"";"Visualizador";"Proyecto ramificado";"";"";"No";"No";"";"No Evaluado";"";"0";"C1  Roll Out";"Sin equipo";"0";"0";"02569eb4-598f-4fb2-ad3a-0e8ddc016fdb";""
"Acceso Contextual : Sinergia Temporal";"CLRM03";"";"Visualizador";"Proyecto ramificado";"";"";"No";"No";"";"No Evaluado";"";"0";"C1  Roll Out";"Sin equipo";"0";"0";"0333a8c8-f7de-42f2-8357-918fce7b7a7e";""
"App Conteos Mangapallets RFID";"COCU02";"";"Visualizador";"Proyecto ramificado";"";"";"No";"No";"";"No Evaluado";"";"0";"C2  Roll Out  P1";"Sin equipo";"0";"0";"03d7be8b-2c46-4c4c-bcf7-b82e0ed78bd2";""
"Ajuste de Caja Máxima Virtual MLM";"MXCD09";"";"Visualizador";"Proyecto ramificado";"";"";"No";"No";"";"No Evaluado";"";"0";"Roll Out  Systemic  P3";"Sin equipo";"0";"0";"042e17a0-ad74-4b5a-abdb-82dac7135cd7";""
"Nuevo acceso a "Mi rendimiento" desde BOXI para Desktop ";"BRSP25";"";"Visualizador";"Proyecto ramificado";"";"";"No";"No";"";"No Evaluado";"";"0";"Roll Out  P3";"Sin equipo";"0";"0";"048a1579-8547-47ef-a918-5ed57ba61d3c";""
"Mudanças na app de gestão de usuarios e ações massivas : Mudança de líder e extensão de caducidad";"BRSP26";"";"Visualizador";"Proyecto ramificado";"";"";"No";"No";"";"No Evaluado";"";"0";"Roll Out";"BRSP26-CIE";"0";"0";"04e94de0-1809-4235-864c-e46504afeacd";""
"Acceso Contextual : Sinergia Temporal";"MXCD02";"";"Visualizador";"Proyecto ramificado";"";"";"No";"No";"";"No Evaluado";"";"0";"C1  Roll Out";"Sin equipo";"0";"0";"04eb2549-a1c8-42ba-8269-9373298d495b";""
"Processamento por Volume";"USTX01";"";"Visualizador";"Proyecto ramificado";"";"";"No";"No";"";"No Evaluado";"";"0";"C1  Roll Out  P1";"Sin equipo";"0";"0";"04fe16cb-cec1-4944-a5ce-aad87747a8a6";""
"Gestión de insumos reutilizables";"MXCD09";"";"Visualizador";"Proyecto ramificado";"";"";"No";"No";"";"No Evaluado";"";"0";"Roll Out";"Sin equipo";"0";"0";"0510488a-2bb1-4497-bd87-f4f67333646f";""
"Nova Home & Mi Perfil";"MXYU01";"";"Visualizador";"Proyecto ramificado";"";"";"No";"No";"";"No Evaluado";"";"0";"Roll Out";"MXYU01-CIE";"0";"0";"052f9c55-dd59-48f2-8098-9d94561a5eda";""
"Gestión de insumos reutilizables";"BRBA02";"";"Visualizador";"Proyecto ramificado";"";"";"No";"No";"";"No Evaluado";"";"0";"Roll Out";"Sin equipo";"0";"0";"058da149-2431-4bfc-88da-7387e329a58c";""
"Gestión de insumos reutilizables";"MXCD10";"";"Visualizador";"Proyecto ramificado";"";"";"No";"No";"";"No Evaluado";"";"0";"Roll Out";"Sin equipo";"0";"0";"060b0ac5-e377-4cf1-9073-78fcfc91e0d3";""
"App Conteos Mangapallets RFID";"MXAMZ1";"";"Visualizador";"Proyecto ramificado";"";"";"No";"No";"";"No Evaluado";"";"0";"C2  Roll Out  P1";"Sin equipo";"0";"0";"064648d2-9565-4917-aa56-f3dd4e874d8d";""
"Acesso Contextual - Mi Primero Proceso";"CLRM03";"";"Visualizador";"Proyecto ramificado";"";"";"No";"No";"";"No Evaluado";"";"0";"C1  Roll Out  P1";"Sin equipo";"0";"0";"067f8e27-8387-4ad6-85a9-94e902de4a4c";""
"Nova Home & Mi Perfil";"BRSP06";"";"Visualizador";"Proyecto ramificado";"";"";"No";"No";"";"No Evaluado";"";"0";"Roll Out";"BRSP06-CIE";"0";"0";"06b2751a-d8ce-48bd-a115-01665224ca45";""
"GAP GGPXGNP  (Pilar 4: Yo me apunto)";"MXNL01";"";"Visualizador";"Proyecto ramificado";"";"";"No";"No";"";"No Evaluado";"";"0";"C1  Roll Out";"Sin equipo";"0";"0";"06e146b6-15db-49ca-bd79-e38d1e27b274";""
"Acceso Contextual : Sinergia Temporal";"BRRC02";"";"Visualizador";"Proyecto ramificado";"";"";"No";"No";"";"No Evaluado";"";"0";"C1  Roll Out";"Sin equipo";"0";"0";"077b52be-375d-4c3e-884d-0befecc0d4a2";""
"Cambio en la Tool de Gestion de proveedores";"GROOT";"";"Visualizador";"Proyecto principal";"";"";"No";"No";"";"No Evaluado";"";"0";"";"GROOT-Regional";"0";"0";"07dd5185-459d-46d6-a00b-b1fe38e85518";""
"Mudanças na app de gestão de usuarios e ações massivas : Mudança de líder e extensão de caducidad";"BRSP19";"";"Visualizador";"Proyecto ramificado";"";"";"No";"No";"";"No Evaluado";"";"0";"Roll Out";"BRSP19-CIE";"0";"0";"083dc7c0-7aed-46af-a569-7476b18c9ab8";""
"Flyers MLB con PCR";"BRSP30";"";"Visualizador";"Proyecto ramificado";"";"";"No";"No";"";"No Evaluado";"";"0";"Roll Out";"Sin equipo";"0";"0";"08ba4783-00e5-4184-a292-29957dd28394";""
"App Conteos Mangapallets RFID";"BRSP31";"";"Visualizador";"Proyecto ramificado";"";"";"No";"No";"";"No Evaluado";"";"0";"C2  Roll Out  P1";"Sin equipo";"0";"0";"08c398eb-b986-48f7-9578-5fc0eb7c9c89";""
"Acceso Contextual : Sinergia Temporal";"BRBA02";"";"Visualizador";"Proyecto ramificado";"";"";"No";"No";"";"No Evaluado";"";"0";"C1  Roll Out";"Sin equipo";"0";"0";"096ed79c-cb3d-47ee-a7b3-50cb093f8e56";""
"NTM - Node Task Manager";"BRSP24";"";"Visualizador";"Proyecto ramificado";"";"";"No";"No";"";"No Evaluado";"";"0";"C1  Roll Out  Systemic  P1";"Sin equipo";"0";"0";"0aeac91b-7438-44bc-8e18-979a32cced6e";""
"Acesso Contextual - Mi Primero Proceso";"MXCD07";"";"Visualizador";"Proyecto ramificado";"";"";"No";"No";"";"No Evaluado";"";"0";"C1  Roll Out  P1";"Sin equipo";"0";"0";"0b4b38b6-0438-4399-9d5c-0048f555a216";""
"GAP GGPXGNP  (Pilar 4: Yo me apunto)";"MXCD09";"";"Visualizador";"Proyecto ramificado";"";"";"No";"No";"";"No Evaluado";"";"0";"C1  Roll Out";"Sin equipo";"0";"0";"0b87ff20-872f-498c-b2bd-46a7dcf2ba07";""
"HERMES — Catalogação de Rezagos e Salvados Não Sistêmicos";"BRRS01";"";"Visualizador";"Proyecto ramificado";"";"";"No";"No";"";"No Evaluado";"";"0";"C1  Roll Out  Non-Systemic  P1";"Sin equipo";"0";"0";"0c1b9371-9a35-46c8-8d46-08291334aa1a";""
"Nuevo acceso a "Mi rendimiento" desde BOXI para Desktop ";"BRRC02";"";"Visualizador";"Proyecto ramificado";"";"";"No";"No";"";"No Evaluado";"";"0";"Roll Out  P3";"Sin equipo";"0";"0";"0cd094bc-d886-425b-a539-5897e0c7eb94";""
"NTM - Node Task Manager";"BRSP02";"";"Visualizador";"Proyecto ramificado";"";"";"No";"No";"";"No Evaluado";"";"0";"C1  Roll Out  Systemic  P1";"Sin equipo";"0";"0";"0d89bc3a-ed13-42c6-b211-8bf74782071a";""
"Gift Wrap";"MXCD06";"";"Visualizador";"Proyecto ramificado";"";"";"No";"No";"";"No Evaluado";"";"0";"C3  Roll Out  Systemic  P1";"Sin equipo";"0";"0";"0dd4a638-5096-47ec-bb9c-d119ecd35251";""
"Cambio en la Tool de Gestion de proveedores";"GROOT";"";"Visualizador";"Proyecto principal";"";"";"No";"No";"";"No Evaluado";"";"0";"";"GROOT-Regional";"0";"0";"0dfc4604-86f3-4565-b8db-14fce97fed66";""
"Nuevo acceso a "Mi rendimiento" desde BOXI para Desktop ";"BRSP02";"";"Visualizador";"Proyecto ramificado";"";"";"No";"No";"";"No Evaluado";"";"0";"Roll Out  P3";"Sin equipo";"0";"0";"0ebd3f0b-91b2-4e2d-85d2-e096206a14ff";""
"NTM - Node Task Manager";"BRSP18";"";"Visualizador";"Proyecto ramificado";"";"";"No";"No";"";"No Evaluado";"";"0";"C1  Roll Out  Systemic  P1";"Sin equipo";"0";"0";"0ed4912f-ca19-4245-806b-6ff0288afd4d";""
"App Conteos Mangapallets RFID";"MXRC02";"";"Visualizador";"Proyecto ramificado";"";"";"No";"No";"";"No Evaluado";"";"0";"C2  Roll Out  P1";"Sin equipo";"0";"0";"0f7ffe5b-1b81-4db4-b128-b70a3e3c2ebd";""
"Acesso Contextual - Mi Primero Proceso";"MXCD11";"";"Visualizador";"Proyecto ramificado";"";"";"No";"No";"";"No Evaluado";"";"0";"C1  Roll Out  P1";"Sin equipo";"0";"0";"0f82a146-56bf-4514-8f04-9ae591db4862";""
"Nuevo acceso a "Mi rendimiento" desde BOXI para Desktop ";"MXPB01";"";"Visualizador";"Proyecto ramificado";"";"";"No";"No";"";"No Evaluado";"";"0";"Roll Out  P3";"Sin equipo";"0";"0";"0ff1aee3-6eb8-4da8-b91e-d024a784354b";""
"Acceso Contextual : Sinergia Temporal";"BRRC01";"";"Visualizador";"Proyecto ramificado";"";"";"No";"No";"";"No Evaluado";"";"0";"C1  Roll Out";"Sin equipo";"0";"0";"100b473f-846f-446d-9fd0-badcc4a0c8b0";""
"Nova Home & Mi Perfil";"MXCD06";"";"Visualizador";"Proyecto ramificado";"";"";"No";"No";"";"No Evaluado";"";"0";"Roll Out";"MXCD06-CIE";"0";"0";"10369729-df8c-4585-ba81-e2c11ffc8fb8";""
"Cambio en la Tool de Gestion de proveedores";"GROOT";"";"Visualizador";"Proyecto principal";"";"";"No";"No";"";"No Evaluado";"";"0";"";"GROOT-Regional";"0";"0";"104928a3-a978-4296-8ae9-be573497fdf5";""
"Acesso Contextual - Mi Primero Proceso";"MXSO01";"";"Visualizador";"Proyecto ramificado";"";"";"No";"No";"";"No Evaluado";"";"0";"C1  Roll Out  P1";"Sin equipo";"0";"0";"10d094d0-4b3b-4270-bba5-4769cad9cb80";""
"App Conteos Mangapallets RFID";"MXATJ1";"";"Visualizador";"Proyecto ramificado";"";"";"No";"No";"";"No Evaluado";"";"0";"C2  Roll Out  P1";"Sin equipo";"0";"0";"111b0bb0-36ad-4c6b-9405-d046f6da0dd3";""
"Acceso Contextual : Sinergia Temporal";"MXCD12";"";"Visualizador";"Proyecto ramificado";"";"";"No";"No";"";"No Evaluado";"";"0";"C1  Roll Out";"Sin equipo";"0";"0";"1161e480-1fe5-4887-9d18-37e5bb4f343e";""
"Gestión de insumos reutilizables";"PELI01";"";"Visualizador";"Proyecto ramificado";"";"";"No";"No";"";"No Evaluado";"";"0";"Roll Out";"Sin equipo";"0";"0";"12111a93-4fa5-4d32-8419-69b960893bff";""
"Mudanças na app de gestão de usuarios e ações massivas : Mudança de líder e extensão de caducidad";"BRMG04";"";"Visualizador";"Proyecto ramificado";"";"";"No";"No";"";"No Evaluado";"";"0";"Roll Out";"BRMG04-CIE";"0";"0";"12a50664-a777-4659-942a-02edb9be4654";""
"Split de Suboperaciones MCO y MLC";"COCU02";"";"Visualizador";"Proyecto ramificado";"";"";"No";"No";"";"No Evaluado";"";"0";"TIA  Roll Out  Systemic  P3";"Sin equipo";"0";"0";"12ba40c3-3d02-4665-9f5a-8753d4d791df";""
"Mudanças na app de gestão de usuarios e ações massivas : Mudança de líder e extensão de caducidad";"BRSP04";"";"Visualizador";"Proyecto ramificado";"";"";"No";"No";"";"No Evaluado";"";"0";"Roll Out";"BRSP04-CIE";"0";"0";"133aef30-d3f7-43fe-89b7-e033df55d0c6";""
"Mudanças na app de gestão de usuarios e ações massivas : Mudança de líder e extensão de caducidad";"BRBA02";"";"Visualizador";"Proyecto ramificado";"";"";"No";"No";"";"No Evaluado";"";"0";"Roll Out";"BRBA02-CIE";"0";"0";"13666f07-a990-47be-b108-fc2b6b947c3a";""
"Ajuste de Caja Máxima — MCO";"CLRM04";"";"Visualizador";"Proyecto ramificado";"";"";"No";"No";"";"No Evaluado";"";"0";"Roll Out  Systemic  P3";"Sin equipo";"0";"0";"139afb5a-0887-47f1-bec9-20c81b9e2fb0";""
"Acesso Contextual - Mi Primero Proceso";"BRRS01";"";"Visualizador";"Proyecto ramificado";"";"";"No";"No";"";"No Evaluado";"";"0";"C1  Roll Out  P1";"Sin equipo";"0";"0";"13d1869d-babf-4c53-96b5-9a3153db2e2b";""
"Ajuste de Caja Máxima Virtual MLM";"MXCH02";"";"Visualizador";"Proyecto ramificado";"";"";"No";"No";"";"No Evaluado";"";"0";"Roll Out  Systemic  P3";"Sin equipo";"0";"0";"1404e7ea-5984-4eae-b01f-b26117312e54";""
"Cerberus";"BRSP04";"brucorrea";"Visualizador";"Proyecto ramificado";"Implement";"14";"No";"Sí";"Período en curso con estado Backlog.";"No Evaluado";"";"0";"P3";"BRSP04-CIE";"0";"0";"11b0d7d6-20e1-4c40-be8c-944dd015f529";""
"Migración Roles LI ICQA a Full";"REGIONAL";"jesmartinez";"Visualizador";"Proyecto principal";"Implement";"18";"No";"No";"";"No Evaluado";"";"0";"P2";"PD Logistica Inversa";"0";"0";"0d120deb-a506-403d-aed4-dd6d79c851ba";""
"Carrinho de TV - Suporte MG04";"REGIONAL";"lbaratella";"Visualizador";"Proyecto principal";"Develop";"18";"No";"No";"";"No Evaluado";"";"0";"";"MTM IB – OB – PERFORMANCE MANAGEMENT";"0";"0";"0ca811b4-3ea1-4779-8985-6195f25dc09e";""
"[Q325] Diseño DMO 2.0 Inbound";"CLRM03";"gvelascopere";"Visualizador";"Proyecto principal";"POC";"19";"No";"No";"";"No Evaluado";"";"0";"";"CLRM03-CIE";"132000";"1-500";"09bedcc9-904c-4c25-a7d0-9d41fc28f2ec";""
"Novos Produtos com Baterias de Ltio em Meli Air";"REGIONAL";"sabmedina";"Visualizador";"Proyecto principal";"Implement";"15";"Sí";"No";"";"No Evaluado";"";"0";"P1";"PD Outbound";"0";"0";"0f92d6bb-0464-42e9-a5b7-c7cfa8841b67";""
"Redução do envio de HU´s duplicadas";"BRSP09";"jacardoso";"Visualizador";"Proyecto principal";"6. Proyecto Finalizado";"17";"Sí";"No";"";"No Evaluado";"";"0";"P1";"BRSP09-OC";"0";"0";"05112f8c-03af-45d4-a3e0-97f31255c446";""
"Estruturas para processo de Salvados Mega Barueri";"REGIONAL";"marcicarvalh";"Visualizador";"Proyecto principal";"";"";"No";"No";"";"No Evaluado";"";"0";"";"PD MTM Robotics & Layout";"0";"0";"05536f1c-0a99-4367-af26-2c77957b8ed1";""
"Ajuste de Stock en WMS (Prender MLB)";"BRSP19";"llyhmkus";"Visualizador";"Proyecto ramificado";"5. Sustentabilidad";"15";"No";"No";"";"No Evaluado";"";"0";"Roll Out  P2";"BRSP18-CIE";"0";"0";"03a347c3-b304-446b-abf9-7b833a4878d7";""
"[INBOUND]  Permitir put away por peça de um pallet TI-HI";"BRMG01";"nodestro";"Visualizador";"Proyecto ramificado";"Implement";"18";"No";"No";"";"No Evaluado";"";"0";"Roll Out";"BRMG01-CIE";"0";"0";"0d3a7689-6842-497f-8b97-fdceae1d70b7";""
"Plan RC en FC";"REGIONAL";"";"Visualizador";"Proyecto principal";"MVP";"15";"Sí";"No";"";"No Evaluado";"";"0";"Systemic  P1";"PD Inbound";"0";"0";"0aad14c7-bcbc-411a-9e0e-d2ec2fd4297c";""
"LMS-  Actualización en el Proceso de Picking (SSKU)";"MXNL01";"carlramos";"Visualizador";"Proyecto ramificado";"";"";"No";"No";"";"No Evaluado";"";"0";"Roll Out";"MXNL01-CIE";"0";"0";"135c6461-c4ff-4d30-aae4-976814d1b519";""
"Métricas de calidad en el apartado "Mi rendimiento"";"REGIONAL";"eliarrua";"Visualizador";"Proyecto principal";"";"";"No";"No";"";"No Evaluado";"";"0";"";"PD Performance Management";"0";"0";"124bcb60-ced5-4283-8035-0b1ab5e23aba";""
"[CIE] Q3/2025 Rebocador Picking RK";"BRSP11";"thaparecida";"Visualizador";"Proyecto principal";"6. Proyecto Finalizado";"19";"No";"No";"";"No Evaluado";"";"0";"";"BRSP11-CIE";"0";"0";"095c3008-f1dc-4277-872c-9afd2d7c5824";""
"MXYU01: Rediseño de bines 5.1 y 6.1 (Tope trasero) ";"REGIONAL";"garenas";"Visualizador";"Proyecto principal";"MVP";"17";"Sí";"No";"";"No Evaluado";"";"0";"Non-Systemic";"PD MTM Storage Solution";"0";"0";"114773d5-39ce-4bb6-8254-c87364e1f47f";""
"Adherencia a RTD's (Mesa INP y Cubiscan)";"MXNL01";"ghinojosaand";"Visualizador";"Proyecto principal";"Implement";"15";"No";"No";"";"No Evaluado";"";"0";"";"MXNL01-CIE";"0";"0";"04d6b577-880c-4e5e-819e-3d8dfb195e10";""
"Lost em BS";"REGIONAL";"pmarches";"Visualizador";"Proyecto principal";"";"";"No";"No";"";"No Evaluado";"";"0";"";"PD Outbound";"0";"0";"0f85fa3a-4a03-479f-b7a3-be7854941e5a";""
"Visibilidad Tot y NT en reporte de SLA";"REGIONAL";"holopez";"Visualizador";"Proyecto principal";"Implement";"14";"Sí";"No";"";"No Evaluado";"";"0";"";"PD Inbound";"0";"0";"12380ef4-e23b-4c7f-8d1c-e99175271755";""
"BIG TOTABLE MLB";"BRSP26";"micssantana";"Visualizador";"Proyecto ramificado";"Implement";"14";"No";"Sí";"Período en curso con estado Backlog.";"No Evaluado";"";"0";"Roll Out";"BRSP26-CIE";"0";"0";"05e9124f-5e40-4948-bd34-76ab33fb8b2b";""
"Redesign RC | E2E";"REGIONAL";"gtanferre";"Visualizador";"Proyecto principal";"";"";"No";"No";"";"No Evaluado";"";"0";"";"PD Inbound";"0";"0";"0953474c-fe8b-41d8-be01-b1792ffb1f27";""
"Painel HCM (Presentismo)";"REGIONAL";"adrsato";"Visualizador";"Proyecto principal";"5. Sustentabilidad";"14";"Sí";"Sí";"Período en curso con estado Backlog.";"No Evaluado";"";"1";"C2  P1";"PD Performance Management";"0";"0";"00d88713-0e84-4b79-a7ca-ea7ba6819bf5";""
"MLM - Protección para Vino - Innovación";"REGIONAL";"esanchezmari";"Visualizador";"Proyecto principal";"MVP";"15";"No";"No";"";"No Evaluado";"";"0";"P1";"PD MTM Packaging";"0";"0";"0dde5d91-439e-4a64-a368-11d81c0ec6d9";""
"CAJONERAS NIVEL 4 MEZANINO";"BRRJ02";"eduarlima";"Visualizador";"Proyecto ramificado";"Implement";"19";"No";"No";"";"No Evaluado";"";"0";"Roll Out";"BRRJ02-CIE";"0";"0";"113d5fe9-2847-481f-864b-53a8bee65e99";""
"Recibo de confianza [Piloto]";"MXCD05";"marcosgomez";"Visualizador";"Proyecto ramificado";"MVP";"15";"No";"No";"";"No Evaluado";"";"0";"";"MXCD05-CIE";"0";"0";"04400d14-1d77-473c-9c31-2a666d9ba34a";""
"Ring scanner - shipping";"ARBA01";"flizarraga";"Visualizador";"Proyecto principal";"MVP";"15";"No";"No";"";"No Evaluado";"";"0";"";"ARBA01-CIE";"0";"0";"00d73b91-97bb-4ab2-a5b4-a2989647091a";""
"Eliminacin de ubicaciones virtuales - Trazabilidad de productos QPs";"REGIONAL";"edssantos";"Visualizador";"Proyecto principal";"Implement";"15";"Sí";"No";"";"No Evaluado";"";"0";"P1";"PD Outbound";"0";"0";"0e0186fc-809d-4668-8f5f-bb087a14a7ea";""
"Embalagem para Proteção de TVs";"REGIONAL";"gfrazato";"Visualizador";"Proyecto principal";"MVP";"18";"No";"No";"";"No Evaluado";"";"0";"";"PD MTM Packaging";"0";"0";"13b51d87-e353-4d44-9d0e-51b594d9d8bb";""
"Integración de IO con Direct Check in";"MXYU01";"ghernandez";"Visualizador";"Proyecto ramificado";"5. Sustentabilidad";"14";"No";"Sí";"Período en curso con estado Backlog.";"No Evaluado";"";"0";"Roll Out  P2";"MXYU01-CIE";"0";"0";"0eba04fa-527b-4fe4-8dbe-ba9fff51b9e3";""
"Buffers Pre PA";"BRMG01";"amclemente";"Visualizador";"Proyecto ramificado";"5. Sustentabilidad";"15";"No";"No";"";"No Evaluado";"";"0";"P1";"BRMG01-CIE";"0";"0";"0c72aa2b-dc42-4914-b388-20f4f407e4ad";""
"Login / Incio de Sessão com uso de QR Code";"BRMG02";"abrielsilvei";"Visualizador";"Proyecto ramificado";"6. Proyecto Finalizado";"14";"Sí";"No";"";"No Evaluado";"";"0";"Roll Out";"BRMG02-CIE";"0";"0";"04aca05f-e90b-4d8a-b10b-e44e7666b479";""
"Automatização do Report de Fraude na Triagem de ENOEs";"MXNL02";"eurodriguez";"Visualizador";"Proyecto ramificado";"5. Sustentabilidad";"14";"No";"Sí";"Período en curso con estado Backlog.";"No Evaluado";"";"0";"C2  Roll Out  Systemic  P1";"Sin equipo";"0";"0";"0d0433d3-e3a5-4bd4-96f8-92816af9783a";""
"Estandarização forma de teste bluetooth em triagem";"COCU02";"jarevalorema";"Visualizador";"Proyecto ramificado";"Implement";"14";"No";"Sí";"Período en curso con estado Backlog.";"No Evaluado";"";"0";"Roll Out  Systemic  P2";"Cono Sur-Log Inversa";"0";"0";"132ee99f-14f0-47de-89fe-ef4d116132d8";""
"Integración de IO con Direct Check in";"MXRC03";"lhernandezag";"Visualizador";"Proyecto ramificado";"5. Sustentabilidad";"14";"No";"Sí";"Período en curso con estado Backlog.";"No Evaluado";"";"0";"Roll Out  P2";"MXRC03-CIE";"0";"0";"02eff06c-8703-40d7-bc21-bfcec3515396";""
"Implementação de Gestão Visual de FIFO com Placas - Triagem";"BRTC01";"lguizardi";"Visualizador";"Proyecto principal";"MVP";"15";"No";"No";"";"No Evaluado";"";"0";"Non-Systemic";"MLB-Log Inversa";"382220.81";"1-500";"05df94da-f755-44e6-b719-f7a397c2c466";""
"Mochilas Multishipment";"ARBA01";"flizarraga";"Visualizador";"Proyecto principal";"5. Sustentabilidad";"15";"No";"No";"";"No Evaluado";"";"0";"";"ARBA01-CIE";"0";"0";"062b28f0-eae4-475f-bc65-369585f1715d";""
"RFID para transfer + decanting";"MXCD02";"ahcarmona";"Visualizador";"Proyecto ramificado";"Implement";"15";"Sí";"No";"";"No Evaluado";"";"0";"Roll Out";"MXCD02-CIE";"0";"0";"0b1257f1-e98e-4388-a4cf-8e859b5f8327";""
"[Q3 - 2026] - [FOS PD] Linearización AM/PM";"FOS";"dcandia";"Visualizador";"Proyecto principal";"Implement";"15";"No";"No";"";"No Evaluado";"";"0";"";"FOS-Regional";"0";"0";"05905f06-8c7c-44fd-97e1-3e53a1eb00a5";""
"[Q425][Q225][Q325] Optimización de puntos de fichada [#2]";"CLRM03";"gvelascopere";"Visualizador";"Proyecto principal";"6. Proyecto Finalizado";"19";"No";"No";"";"No Evaluado";"";"0";"";"CLRM03-CIE";"25000";"1-500";"037581fd-3d55-4a44-bfea-f0e87c092245";""
"Teste mejoras meli Axis";"MXALP1";"onascimento";"Visualizador";"Proyecto ramificado";"6. Proyecto Finalizado";"14";"Sí";"Sí";"Período en curso con estado Backlog.";"No Evaluado";"";"0";"C3  Roll Out";"Digital Solutions";"0";"0";"067a0d9e-5513-4e44-ae16-fa8bf24314a4";""
"BTCP-0005 Carrito Big totable 2.0";"MXCD02";"eposadas";"Visualizador";"Proyecto ramificado";"";"";"No";"No";"";"No Evaluado";"";"0";"C1  Roll Out";"Sin equipo";"0";"0";"07ce82b8-26e3-483c-906e-2a4b8ff770a0";""
"Álbum Be a Rep";"BRPE01";"helens";"Visualizador";"Proyecto principal";"POC";"14";"Sí";"No";"";"No Evaluado";"";"0";"P2";"BRPE01-OC";"0";"0";"0ab20653-ef7c-4d61-86f2-a2070f86a823";""
"Atualização no processo de recupero - Ola Regional YB";"BRXSP1";"";"Visualizador";"Proyecto principal";"Implement";"16";"Sí";"No";"";"No Evaluado";"";"0";"";"MLB-Log Inversa";"115";"1-500";"012912ab-7c05-4e91-92b1-0cb00092bda7";""
"Aumento de Produtividade Labeling SBA9";"BRBA02";"lkennedy";"Visualizador";"Proyecto principal";"MVP";"15";"Sí";"No";"";"No Evaluado";"";"0";"Non-Systemic";"BRBA02-CIE";"15000";"1-500";"046c6f80-a317-4968-b9a2-60bc06e1439a";""
"Alertas de saturación de ubicaciones en RK y HS";"MXTC01";"vpenareyes";"Visualizador";"Proyecto principal";"MVP";"15";"No";"No";"";"No Evaluado";"";"0";"P3";"MLM-Log Inversa";"0";"0";"0ffe3010-7d33-4cb1-8a0f-1c25f8e68320";""
"Quick Commerce";"REGIONAL";"estnari";"Visualizador";"Proyecto principal";"Iniciativa";"2";"No";"No";"";"No Evaluado";"";"0";"";"PD Logistica Inversa";"0";"0";"0dd7b477-a7a4-44dd-9a27-924a681953da";""
"Cartelería Criterios de Packing.";"ARBA01";"gcochi";"Visualizador";"Proyecto principal";"5. Sustentabilidad";"15";"No";"No";"";"No Evaluado";"";"0";"P3";"ARBA01-CIE";"0";"0";"0e08d834-819b-4f5f-a84c-37f5d115c01f";""
"HERMES — Catalogação de Rezagos e Salvados Não Sistêmicos";"BRSP09";"amiroli";"Visualizador";"Proyecto ramificado";"";"";"No";"No";"";"No Evaluado";"";"0";"C1  Roll Out  Non-Systemic  P1";"Sin equipo";"0";"0";"0a725b7f-acd2-4822-99cd-50df846801ef";""
"[Q126] Push To Talk Inbound";"CLRM03";"djamett";"Visualizador";"Proyecto principal";"5. Sustentabilidad";"19";"No";"No";"";"No Evaluado";"";"0";"";"CLRM03-CIE";"0";"0";"1046f7dc-53c9-44ae-974b-b4fc67b6b7fa";""
"Flujo unificado";"REGIONAL";"sabmedina";"Visualizador";"Proyecto principal";"";"";"No";"No";"";"No Evaluado";"";"0";"";"PD Outbound";"0";"0";"140c584b-34d4-4cfd-8b70-a0dea34c0874";""
"Samples";"REGIONAL";"pmarches";"Visualizador";"Proyecto principal";"";"";"No";"No";"";"No Evaluado";"";"0";"";"PD Outbound";"0";"0";"133ebb6b-2d0b-45d8-a7ea-af3e20e46f9e";""
"Gestão de Rotinas (Wow  5S  Gemba  Tier)";"BRSP14";"banselmo";"Visualizador";"Proyecto principal";"Iniciativa";"15";"No";"No";"";"No Evaluado";"";"0";"";"BRSP14-CIE";"0";"0";"02657f59-2007-40df-ac5f-0091e8c25877";""
"2.5 Acessos Contextuales - Be a Rep sin intervención de equipo ABM";"CLRM03";"gvelascopere";"Visualizador";"Proyecto ramificado";"5. Sustentabilidad";"18";"Sí";"No";"";"No Evaluado";"";"0";"Roll Out";"CLRM03-CIE";"0";"0";"0467cb74-f2f5-4666-8855-278484b6e915";""
"[Q3 - 2026] - Meliphone";"DX";"nlongobucco";"Visualizador";"Proyecto principal";"Implement";"14";"No";"Sí";"Período en curso con estado Backlog.";"No Evaluado";"";"0";"";"DX-Regional";"0";"0";"07a3016e-255a-4a1a-b0b3-2fe5171cd5b6";""
"Integridade de Itens High-Value";"BRTC01";"yanpereira";"Visualizador";"Proyecto principal";"5. Sustentabilidad";"18";"No";"No";"";"No Evaluado";"";"0";"Non-Systemic  P2";"BRTC01-OC";"0";"0";"0839bc98-705e-48c9-b185-b24c828703d7";""
"Pantallas Touch / Telas Touch";"REGIONAL";"lfinatti";"Visualizador";"Proyecto principal";"MVP";"18";"Sí";"No";"";"No Evaluado";"";"0";"";"PD MTM DMS";"0";"0";"0fa6467d-75ac-40b8-802e-3f7f4d682cff";""
"[Q3 - 2026] - Calculo indirecto de Pesca (No sistémico)";"LMS";"lianni";"Visualizador";"Proyecto principal";"Develop";"14";"Sí";"No";"";"No Evaluado";"";"0";"";"LMS-Regional";"0";"0";"00fee200-3005-400c-9574-628e06a1a7d9";""
"[Q3 - 2026] - Manga Pallet MLA 1.0";"REGIONAL";"fenavarro";"Visualizador";"Proyecto principal";"Implement";"14";"No";"Sí";"Período en curso con estado Backlog.";"No Evaluado";"";"0";"TIA";"Métodos de Carga & YMS";"0";"0";"113c3119-05e0-4d14-b828-c0005ce952b5";""
"Estandarización y sistema de alertas para proceso de Put Away";"MXTC01";"vpenareyes";"Visualizador";"Proyecto principal";"Implement";"14";"No";"Sí";"Período en curso con estado Backlog.";"No Evaluado";"";"0";"";"MLM-Log Inversa";"0";"0";"00dcf7db-9ce9-402b-b8b2-8ae2f494f5a3";""
"[Log Inv] Infos en packing (frgil  lquido  inflamable)";"REGIONAL";"acastellanos";"Visualizador";"Proyecto principal";"";"";"No";"No";"";"No Evaluado";"";"0";"P3";"PD Logistica Inversa";"0";"0";"02f39b5d-e617-4e79-a3de-94b278e8a897";""
"POC Loose Load Totable MLM";"MXRC03";"jorivero";"Visualizador";"Proyecto principal";"Develop";"15";"No";"No";"";"No Evaluado";"";"3";"P1";"MXRC03-CIE";"2340000";"1000+";"07572bf1-6008-49c3-862c-6d6f5a47a321";""
"Receiving de Lego para LI";"BRPR01";"wfalarz";"Visualizador";"Proyecto ramificado";"";"";"No";"No";"";"No Evaluado";"";"0";"C1  Roll Out  P1";"Sin equipo";"0";"0";"08307092-d3b1-4e29-9d5a-96a2cf8bd711";""
"[Q3 - 2026] - Colectas dedicadas de LM";"REGIONAL";"smarrari";"Visualizador";"Proyecto principal";"Implement";"14";"No";"Sí";"Período en curso con estado Backlog.";"No Evaluado";"";"0";"";"PyMs H&B y Inversa TTE";"0";"0";"04ba4eb4-467c-476d-bb94-fdab05bae51b";""
" Gestion MOI IB ";"MXCD05";"marcosgomez";"Visualizador";"Proyecto principal";"MVP";"14";"No";"Sí";"Período en curso con estado Backlog.";"No Evaluado";"";"0";"P1";"MXCD05-CIE";"0";"0";"038a124e-1b68-4f13-8000-654eab6a314f";""
"[Q3 2026] Novo Layout de MWH BRMG04";"BRMG04";"sealmeida";"Visualizador";"Proyecto principal";"Implement";"15";"No";"No";"";"No Evaluado";"";"0";"";"BRMG04-CIE";"0";"0";"00035999-d589-45f7-9fd9-f175b9568b00";""
"[Q3 - 2026] - Monitor de LM";"YMS";"oseanrodrigu";"Visualizador";"Proyecto principal";"Implement";"14";"No";"Sí";"Período en curso con estado Backlog.";"No Evaluado";"";"0";"";"YMS-Regional";"0";"0";"1326c6d1-7851-448d-a557-c4cb44a7eb21";""
"Sauron 2.0 Outbound SP04";"BRSP04";"brucorrea";"Visualizador";"Proyecto principal";"5. Sustentabilidad";"15";"No";"No";"";"No Evaluado";"";"0";"P1";"BRSP04-CIE";"456000";"1-500";"027e5ae2-41cd-4351-9bc7-ea58dd33d286";""
"MNRs";"Lean MLM";"dcastillejaa";"Visualizador";"Proyecto principal";"";"";"No";"No";"";"No Evaluado";"";"0";"";"Lean MLM-LOCAL";"0";"0";"05837590-69e4-409a-ae94-df477ac5d301";""
"Integración de IO con Direct Check in";"BRSC02";"alinesanto";"Visualizador";"Proyecto ramificado";"5. Sustentabilidad";"14";"No";"Sí";"Período en curso con estado Backlog.";"No Evaluado";"";"0";"Roll Out  P2";"BRSC02-CIE";"0";"0";"04963eda-d463-4198-b388-54a8ae6a5da4";""
"Rezagos | Definición de Flujo y RTDs";"REGIONAL";"joydutra";"Visualizador";"Proyecto principal";"";"";"No";"No";"";"No Evaluado";"";"0";"Non-Systemic  P2";"MTM IB – OB – PERFORMANCE MANAGEMENT";"0";"0";"0f760ce8-4fbf-4856-b610-92c8b92ea46f";""
"Etiqueta "Revisado por FBM"";"BRRC01";"angelnogueir";"Visualizador";"Proyecto ramificado";"";"";"No";"No";"";"Evaluado - Esperando información";"";"1";"Roll Out  P2";"BRRC01-CIE";"0";"0";"0dc9983f-540d-4045-a606-3ac7cc2c1143";""
"WI CPG con fecha de caducidad";"ARBA01";"gonflorez";"Visualizador";"Proyecto ramificado";"Implement";"14";"No";"Sí";"Período en curso con estado Backlog.";"No Evaluado";"";"0";"Roll Out  Systemic  P2";"Sin equipo";"0";"0";"09357a3a-f4c0-4540-ad53-cc4dd57a0665";""
"Reporte SLA Packed (Outbound)";"MXNL01";"carlramos";"Visualizador";"Proyecto ramificado";"6. Proyecto Finalizado";"14";"Sí";"No";"";"No Evaluado";"";"0";"Roll Out  P1";"MXNL01-CIE";"0";"0";"0e375ce4-c6ef-4c1f-bc12-de55cedf6558";""
"[Q3 - 2026] - Incidentes Operativos";"REGIONAL";"smarrari";"Visualizador";"Proyecto principal";"Implement";"14";"No";"Sí";"Período en curso con estado Backlog.";"No Evaluado";"";"0";"";"PyMs H&B y Inversa TTE";"0";"0";"0ef88205-ebd0-4e09-b969-041afedacf18";""
"IO - Batch Sorter";"MXBC01";"dperezmacari";"Visualizador";"Proyecto ramificado";"5. Sustentabilidad";"14";"Sí";"Sí";"Período en curso con estado Backlog.";"No Evaluado";"";"0";"Roll Out  P2";"Sin equipo";"0";"0";"0e201fd6-8e15-438f-b0cc-20c6a2863de2";""
"Layout para robotics";"REGIONAL";"rodpassos";"Visualizador";"Proyecto principal";"Implement";"18";"Sí";"No";"";"No Evaluado";"";"0";"P1";"Robotics & Automation";"0";"0";"05b7edec-cafa-4dbe-9c2e-e33d8bf905fb";""
"[Q3 - 2026] - Registro de dock out";"DX";"nlongobucco";"Visualizador";"Proyecto principal";"Implement";"14";"No";"Sí";"Período en curso con estado Backlog.";"No Evaluado";"";"0";"";"DX-Regional";"0";"0";"02ab7944-95a2-40f9-87f4-0ce2d20d8a08";""
"Integración Mercado Pago - Full SP02 (Wave 2) ";"REGIONAL";"aonofre";"Visualizador";"Proyecto principal";"POC";"18";"No";"No";"";"No Evaluado";"";"0";"P1";"MLM-Log Inversa";"0";"0";"0ac061ec-df4d-45b1-b0b4-3586a0d6f863";""
"[FOS - Expedition] - Deprecado de Input manual de doca";"REGIONAL";"sabmedina";"Visualizador";"Proyecto principal";"Implement";"14";"Sí";"No";"";"No Evaluado";"";"0";"P1";"PD Outbound";"0";"0";"13498bd9-c4f8-4574-9cf2-af11a9ebbf54";""
"IO - Putaway melhorias";"MXGT01";"promerovega";"Visualizador";"Proyecto ramificado";"5. Sustentabilidad";"14";"No";"Sí";"Período en curso con estado Backlog.";"No Evaluado";"";"0";"Roll Out  P2";"MXGT01-CIE";"0";"0";"06cbcff9-0bfc-4bab-a1cb-9d5fd2a0d6cd";""
"Picking Continuo - SSKU";"BRMG01";"wibernardes";"Visualizador";"Proyecto ramificado";"6. Proyecto Finalizado";"14";"Sí";"No";"";"No Evaluado";"";"0";"Roll Out";"BRMG01-CIE";"0";"0";"0330fdeb-230b-44bb-bd27-00a24d929a75";""
"Gift Wrap";"BRSP33";"kwasano";"Visualizador";"Proyecto ramificado";"Implement";"15";"No";"No";"";"No Evaluado";"";"0";"C3  Roll Out  Systemic  P1";"BRSP33-CIE";"0";"0";"068b7f7f-395e-4a05-9bcb-5b1d4bdc97c8";""
"[Q3 - 2026] - Q3 - Candado sistémico para ejecución de ambulancias";"LM";"ksarquiz";"Visualizador";"Proyecto principal";"POC";"14";"No";"Sí";"Período en curso con estado Backlog.";"No Evaluado";"";"0";"";"LM-Regional";"0";"0";"00cc379f-200d-4b27-b014-9dd322d914b9";""
"Seguimiento de Ordenes de compra";"REGIONAL";"angallegos";"Visualizador";"Proyecto principal";"Iniciativa";"2";"No";"No";"";"No Evaluado";"";"0";"";"RO Plan - MTM, ICQA e Cross";"0";"0";"12fde1c2-4e4a-4caa-ab58-a8e95d36f547";""
"LMS-  Actualización en el Proceso de Picking (SSKU)";"MXJC02";"fcapetillosi";"Visualizador";"Proyecto ramificado";"";"";"No";"No";"";"No Evaluado";"";"0";"Roll Out";"MXJC02-CIE";"0";"0";"0802a973-4c87-4e52-b022-b7f7f888a0a9";""
"Ajuste de Caja Máxima — MCO";"COCU02";"marrios";"Visualizador";"Proyecto principal";"";"";"No";"No";"";"No Evaluado";"";"0";"Systemic  P3";"PD Outbound";"0";"0";"0dc76928-a532-4979-8ee4-4aed5c2d85f0";""
"[FOS - Expedition] - Validacin de Ruta correcta para bloqueo de carga";"REGIONAL";"sabmedina";"Visualizador";"Proyecto principal";"6. Proyecto Finalizado";"15";"Sí";"No";"";"No Evaluado";"";"0";"P1";"PD Outbound";"0";"0";"0866a8a2-7d9c-4f6b-be96-947e10d18f70";""
"Teste ro 10-08";"MXAHM1";"jmejorada";"Visualizador";"Proyecto ramificado";"";"";"No";"No";"";"No Evaluado";"";"0";"C1  Roll Out";"Sin equipo";"0";"0";"0c064f3a-45a1-415c-889c-8c29302fcc13";""
"[Q1/26] - Carrinho de Picking de Volumosos";"BRSP11";"rteixeiramon";"Visualizador";"Proyecto principal";"MVP";"15";"No";"No";"";"No Evaluado";"";"0";"";"BRSP11-CIE";"70000";"1-500";"0a6271a8-5075-49f2-a59a-eb47916ece97";""
"[Q3 - 2026] - Q3 SVC-XD_Flow de Voluminoso MLC";"MTM";"llmmiranda";"Visualizador";"Proyecto principal";"Implement";"14";"No";"Sí";"Período en curso con estado Backlog.";"No Evaluado";"";"0";"";"MTM-Regional";"0";"0";"12db5848-b3a8-4e54-87f2-bb2f82b3fbfa";""
"MVP |  BOXI- nativo Picking";"MXCD12";"ksanchezzamo";"Visualizador";"Proyecto ramificado";"";"";"No";"No";"";"No Evaluado";"";"0";"Roll Out";"MXCD12-CIE";"0";"0";"06cad53c-7c0a-4b89-ad93-012508c212b9";""
"HERMES — Catalogação de Rezagos e Salvados Não Sistêmicos";"BRBA01";"gabaraujo";"Visualizador";"Proyecto ramificado";"";"";"No";"No";"";"No Evaluado";"";"0";"C1  Roll Out  Non-Systemic  P1";"Sin equipo";"0";"0";"04b74e4b-27ca-4c1b-a773-5f31d57fc73a";""
"Painel HCM (Presentismo)";"BRSP04";"odgoncalves";"Visualizador";"Proyecto ramificado";"5. Sustentabilidad";"14";"Sí";"Sí";"Período en curso con estado Backlog.";"No Evaluado";"";"0";"C2  Roll Out  P1";"BRSP04-CIE";"0";"0";"0af304b0-077e-4156-ac67-00e323cfe6b6";""
"[Q3 2026] Melhorias Sistêmica de MWH";"BRMG03";"sealmeida";"Visualizador";"Proyecto principal";"Implement";"15";"No";"No";"";"No Evaluado";"";"0";"Systemic";"BRMG04-CIE";"0";"0";"025f9060-a7e7-4ede-8925-d20f609cb6ba";""
"Picking Continuo - Drop Off";"BRSP24";"rhaag";"Visualizador";"Proyecto ramificado";"";"";"No";"No";"";"No Evaluado";"";"0";"C2  Roll Out  Systemic  P2";"Metros";"0";"0";"137eac58-49dd-4526-830d-77354057610b";""
"Process Path Retiros";"MXJC01";"diegomez";"Visualizador";"Proyecto ramificado";"";"";"No";"No";"";"No Evaluado";"";"0";"Roll Out  P3";"MXJC01-CIE";"0";"0";"0cffc383-da58-43d6-8469-62b14c2db718";""
"[LI] Triage | Criação de Playbook";"REGIONAL";"lucamoraes";"Visualizador";"Proyecto principal";"Develop";"14";"Sí";"No";"";"No Evaluado";"";"0";"";"MTM IB – OB – PERFORMANCE MANAGEMENT";"0";"0";"0d0301c9-ac21-48c8-9437-9f6fe9d3ce00";""
"Estação de Treinamento";"BRTC01";"btorres";"Visualizador";"Proyecto principal";"";"";"No";"No";"";"No Evaluado";"";"0";"";"BRTC01-OC";"0";"0";"0a130a24-07eb-4a78-b39b-9237028ee507";""
"[Q3 - 2026] - Despacho PA";"REGIONAL";"sabmedina";"Visualizador";"Proyecto principal";"Develop";"14";"Sí";"Sí";"Período en curso con estado Backlog.";"No Evaluado";"";"0";"";"PD FOS";"0";"0";"11fbdbd8-fcbf-498b-8700-21ba3977977b";""
"IO - Inbound Audit";"BRPE01";"mtiburcio";"Visualizador";"Proyecto ramificado";"";"";"No";"No";"";"No Evaluado";"";"0";"Roll Out  P2";"BRPE01-CIE";"0";"0";"09de2fc2-2e6c-4a1e-8bb3-cc6e3d5f47c9";""
"DUPLICADO - Implementación Conveyors FBM: MXJC01 (DAMON) ";"REGIONAL";"kamdsouza";"Visualizador";"Proyecto principal";"Implement";"14";"No";"Sí";"Período en curso con estado Backlog.";"No Evaluado";"";"0";"";"Robotics & Automation";"0";"0";"0db9200f-c66b-44f5-9f42-29f011d7cc41";""
"Ajuste de Stock en WMS (Prender MLB)";"BRRJ02";"beatcarvalho";"Visualizador";"Proyecto ramificado";"5. Sustentabilidad";"15";"No";"No";"";"No Evaluado";"";"0";"Roll Out  P2";"BRRJ02-CIE";"0";"0";"089da527-b123-49be-b472-120c36fa50f7";""
"Alertas tempranas Backlog Inbound";"COCU02";"ext_cammaldo";"Visualizador";"Proyecto principal";"6. Proyecto Finalizado";"15";"Sí";"No";"";"No Evaluado";"";"0";"";"COCU02-CIE";"0";"0";"0b895d31-a08f-44a0-887a-e79aaadd5541";""
"Múltiplas Sessões em um Batch – Tratamento de Erro e Reatribuição de Tote";"REGIONAL";"pmarches";"Visualizador";"Proyecto principal";"";"";"No";"No";"";"No Evaluado";"";"0";"";"PD Outbound";"0";"0";"11fc1692-3bfe-46c6-ad72-38979c593773";""
"Truckfullness - Fase 1";"BRMG03";"hhendsuzuki";"Visualizador";"Proyecto ramificado";"5. Sustentabilidad";"19";"No";"No";"";"No Evaluado";"";"0";"Roll Out";"BRMG03-CIE";"0";"0";"08b1efde-7f9a-46fc-af36-4fdf29cb3f10";""
"Receiving de Lego para LI";"BRSP18";"llyhmkus";"Visualizador";"Proyecto ramificado";"";"";"No";"No";"";"No Evaluado";"";"0";"C1  Roll Out  P1";"Sin equipo";"0";"0";"09891409-159d-4e8c-b4cb-7d89c32bedbe";""
"Similaridad de Productos en Bins";"REGIONAL";"edudasilva";"Visualizador";"Proyecto principal";"Develop";"14";"Sí";"No";"";"No Evaluado";"";"1";"";"PD ICQA";"0";"0";"0389459b-fb30-48ec-b9e8-569e73527657";""
"W-1 Gerencial RCs";"REGIONAL";"vvoliveira";"Visualizador";"Proyecto principal";"Implement";"15";"No";"No";"";"No Evaluado";"";"0";"";"Flow";"0";"0";"05ea0b5a-7b8f-4ffd-85c6-ad8193cee359";""
"[FOS - Assembly] - MLF intregacin LMS";"REGIONAL";"sabmedina";"Visualizador";"Proyecto principal";"Develop";"15";"Sí";"No";"";"No Evaluado";"";"0";"P2";"PD Outbound";"0";"0";"05ad2c04-27cf-4645-b50a-921ac450c181";""
"AMR";"BRSP10";"gcortijo";"Visualizador";"Proyecto principal";"MVP";"15";"No";"No";"";"No Evaluado";"";"0";"";"BRSP10-CIE";"0";"0";"004eef12-321e-433a-9288-8f8ccf6dfbea";""
"Picking Continuo Lego - Roll Out 2.0";"COCU02";"jhcontreras";"Visualizador";"Proyecto ramificado";"5. Sustentabilidad";"14";"Sí";"Sí";"Período en curso con estado Backlog.";"No Evaluado";"";"0";"Roll Out  P1";"COCU02-CIE";"0";"0";"04f63d46-d9c9-4595-bd94-9b3743c32d65";""
"(WF) Actualizar WI de anlisis de Conciliacion Global";"REGIONAL";"dlameu";"Visualizador";"Proyecto principal";"Develop";"15";"Sí";"No";"";"No Evaluado";"";"0";"Non-Systemic  P3";"PD ICQA";"0";"0";"12df2e07-632d-427d-8fa4-de4974b233eb";""
"Sauron Quick Wins";"MXRC03";"jorivero";"Visualizador";"Proyecto ramificado";"5. Sustentabilidad";"14";"Sí";"Sí";"Período en curso con estado Backlog.";"No Evaluado";"";"3";"P1";"MXRC03-CIE";"0";"0";"0f581800-61e5-4360-8d0d-72d11ede3b1d";""
"Heatmap 3.0 Fase 2";"COCU02";"ext_mamashly";"Visualizador";"Proyecto ramificado";"5. Sustentabilidad";"15";"No";"No";"";"No Evaluado";"";"0";"Roll Out  P2";"COCU02-CIE";"0";"0";"06d4a4ee-8b4a-40a6-a6e2-7692cb1fe77f";""
"Takeover - ICQA - Workstaion Design";"REGIONAL";"josmoreno";"Visualizador";"Proyecto principal";"Develop";"18";"No";"No";"";"No Evaluado";"";"0";"P2";"Robotics & Automation";"0";"0";"0ab597c6-424e-4c35-aec6-ca2278f27a4d";""
"Rediseño flujo de Reposicion";"BRSC02";"rebsilva";"Visualizador";"Proyecto ramificado";"5. Sustentabilidad";"15";"Sí";"No";"";"No Evaluado";"";"0";"Roll Out  P1";"BRSC02-CIE";"0";"0";"0144918a-d6d1-4d90-bdad-67128d557e6f";""
"Definición de proceso REZAGOS";"REGIONAL";"francimartin";"Visualizador";"Proyecto principal";"5. Sustentabilidad";"14";"Sí";"Sí";"Período en curso con estado Backlog.";"No Evaluado";"";"0";"P2";"MLM-Log Inversa";"0";"0";"0d2023a4-7f74-4738-aa56-760faa272688";""
"Calidad Operativa (TEO) para LI";"REGIONAL";"javiergonzal";"Visualizador";"Proyecto principal";"Develop";"17";"Sí";"No";"";"No Evaluado";"";"0";"";"PD Logistica Inversa";"0";"0";"0bf00a4d-48a8-4b11-bf19-cb7e52d46baf";""
"Picking Continuo - SSKU";"BRSP18";"wenmoura";"Visualizador";"Proyecto ramificado";"5. Sustentabilidad";"15";"No";"No";"";"No Evaluado";"";"0";"Roll Out";"BRSP18-CIE";"0";"0";"0c1da02e-d99d-4e4b-b1bf-2f053bb2f19a";""
"Instalação da nova espinha SUPER (G100)";"BRBA01";"nssouza";"Visualizador";"Proyecto principal";"6. Proyecto Finalizado";"14";"No";"Sí";"Período en curso con estado Backlog.";"No Evaluado";"";"0";"P2";"BRBA01-CIE";"10000";"1-500";"0b3ffbaa-0857-4c6e-a352-1569ffb94d23";""
"Automatização do Report de Fraude na Triagem de ENOEs";"ARBA04";"tspath";"Visualizador";"Proyecto ramificado";"5. Sustentabilidad";"14";"No";"Sí";"Período en curso con estado Backlog.";"No Evaluado";"";"0";"C2  Roll Out  Systemic  P1";"Sin equipo";"0";"0";"0b215348-689a-48a6-b3be-1dd081835ca7";""
"Reporte SLA Packed (Outbound)";"MXJC01";"secheverria";"Visualizador";"Proyecto ramificado";"6. Proyecto Finalizado";"14";"Sí";"No";"";"No Evaluado";"";"0";"P1";"MXJC01-CIE";"0";"0";"0d8008f0-e3c4-4327-82be-7d399a454a44";""
"Ociosidad por atributos- experiencia";"REGIONAL";"eliarrua";"Visualizador";"Proyecto principal";"Implement";"15";"Sí";"No";"";"No Evaluado";"";"1";"P3";"PD Performance Management";"0";"0";"0f40a3d6-8ce4-4b3f-b75a-a6698fd025cc";""
"Projeto de viabilidade - Packing Machine";"BRPR01";"wfalarz";"Visualizador";"Proyecto principal";"Develop";"18";"No";"No";"";"No Evaluado";"";"0";"";"BRPR01-CIE";"0";"0";"0cede26d-f673-4998-96e2-df5c044c9847";""
"Substituição de Fillpack";"BRSP06";"gavasconcelo";"Visualizador";"Proyecto principal";"Implement";"14";"No";"Sí";"Período en curso con estado Backlog.";"No Evaluado";"";"0";"";"BRSP06-CIE";"0";"0";"1214f249-255b-418b-b48e-2ab4623f95ca";""
"Picking Continuo - Drop Off";"BRSP25";"brebarreto";"Visualizador";"Proyecto ramificado";"";"";"No";"No";"";"No Evaluado";"";"0";"C2  Roll Out  Systemic  P2";"BRSP25-CIE";"0";"0";"081e1816-b8e4-4177-ae3b-68cbcc33555f";""
"HERMES — Catalogação de Rezagos e Salvados Não Sistêmicos";"BRSP21";"hhendsuzuki";"Visualizador";"Proyecto ramificado";"";"";"No";"No";"";"No Evaluado";"";"0";"C1  Roll Out  Non-Systemic  P1";"Sin equipo";"0";"0";"13c7f677-611e-414d-bd56-8433c0ec0278";""
"Roll out |  Novas regras de Direct Check In no IS Visualizator";"BRBA01";"nssouza";"Visualizador";"Proyecto ramificado";"";"";"No";"No";"";"No Evaluado";"";"0";"Roll Out";"BRBA01-CIE";"0";"0";"05416e9a-98cd-4162-8f67-74f8a8466127";""
"App Conteos Mangapallets RFID";"BRSP18";"wenmoura";"Visualizador";"Proyecto ramificado";"Implement";"15";"No";"No";"";"No Evaluado";"";"0";"C2  Roll Out  P1";"Sin equipo";"0";"0";"02ba0957-791d-40a4-9566-f9f34466e84b";""
"[Q3 - 2026] - Expansión devos con colecta en XP´s";"REGIONAL";"smarrari";"Visualizador";"Proyecto principal";"Implement";"14";"Sí";"Sí";"Período en curso con estado Backlog.";"No Evaluado";"";"0";"";"PyMs H&B y Inversa TTE";"0";"0";"0ceaa767-6a1b-4051-9b7d-39de1c948217";""
"MLF em MWH";"BRSP06";"gavasconcelo";"Visualizador";"Proyecto principal";"5. Sustentabilidad";"19";"No";"No";"";"No Evaluado";"";"0";"";"BRSP06-CIE";"0";"0";"02b90ddb-ce48-4a1b-8811-235c2533be19";""
"Metros - Pick to ship para Totable";"REGIONAL";"dsalcedo";"Visualizador";"Proyecto principal";"MVP";"15";"Sí";"No";"";"No Evaluado";"";"0";"Non-Systemic  P2";"PD Logistica Inversa";"0";"0";"056478e7-658f-45cc-88b7-83f8b78c34f6";""
"[Q3 - 2026] - D-1";"Fleet Planning";"arcastro";"Visualizador";"Proyecto principal";"Discovery";"14";"No";"Sí";"Período en curso con estado Backlog.";"No Evaluado";"";"0";"";"Fleet Planning-Regional";"0";"0";"0690f849-465a-4e75-8e09-1f4de9de5929";""
"Outbound ";"BRSP15";"rmarsantos";"Visualizador";"Proyecto principal";"Iniciativa";"15";"No";"No";"";"No Evaluado";"";"0";"";"BRSP15-CIE";"0";"0";"0f019a9b-f2be-41d9-a317-047d542d3ae6";""
"Deep Dive Singulation PTWC";"REGIONAL";"rtardem";"Visualizador";"Proyecto principal";"";"";"No";"No";"";"No Evaluado";"";"0";"";"PD MTM Robotics & Layout";"0";"0";"0e4ea05b-15fa-4d48-a23c-772ab51ec1a0";""
"Impressão de remito em etiquetas auto colantes";"REGIONAL";"";"Visualizador";"Proyecto principal";"";"";"No";"No";"";"No Evaluado";"";"0";"";"MLB-Log Inversa";"0";"0";"0bfd8cea-40fa-4381-a3a5-b2aab3a1d144";""
"Packing 3.0";"ARBA01";"gcochi";"Visualizador";"Proyecto principal";"Implement";"15";"No";"No";"";"No Evaluado";"";"0";"P2";"ARBA01-CIE";"124896";"1-500";"023f1eff-508f-49a4-92de-30f52d69a6d8";""
"Acesso Contextual - Mi Primero Proceso";"BRRC03";"angelnogueir";"Visualizador";"Proyecto ramificado";"5. Sustentabilidad";"14";"No";"Sí";"Período en curso con estado Backlog.";"No Evaluado";"";"0";"C1  Roll Out  P1";"Sin equipo";"0";"0";"13e8c5ab-eff8-4906-93c8-885a8aa67c7c";""
"Novos acessos para Rep e Problem Solver";"REGIONAL";"gabmoraes";"Visualizador";"Proyecto principal";"POC";"19";"No";"No";"";"No Evaluado";"";"0";"";"PD Performance Management";"0";"0";"125e87e2-8179-4b1c-ae2c-112973aacb3a";""
"Projeto → Bancada Packing Mono - 4.0";"REGIONAL";"degydio";"Visualizador";"Proyecto principal";"Discovery";"14";"No";"No";"";"No Evaluado";"";"0";"Non-Systemic  P2";"MTM IB – OB – PERFORMANCE MANAGEMENT";"0";"0";"033cb0f4-e37c-44df-b800-598a6d6d63f2";""
"Iterar desambiguación en Found por PI";"CLRM03";"dipina";"Visualizador";"Proyecto ramificado";"Implement";"18";"No";"No";"";"No Evaluado";"";"0";"Systemic  P3";"CLRM03-CIE";"0";"0";"12052631-a8f3-4ec8-896d-8a6b83d03e4a";""
"[Dv] - Verdi";"REGIONAL";"gonflorez";"Visualizador";"Proyecto principal";"MVP";"18";"No";"No";"";"No Evaluado";"";"0";"";"Cono Sur-Log Inversa";"0";"0";"0838a542-432a-47c3-80e9-27c5f4248297";""
"Q3 Multi belt Sorter SMX9";"AUTOMATION";"tbosich";"Visualizador";"Proyecto principal";"Implement";"14";"No";"Sí";"Período en curso con estado Backlog.";"No Evaluado";"";"0";"";"AUTOMATION-Regional";"0";"0";"0bb6c899-dcb3-4ddb-932e-9d17f21d6b76";""
"Solução para docas mercado pago";"REGIONAL";"lguizardi";"Visualizador";"Proyecto principal";"Develop";"15";"Sí";"No";"";"No Evaluado";"";"0";"";"BRSP02-CIE";"19000";"1-500";"0b7e07e3-20d1-479b-8ac9-9ad19d4bef6a";""
"App Conteos Mangapallets RFID";"MXYU01";"mnolasconiev";"Visualizador";"Proyecto ramificado";"Implement";"15";"No";"No";"";"No Evaluado";"";"0";"C2  Roll Out  P1";"Sin equipo";"0";"0";"0bb093d2-a588-4091-b3f8-2082e8e79743";""
"Incorporar Proyectos en Plan de productividad 2027";"REGIONAL";"josmora";"Visualizador";"Proyecto principal";"Iniciativa";"15";"No";"No";"";"No Evaluado";"";"0";"";"OpEx Performance & Portfolio";"0";"0";"13e1bbe6-0fb8-4a5c-aaec-e7a75e3c8c06";""
"Actualización de Time Out Q2/2026";"MXNL01";"eurodriguez";"Visualizador";"Proyecto ramificado";"6. Proyecto Finalizado";"15";"Sí";"No";"";"No Evaluado";"";"0";"Roll Out";"MXNL01-CIE";"0";"0";"0c321a90-0222-4664-8343-66ad309e11f5";""
"RISE";"COCU02";"ext_cammaldo";"Visualizador";"Proyecto principal";"Iniciativa";"18";"No";"Sí";"Período marcado como Done con fecha de finalización en el futuro.";"No Evaluado";"";"0";"";"COCU02-CIE";"0";"0";"05f5f441-5b44-40fc-9b48-3070d2826408";""
"Expansion Chat Interno | In & Out & LI";"MXCD06";"meramirez";"Visualizador";"Proyecto ramificado";"";"";"No";"No";"";"No Evaluado";"";"0";"Roll Out";"MXCD06-CIE";"0";"0";"06d10f8e-a891-489a-8a72-883989b6345d";""
"Layout IB fase 1 ";"MXCD05";"marcosgomez";"Visualizador";"Proyecto principal";"6. Proyecto Finalizado";"18";"No";"Sí";"Etapa final concluida  pero el proyecto no está Finalizado/Cancelado.";"No Evaluado";"";"0";"P2";"MXCD05-CIE";"0";"0";"022d53a3-019e-4f38-83d3-bed9d28a828d";""
"Iniciativa MXCD06 (Contención vidrio)";"REGIONAL";"cibortolozzo";"Visualizador";"Proyecto principal";"Implement";"17";"Sí";"No";"";"No Evaluado";"";"0";"";"PD MTM Storage Solution";"0";"0";"006fcf42-60b7-4f60-ac82-9c2b6af24cf3";""
"test";"REGIONAL";"jmoralesgard";"Visualizador";"Proyecto principal";"";"";"No";"No";"";"No Evaluado";"";"0";"Non-Systemic  P1";"OpEx Performance & Portfolio";"0";"0";"0917d6e4-e709-45ed-9e01-a9a05e1ca939";""
"Redução de Ociosidade no Check-in";"BRRC02";"lumedeiross";"Visualizador";"Proyecto principal";"POC";"15";"No";"No";"";"No Evaluado";"";"2";"P2";"BRRC02-CIE";"24669";"1-500";"10fbb6e8-25f0-403a-82bd-d84b39adb96b";""
"Flow Rack Packing Retiros ";"REGIONAL";"lguizardi";"Visualizador";"Proyecto principal";"POC";"16";"Sí";"No";"";"No Evaluado";"";"0";"";"MLB-Log Inversa";"0";"0";"0b8fb1de-97f6-453b-afcb-76cf7eeb5d5b";""
"Packing Forçado CPG";"MXCD06";"digarcianiet";"Visualizador";"Proyecto ramificado";"5. Sustentabilidad";"15";"No";"No";"";"No Evaluado";"";"0";"Systemic  P1";"MXCD06-CIE";"0";"0";"13f8e50a-22b8-4a02-9052-3c91cb14ae2c";""
"Reporte SLA Packed (Outbound)";"BRBA02";"lkennedy";"Visualizador";"Proyecto ramificado";"5. Sustentabilidad";"15";"No";"No";"";"No Evaluado";"";"0";"Roll Out  P1";"BRBA02-CIE";"0";"0";"07d8d334-9f17-454c-a284-24ecdd08a2ab";""
"IO - Inbound Audit";"BRPR01";"ataschetto";"Visualizador";"Proyecto ramificado";"";"";"No";"No";"";"No Evaluado";"";"0";"Roll Out  P2";"BRPR01-CIE";"0";"0";"0d85dec0-bc5c-4589-ab94-09e51ba1e67e";""
"Criação de playbook para maquina de strech";"REGIONAL";"lbaratella";"Visualizador";"Proyecto principal";"Develop";"14";"Sí";"No";"";"No Evaluado";"";"0";"";"MTM IB – OB – PERFORMANCE MANAGEMENT";"0";"0";"076aae55-10cc-404f-b056-b8c86645dee3";""
"[Q3 - 2026] - [Q3 FOS Reports -OOT] Mejora / Actualización de Waterfall ";"FOS";"sarhernandez";"Visualizador";"Proyecto principal";"MVP";"14";"Sí";"Sí";"Período en curso con estado Backlog.";"No Evaluado";"";"1";"";"PD Stand-Regional";"0";"0";"1168d847-c855-45d8-9992-84f7822a9db7";""
"Found Packing";"REGIONAL";"pmarches";"Visualizador";"Proyecto principal";"6. Proyecto Finalizado";"15";"Sí";"No";"";"No Evaluado";"";"0";"";"PD Outbound";"0";"0";"093e3cf0-52e5-40e9-b494-1c92f1377152";""
"CBT - Retorno al origen Enoe´s";"REGIONAL";"smarrari";"Visualizador";"Proyecto principal";"Develop";"14";"Sí";"No";"";"No Evaluado";"";"0";"";"PD Logistica Inversa";"0";"0";"0943d7f0-37cb-4e44-ada7-0d1780ccf95b";""
"Cerberus";"BRMG03";"hhendsuzuki";"Visualizador";"Proyecto ramificado";"Implement";"14";"No";"Sí";"Período en curso con estado Backlog.";"No Evaluado";"";"0";"P3";"BRMG03-CIE";"0";"0";"110eb4bf-a438-4fd4-b0fa-cdac91668cbd";""
"Outbound";"BRMG01";"wibernardes";"Visualizador";"Proyecto principal";"Iniciativa";"2";"No";"No";"";"No Evaluado";"";"0";"";"BRMG01-CIE";"0";"0";"0244466b-6d6d-4e97-8745-45305377e347";""
"NO tomar en cuenta- Error de asignación alcance RO";"MXYU01";"";"Visualizador";"Proyecto principal";"";"";"No";"No";"";"No Evaluado";"";"0";"";"RO Planning Mexico";"0";"0";"0d19acce-aa21-4d26-bc47-5a2d7ea737d4";""
"Expansin de Packing Machine";"CLRM03";"salfaro";"Visualizador";"Proyecto ramificado";"";"";"No";"No";"";"No Evaluado";"";"0";"Roll Out";"CLRM03-CIE";"0";"0";"03ce8a57-362c-4f75-a6e8-f928275c6fc4";""
"Redução da Quantidade Bipagem de Box ID não bipada em Receiving";"CLRM03";"djamett";"Visualizador";"Proyecto ramificado";"5. Sustentabilidad";"14";"Sí";"No";"";"No Evaluado";"";"0";"C2  Roll Out  P2";"CLRM03-CIE";"0";"0";"06ee49fa-4331-424f-9ffc-06d463964aa9";""
"Melhoria Desgaste cabeça de Impressão - Packing Machine";"REGIONAL";"rodbraga";"Visualizador";"Proyecto principal";"Implement";"14";"Sí";"Sí";"Período en curso con estado Backlog.";"No Evaluado";"";"0";"P2";"MTM IB – OB – PERFORMANCE MANAGEMENT";"0";"0";"079066b6-84fe-4a26-8fd3-557d3b9c7d04";""
"Estandarización Problem Solver MLM";"Lean MLM";"dcastillejaa";"Visualizador";"Proyecto principal";"";"";"No";"No";"";"No Evaluado";"";"0";"";"Lean MLM-LOCAL";"0";"0";"0a846d31-23dc-4620-90af-e164df64a0cd";""
"Receiving de Lego para LI";"BRSP15";"rmarsantos";"Visualizador";"Proyecto ramificado";"";"";"No";"No";"";"No Evaluado";"";"0";"C1  Roll Out  P1";"Sin equipo";"0";"0";"06347da9-8cec-4224-b8a4-58ab2d3dac5b";""
"[Q3 - 2026] - [H&B - Multibultos Q3] Mejoras Sistémicas ";"REGIONAL";"aberto";"Visualizador";"Proyecto principal";"Implement";"14";"No";"Sí";"Período en curso con estado Backlog.";"No Evaluado";"";"0";"";"PyMs H&B y Inversa TTE";"0";"0";"05995823-f1fa-4db4-b12d-e1704a6d5695";""
"Automatização de Forecast";"REGIONAL";"crimendes";"Visualizador";"Proyecto principal";"5. Sustentabilidad";"14";"Sí";"Sí";"Período en curso con estado Backlog.";"No Evaluado";"";"0";"P3";"Flow";"0";"0";"0490b771-60ec-4b34-b539-08b7fc7ac585";""
"[Q3 - 2026] - Extra escalación MLA";"CROWD - EXTRA";"amoure";"Visualizador";"Proyecto principal";"Implement";"14";"No";"Sí";"Período en curso con estado Backlog.";"No Evaluado";"";"0";"";"CROWD - EXTRA-Regional";"0";"0";"0487bda3-c748-46b3-a926-03ac716881c1";""
"[Q3] [Packing returns] Reimpresión de etiquetas de shipping label (3er envio)";"REGIONAL";"acastellanos";"Visualizador";"Proyecto principal";"POC";"15";"No";"No";"";"No Evaluado";"";"0";"Systemic  P2";"PD Logistica Inversa";"0";"0";"0c9c7a3a-f4df-443e-a078-1c93adddc0f9";""
"Buffers Pre PA";"ARBA01";"tomasfernand";"Visualizador";"Proyecto ramificado";"5. Sustentabilidad";"18";"No";"No";"";"No Evaluado";"";"0";"P1";"ARBA01-CIE";"0";"0";"0080fc06-4e48-4da7-89a1-8103277477fd";""
"Detección Automática de Facility Sites Hibridos";"REGIONAL";"letialvarez";"Visualizador";"Proyecto principal";"MVP";"14";"Sí";"No";"";"No Evaluado";"";"0";"Systemic  P1";"PD Performance Management";"0";"0";"05769b17-bf33-4fa7-9259-d6b7af0f9e75";""
"[Q3 - 2026] - Q3 - Rostering Automatico";"LM";"ksarquiz";"Visualizador";"Proyecto principal";"Implement";"14";"No";"Sí";"Período en curso con estado Backlog.";"No Evaluado";"";"0";"";"LM-Regional";"0";"0";"08f6f627-7bce-4e3c-a644-c77e8685a698";""
"Treinamentos";"BRRC01";"amalsilva";"Visualizador";"Proyecto principal";"Iniciativa";"15";"No";"No";"";"No Evaluado";"";"0";"";"BRRC01-CIE";"0";"0";"1125ff07-9641-43bb-bd45-0ceb4ab74959";""
"PRUEBA";"ARBA04";"mbnavarro";"Visualizador";"Proyecto principal";"Iniciativa";"2";"No";"No";"";"No Evaluado";"";"0";"";"ARBA04-CIE";"0";"0";"0295a7b5-ad63-4f37-ade1-c6060835cb3e";""
"Gamification- Encendido insignias virtuales";"MXNL01";"eurodriguez";"Visualizador";"Proyecto ramificado";"";"";"No";"No";"";"No Evaluado";"";"0";"Roll Out";"MXNL01-CIE";"0";"0";"0d4fc1c2-e3b3-4040-be12-cd9ab9101001";""
"Product Data V3";"MXCD02";"ahcarmona";"Visualizador";"Proyecto ramificado";"6. Proyecto Finalizado";"14";"Sí";"No";"";"No Evaluado";"";"0";"Roll Out";"MXCD02-CIE";"0";"0";"11fdfe5d-f8b1-4d52-91e4-87482a0a3b54";""
"Pre-Work Reubicación de RK";"CLRM03";"dipina";"Visualizador";"Proyecto principal";"6. Proyecto Finalizado";"14";"Sí";"No";"";"No Evaluado";"";"0";"";"CLRM03-CIE";"0";"0";"09f6af2d-72b0-4535-9b6b-72a735cb828b";""
"Implementacion de Robots AMR";"ARBA04";"hlyon";"Visualizador";"Proyecto principal";"MVP";"15";"No";"No";"";"No Evaluado";"";"3";"";"ARBA04-CIE";"0";"0";"0483cf5f-c969-4a5b-9b97-ccb9ca22dab4";""
"Login / Incio de Sessão com uso de QR Code";"MXCD12";"exhernandezg";"Visualizador";"Proyecto ramificado";"5. Sustentabilidad";"18";"No";"No";"";"No Evaluado";"";"0";"Roll Out";"MXCD12-CIE";"0";"0";"06243da1-e8da-4d62-b78e-f636f5755cd8";""
"Acesso Contextual - Mi Primero Proceso";"BRSP18";"wenmoura";"Visualizador";"Proyecto ramificado";"5. Sustentabilidad";"14";"No";"Sí";"Período en curso con estado Backlog.";"No Evaluado";"";"0";"C1  Roll Out  P1";"Sin equipo";"0";"0";"019293f0-f78c-4b19-acfa-e7cdc58d0136";""
"Inbox unificado - MVP";"REGIONAL";"dlameu";"Visualizador";"Proyecto principal";"POC";"18";"No";"Sí";"Período marcado como Done con fecha de finalización en el futuro.";"No Evaluado";"";"0";"Systemic  P1";"PD ICQA";"0";"0";"0e311ecb-79fe-4f9f-bc3e-4c4f93fdf169";""
"Unidades "Fantasmas" - Creación de lotes de rezagos";"REGIONAL";"gragasini";"Visualizador";"Proyecto principal";"POC";"18";"No";"No";"";"No Evaluado";"";"0";"Systemic";"PD Logistica Inversa";"0";"0";"07a09d2b-c181-4a0b-8b10-b98092909556";""
"GNP- Transferencia MWH";"MXCD10";"oruizguevara";"Visualizador";"Proyecto ramificado";"";"";"No";"No";"";"No Evaluado";"";"0";"Roll Out";"MXCD10-CIE";"0";"0";"04f4d6d4-f783-4155-9fa6-53dc5bc54d0d";""
"[Q3 - 2026] - DASS - Priorización de rutas en Waves to Dispatch";"REGIONAL";"lgismondi";"Visualizador";"Proyecto principal";"Discovery";"14";"No";"Sí";"Período en curso con estado Backlog.";"No Evaluado";"";"0";"";"SVC & OTR Implementation";"0";"0";"0ee6ea9f-834c-4268-bd73-14440a378e6a";""
"Head Count Management - FBM";"BRPE01";"mtiburcio";"Visualizador";"Proyecto ramificado";"5. Sustentabilidad";"15";"No";"No";"";"No Evaluado";"";"0";"Roll Out  P1";"BRPE01-CIE";"0";"0";"02ba1e33-73a2-4de4-8e9a-d0cbfb9fb5e1";""
"[Q3 - 2026] - SD & Rutas Híbridas";"Nodeflow";"abisahernand";"Visualizador";"Proyecto principal";"MVP";"14";"No";"Sí";"Período en curso con estado Backlog.";"No Evaluado";"";"0";"";"Nodeflow-Regional";"0";"0";"09e49c23-4d04-4da0-bacd-ed21725e02f4";""
"PoC de Super Outbound";"REGIONAL";"alersouza";"Visualizador";"Proyecto principal";"Implement";"18";"No";"No";"";"No Evaluado";"";"0";"P1";"Robotics & Automation";"0";"0";"0e3fe7f6-d34a-4598-970b-551a5d5e23cb";""
"Cubing Validation en RC";"BRRC02";"angelnogueir";"Visualizador";"Proyecto ramificado";"Implement";"18";"No";"Sí";"Período en curso con estado Backlog.";"No Evaluado";"";"0";"Roll Out";"BRRC01-CIE";"0";"0";"025f78f8-bfac-44cc-927f-385f4be9c039";""
"Expansión de mangapallets 2026";"MXGT01";"jorgrangel";"Visualizador";"Proyecto principal";"5. Sustentabilidad";"15";"No";"No";"";"No Evaluado";"";"0";"";"MXGT01-CIE";"0";"0";"003784bd-b72f-470f-9150-c76f588feeb6";""
"Rezagos";"REGIONAL";"estnari";"Visualizador";"Proyecto principal";"Iniciativa";"2";"No";"No";"";"No Evaluado";"";"0";"";"PD Logistica Inversa";"0";"0";"0f5cb05c-03a0-4831-a57b-5b9af5ea80f5";""
"Ajuste de Stock en WMS (Prender MLB)";"BRBA01";"gabaraujo";"Visualizador";"Proyecto ramificado";"5. Sustentabilidad";"15";"No";"No";"";"No Evaluado";"";"0";"Roll Out  P2";"BRBA01-CIE";"0";"0";"12c9ce67-b132-492b-b045-9238a15b8869";""
"IO - Batch Sorter";"REGIONAL";"adrsato";"Visualizador";"Proyecto principal";"Implement";"15";"No";"No";"";"No Evaluado";"";"0";"P2";"PD Performance Management";"0";"0";"097d7f32-b0b9-4262-a23c-0b8a4071ccb0";""
"Inbound";"BRSP04";"odgoncalves";"Visualizador";"Proyecto principal";"Iniciativa";"2";"No";"No";"";"No Evaluado";"";"0";"";"BRSP04-CIE";"0";"0";"061cdd5d-eb5c-402e-83a8-3cff2349244e";""
"MLF en MWH";"REGIONAL";"hziggiatti";"Visualizador";"Proyecto principal";"Implement";"14";"Sí";"Sí";"Período en curso con estado Backlog.";"No Evaluado";"";"0";"Systemic";"CI Projects";"3000000";"1000+";"0511918f-4d35-413d-90c2-116f5443897a";""
"App Conteos Mangapallets RFID";"MXCD07";"yherrera";"Visualizador";"Proyecto ramificado";"";"";"No";"No";"";"No Evaluado";"";"0";"C2  Roll Out  P1";"Sin equipo";"0";"0";"0a5c4170-b195-4c4b-a85c-6e49d0fa6e98";""
"[Q325] Implementación cajoneras MZ [#3]";"CLRM03";"dipina";"Visualizador";"Proyecto principal";"6. Proyecto Finalizado";"14";"Sí";"No";"";"No Evaluado";"";"0";"";"CLRM03-CIE";"125000";"1-500";"0d37d0b9-cce6-489c-bec9-fe1365ce6da6";""
"MLF - Meli Air";"MXYU01";"ghernandez";"Visualizador";"Proyecto ramificado";"";"";"No";"No";"";"No Evaluado";"";"0";"Roll Out";"MXYU01-CIE";"0";"0";"016733eb-f5b5-4e8e-b29b-3dc41a4df13b";""
"Utilización de Pallets Plásticos";"MXJC01";"sabmedina";"Visualizador";"Proyecto principal";"";"";"No";"No";"";"No Evaluado";"";"0";"P1";"PD Outbound";"0";"0";"008c330b-35dd-4d9c-b3a0-d4ce78febbc6";""
"Reporte SLA Packed (Outbound)";"BRSP06";"gavasconcelo";"Visualizador";"Proyecto ramificado";"5. Sustentabilidad";"14";"No";"Sí";"Período en curso con estado Backlog.";"No Evaluado";"";"0";"Roll Out  P1";"BRSP06-CIE";"0";"0";"13b3dfd6-aff2-4fd9-96f5-e648debf39b2";""
"MLB Flyer Design";"BRSP15";"lanishida";"Visualizador";"Proyecto ramificado";"Implement";"15";"No";"No";"";"No Evaluado";"";"0";"Roll Out";"BRSP15-CIE";"0";"0";"0c7d33e6-a745-4d61-a589-8115b0fd476a";""
"Product Data V3";"MXCD12";"ksanchezzamo";"Visualizador";"Proyecto ramificado";"5. Sustentabilidad";"14";"Sí";"No";"";"No Evaluado";"";"0";"Roll Out";"MXCD12-CIE";"0";"0";"112159ce-29d5-4a66-b48f-c1723759e7a4";""
"IO - Reposition";"MXCD14";"ferortiz";"Visualizador";"Proyecto ramificado";"";"";"No";"No";"";"No Evaluado";"";"0";"Roll Out  P2";"MXCD14 -CIE";"0";"0";"0332b828-eeb9-461f-a996-97edc96ca17b";""
"Receiving de Lego para LI";"BRBA01";"gabaraujo";"Visualizador";"Proyecto ramificado";"";"";"No";"No";"";"No Evaluado";"";"0";"C1  Roll Out  P1";"Sin equipo";"0";"0";"07a2019f-0bd8-4f90-bfd0-5f4af2e8e95b";""
"[Q3 - 2026] - Q3 - Desenvolvimento e implementação da POC de DWS na PiMes Zone de XSP18 - Zona Sul";"REGIONAL";"ext_morenlea";"Visualizador";"Proyecto principal";"POC";"14";"No";"Sí";"Período en curso con estado Backlog.";"No Evaluado";"";"0";"";"PyMs H&B y Inversa TTE";"0";"0";"120afef7-e7b1-4f60-8665-a785c6a97f02";""
"[Q2/26] - Alteração Layout Armado de HU";"BRSP11";"rteixeiramon";"Visualizador";"Proyecto principal";"6. Proyecto Finalizado";"14";"Sí";"No";"";"No Evaluado";"";"0";"P2";"BRSP11-CIE";"30000";"1-500";"0e076e20-c8c0-4ced-bbc6-57b87464664b";""
"Gift Wrap";"BRSP04";"aguilhem";"Visualizador";"Proyecto ramificado";"Implement";"15";"No";"No";"";"No Evaluado";"";"0";"C3  Roll Out  Systemic  P1";"PD MTM Packaging";"0";"0";"11c9e8f0-95d2-4433-9283-5085eb4eed47";""
"Sprint Review - Quality PD";"REGIONAL";"crledesma";"Visualizador";"Proyecto principal";"Develop";"16";"Sí";"No";"";"No Evaluado";"";"3";"Non-Systemic";"PD ICQA";"0";"0";"0c4a3423-ea5f-4170-af1a-3613c0f9024e";""
"Crear ordenes de compra";"REGIONAL";"angallegos";"Visualizador";"Proyecto principal";"Iniciativa";"14";"No";"Sí";"Período en curso con estado Backlog.";"No Evaluado";"";"0";"";"RO Plan - MTM, ICQA e Cross";"0";"0";"102348f6-b77d-4333-a9bf-1d265a010795";""
"[Q3 - 2026] - Drop en Places - Habilitar en las operaciones con Colectas Dedicadas";"LM";"ampacheco";"Visualizador";"Proyecto principal";"MVP";"14";"No";"Sí";"Período en curso con estado Backlog.";"No Evaluado";"";"0";"";"LM-Regional";"0";"0";"044a1595-e72e-4aa2-9bab-8823b7b1b4d9";""
"Darkstore";"REGIONAL";"gfrazato";"Visualizador";"Proyecto principal";"Discovery";"18";"No";"No";"";"No Evaluado";"";"0";"";"PD MTM Packaging";"0";"0";"0fa17e3e-54fe-4fe0-b1f8-7e4fddd3aa75";""
"Implementación de manga pallets venta MXJC02";"MXJC02";"efraire";"Visualizador";"Proyecto principal";"Implement";"15";"No";"No";"";"No Evaluado";"";"0";"";"MXJC02-CIE";"0";"0";"101397b3-f7e1-4e22-8582-7a615053c60a";""
" S2P - Expansion: Playbook de implementacion";"REGIONAL";"josmoreno";"Visualizador";"Proyecto principal";"";"";"No";"No";"";"No Evaluado";"";"0";"";"Robotics & Automation";"0";"0";"01a235ff-b2ed-4294-852b-d5ba14edbe24";""
"Heat Map & Binfulness";"MXCD10";"misanchezaco";"Visualizador";"Proyecto principal";"MVP";"19";"No";"No";"";"No Evaluado";"";"0";"P2";"MXCD10-CIE";"0";"0";"10e5ffba-0003-4a8d-ba97-069c9e892d78";""
"[Q126-Q2] Esteira de check in";"BRMG02";"ebitarais";"Visualizador";"Proyecto principal";"6. Proyecto Finalizado";"14";"Sí";"No";"";"No Evaluado";"";"0";"P1";"BRMG02-CIE";"56806";"1-500";"09418cde-db89-4b06-ab1b-1e32e4538599";""
"IO - Inbound Audit";"BRSP04";"odgoncalves";"Visualizador";"Proyecto ramificado";"";"";"No";"No";"";"No Evaluado";"";"0";"Roll Out  P2";"BRSP04-CIE";"0";"0";"04175a0a-f07c-4c8f-83ba-0e7211ec3a32";""
"Multi IS em Check In";"MXCD14";"ferortiz";"Visualizador";"Proyecto ramificado";"5. Sustentabilidad";"19";"No";"No";"";"No Evaluado";"";"0";"Roll Out";"MXCD14 -CIE";"0";"0";"0ac8b39b-2840-4f50-b62c-93d29134c986";""
"Triage com IA";"REGIONAL";"dayapereira";"Visualizador";"Proyecto principal";"Implement";"18";"Sí";"Sí";"Período marcado como Done con fecha de finalización en el futuro.";"No Evaluado";"";"1";"Systemic  P1";"PD Logistica Inversa";"0";"0";"12cfe7dc-c79d-45e5-b765-a43e581c5c28";""
"Implementacion de Exoesqueletos";"REGIONAL";"cestradazazu";"Visualizador";"Proyecto principal";"Discovery";"15";"Sí";"No";"";"No Evaluado";"";"0";"";"PD MTM Robotics & Layout";"0";"0";"03424d5c-9d4e-4bad-82da-7cfead709c76";""
"WI Problem solver";"REGIONAL";"jesmartinez";"Visualizador";"Proyecto principal";"Discovery";"18";"No";"No";"";"No Evaluado";"";"0";"P3";"PD Logistica Inversa";"0";"0";"012ff24b-0380-4bde-a64d-c4cff928b5b5";""
"[Q3 - 2026] - Saca Std (MLA  MLM)";"MTM";"letiferreira";"Visualizador";"Proyecto principal";"MVP";"14";"No";"Sí";"Período en curso con estado Backlog.";"No Evaluado";"";"0";"";"MTM-Regional";"0";"0";"08fad42d-98d7-4d94-9b10-8fa6fe3f9d9c";""
"Integración Masiva de Incidentes Operativos";"BRSP10";"safialho";"Visualizador";"Proyecto ramificado";"5. Sustentabilidad";"18";"No";"Sí";"Período marcado como Done con fecha de finalización en el futuro.";"No Evaluado";"";"0";"Roll Out  P1";"BRSP10-CIE";"0";"0";"0670a1a1-d83d-4b37-b646-81a49db41de8";""
"Login / Incio de Sessão com uso de QR Code";"BRBA02";"lkennedy";"Visualizador";"Proyecto ramificado";"5. Sustentabilidad";"15";"No";"No";"";"No tengo evidencia del impacto en el negocio";"";"0";"Roll Out";"BRBA02-CIE";"0";"0";"0f50ea9c-b36c-4b49-9fc0-3d4a5b28edc7";""
" Otimização de atrelamento nos fingers";"BRMG03";"tucavalcanti";"Visualizador";"Proyecto principal";"5. Sustentabilidad";"15";"No";"No";"";"No Evaluado";"";"0";"";"BRMG03-CIE";"0";"0";"0e52b1ee-823d-4e46-8c8a-7c24a159bff8";""
"MLB - Gaylord 2.0 (Ecogaylord + Gaylord Pack Plus)";"REGIONAL";"gfrazato";"Visualizador";"Proyecto principal";"5. Sustentabilidad";"14";"Sí";"Sí";"Período en curso con estado Backlog.";"No Evaluado";"";"0";"";"PD MTM Packaging";"696000";"500-1000";"071e7273-3243-46ed-9a7b-7e6e6f6b50f3";""
"Carga a Granel NT";"MXCD11";"karenabigalo";"Visualizador";"Proyecto principal";"Implement";"15";"No";"No";"";"No Evaluado";"";"0";"";"MXCD11-CIE";"0";"0";"0634f6cf-89ba-4572-8632-f677ac7d95f4";""
"Ring Scanner en HS y RK";"CLRM03";"djamett";"Visualizador";"Proyecto principal";"MVP";"18";"No";"No";"";"No Evaluado";"";"0";"";"CLRM03-CIE";"0";"0";"066328ba-693a-4d82-bc7d-dba6347e1ce0";""
"Reactivación: zonas de resolución";"MXCD02";"ahcarmona";"Visualizador";"Proyecto principal";"5. Sustentabilidad";"15";"Sí";"No";"";"No Evaluado";"";"0";"";"MXCD02-CIE";"0";"0";"0f3f131b-aee5-456d-ada2-7088acb3661b";""
"Picking Continuo Lego - Roll Out 2.0";"CLRM03";"reruiz";"Visualizador";"Proyecto ramificado";"5. Sustentabilidad";"15";"No";"No";"";"No Evaluado";"";"0";"Roll Out  P1";"CLRM03-CIE";"0";"0";"024b851b-db59-49cf-b54c-2799d12141c3";""
"MXCD10 (DAMON) Automation Conveyors - Implementación";"MXCD10";"kamdsouza";"Visualizador";"Proyecto principal";"MVP";"15";"No";"No";"";"No Evaluado";"";"0";"Systemic  P1";"Robotics & Automation";"0";"0";"04598113-1cdb-4ee6-8132-287da64b7b05";""
"BIG TOTABLE MLB";"BRSP18";"andrlborges";"Visualizador";"Proyecto ramificado";"Implement";"15";"No";"No";"";"No Evaluado";"";"0";"Roll Out";"BRSP18-CIE";"0";"0";"063247c3-b4f8-4b58-83fa-b41a7279df91";""
"Bancada Sorting - Mecanizacion - LI";"REGIONAL";"lucamoraes";"Visualizador";"Proyecto principal";"Develop";"18";"No";"No";"";"No Evaluado";"";"0";"";"PD MTM Logistica Inversa";"0";"0";"10ff5ae4-3e3e-4c2b-b841-5ccd33df68e7";""
"Commingling BR";"REGIONAL";"adrmorales";"Visualizador";"Proyecto principal";"Implement";"18";"No";"No";"";"No Evaluado";"";"0";"";"PD ICQA";"0";"0";"0c590622-366f-4b0c-ac73-f0ca15654165";""
"Atención  de proveedores";"REGIONAL";"angallegos";"Visualizador";"Proyecto principal";"Iniciativa";"14";"No";"Sí";"Período en curso con estado Backlog.";"No Evaluado";"";"0";"";"RO Plan - In, LI, MP e Metros";"0";"0";"1349fa24-f8a5-4cb9-9fb2-c445011811b1";""
"Iterar desambiguación en Found por PI";"REGIONAL";"dlameu";"Visualizador";"Proyecto principal";"5. Sustentabilidad";"18";"No";"No";"";"No Evaluado";"";"0";"Systemic  P3";"PD ICQA";"625000";"500-1000";"087280a1-c9e6-481f-b06b-851b0e013b59";""
"Cubing Validation en RC";"BRRC03";"angelnogueir";"Visualizador";"Proyecto ramificado";"Implement";"15";"No";"No";"";"No Evaluado";"";"0";"Roll Out";"BRRC01-CIE";"0";"0";"0b959ebf-135c-4049-862a-5959eddf9d57";""
"[Q3/2026] Pick to ship all CAD";"BRSP11";"marcefonseca";"Visualizador";"Proyecto principal";"MVP";"15";"No";"No";"";"No Evaluado";"";"0";"";"BRSP11-CIE";"219337";"1-500";"03291eeb-9539-4301-ac50-3c55edb827c9";""
"[RO] [PACKING] [ARMADO DE HU] Nueva Bolsa Sacola CPG & GM";"REGIONAL";"paorequename";"Visualizador";"Proyecto principal";"Implement";"14";"Sí";"No";"";"No Evaluado";"";"0";"";"RO Planning CPG - RC";"0";"0";"0f2dfc22-c38f-4f39-89cf-60a7be1184ad";""
"Roll Out || Put Away Multi Unit";"MXNL01";"eurodriguez";"Visualizador";"Proyecto ramificado";"";"";"No";"No";"";"No Evaluado";"";"0";"Roll Out";"MXNL01-CIE";"0";"0";"1136d018-e66f-45fb-ace0-e178270d09f6";""
"[Q3 - 2026] - Q3 - [HCM] Scheduling post 5 dia util (UTR)";"HCM";"melsoares";"Visualizador";"Proyecto principal";"Implement";"14";"Sí";"Sí";"Período en curso con estado Backlog.";"No Evaluado";"";"0";"";"HCM-Regional";"0";"0";"10d28070-9a46-43e2-a643-fa3cf40075b3";""
"[LI] Triage H&B | Nuevas Categorias";"REGIONAL";"lucamoraes";"Visualizador";"Proyecto principal";"";"";"No";"No";"";"No Evaluado";"";"0";"";"MTM IB – OB – PERFORMANCE MANAGEMENT";"0";"0";"13f03a7c-4928-4a63-bcd7-17350ad01731";""
"HERMES — Catalogação de Rezagos e Salvados Não Sistêmicos";"BRRJ02";"beatcarvalho";"Visualizador";"Proyecto ramificado";"";"";"No";"No";"";"No Evaluado";"";"0";"C1  Roll Out  Non-Systemic  P1";"Sin equipo";"0";"0";"11f1ec1a-d1ee-4545-bfc8-282e5b9084df";""
"[Q3 - 2026 FULL] - MVP de HC Freeze.";"REGIONAL";"oseanrodrigu";"Visualizador";"Proyecto principal";"";"";"No";"No";"";"No Evaluado";"";"1";"P1";"Operational Excellence Transportation";"0";"0";"129ccb8b-7d35-4fa5-8469-853dd287c461";""
"IO - Inbound Audit";"BRSP15";"lanishida";"Visualizador";"Proyecto ramificado";"";"";"No";"No";"";"No Evaluado";"";"0";"Roll Out  P2";"BRSP15-CIE";"0";"0";"11930426-f075-447a-9f80-d86dbfbf9b2a";""
"Nuevo acceso a "Mi rendimiento" desde BOXI para Desktop ";"MXCD02";"";"Visualizador";"Proyecto ramificado";"";"";"No";"No";"";"No Evaluado";"";"0";"Roll Out  P3";"Sin equipo";"0";"0";"14228687-e223-40c0-97ca-0c31af3f6ef0";""
"Cambio en la Tool de Gestion de proveedores";"GROOT";"";"Visualizador";"Proyecto principal";"";"";"No";"No";"";"No Evaluado";"";"0";"";"GROOT-Regional";"0";"0";"143f3513-6d30-4c12-a836-88f687a8ce75";""
"NTM - Node Task Manager";"BRSP11";"";"Visualizador";"Proyecto ramificado";"";"";"No";"No";"";"No Evaluado";"";"0";"C1  Roll Out  Systemic  P1";"Sin equipo";"0";"0";"149b1ac1-a294-4eff-b08c-0a1a7a7e646b";""
"Nueva Meli SKU";"COCU02";"";"Visualizador";"Proyecto principal";"Implement";"17";"Sí";"No";"";"No Evaluado";"";"0";"";"RO Planning Brasil";"0";"0";"1538b8de-0a72-4db5-b3b4-97f01d06148e";""
"Ajuste de Caja Máxima Virtual MLM";"MXJC02";"";"Visualizador";"Proyecto ramificado";"";"";"No";"No";"";"No Evaluado";"";"0";"Roll Out  Systemic  P3";"Sin equipo";"0";"0";"156c8d0e-2615-463d-a369-a1a7145470f4";""
"App Conteos Mangapallets RFID";"MXAMD1";"";"Visualizador";"Proyecto ramificado";"";"";"No";"No";"";"No Evaluado";"";"0";"C2  Roll Out  P1";"Sin equipo";"0";"0";"1683e5fd-80e4-4567-918e-173e2c519551";""
"Nuevo acceso a "Mi rendimiento" desde BOXI para Desktop ";"BRADF1";"";"Visualizador";"Proyecto ramificado";"";"";"No";"No";"";"No Evaluado";"";"0";"Roll Out  P3";"Sin equipo";"0";"0";"168f9379-083a-42d9-bfe3-d29553d01452";""
"Gift Wrap";"MXYU01";"";"Visualizador";"Proyecto ramificado";"";"";"No";"No";"";"No Evaluado";"";"0";"C3  Roll Out  Systemic  P1";"Sin equipo";"0";"0";"1707d6f0-8840-4601-81aa-70f12c897f23";""
"Gestión de insumos reutilizables";"BRDF01";"";"Visualizador";"Proyecto ramificado";"";"";"No";"No";"";"No Evaluado";"";"0";"Roll Out";"Sin equipo";"0";"0";"17c5b8c4-64ce-4e52-9994-4cbc983490f2";""
"Mudanças na app de gestão de usuarios e ações massivas : Mudança de líder e extensão de caducidad";"MXNL01";"";"Visualizador";"Proyecto ramificado";"";"";"No";"No";"";"No Evaluado";"";"0";"Roll Out";"MXNL01-CIE";"0";"0";"17eda7ef-58e9-43b6-8aa5-cdcb163aea39";""
"Gestión de insumos reutilizables";"MXCD05";"";"Visualizador";"Proyecto ramificado";"";"";"No";"No";"";"No Evaluado";"";"0";"Roll Out";"Sin equipo";"0";"0";"18017084-a44f-4f26-be9a-d084d3ddc70a";""
"GAP GGPXGNP  (Pilar 4: Yo me apunto)";"MXCD12";"";"Visualizador";"Proyecto ramificado";"";"";"No";"No";"";"No Evaluado";"";"0";"C1  Roll Out";"Sin equipo";"0";"0";"18490cec-6994-4e7f-8f9a-017817f3e58c";""
"Mudanças na app de gestão de usuarios e ações massivas : Mudança de líder e extensão de caducidad";"BRSP18";"";"Visualizador";"Proyecto ramificado";"";"";"No";"No";"";"No Evaluado";"";"0";"Roll Out";"BRSP18-CIE";"0";"0";"1a0039e1-fe37-4afe-827f-3a053dc6cbca";""
"Mudanças na app de gestão de usuarios e ações massivas : Mudança de líder e extensão de caducidad";"MXRC02";"";"Visualizador";"Proyecto ramificado";"";"";"No";"No";"";"No Evaluado";"";"0";"Roll Out";"RO Planning Mexico";"0";"0";"1a505142-7bc0-4b51-b6bc-5043ccc6f93f";""
"Nova Home & Mi Perfil";"MXCD11";"";"Visualizador";"Proyecto ramificado";"";"";"No";"No";"";"No Evaluado";"";"0";"Roll Out";"MXCD11-CIE";"0";"0";"1a543091-5482-4ac0-adad-3caf57e10dc8";""
"Pruebs javi";"BRAJP1";"";"Visualizador";"Proyecto ramificado";"";"";"No";"No";"";"No Evaluado";"";"0";"C1  Roll Out";"Sin equipo";"0";"0";"1a9229dd-aca3-4459-ab0e-c7a2d34a5d06";""
"Gestión de insumos reutilizables";"ARBA04";"";"Visualizador";"Proyecto ramificado";"";"";"No";"No";"";"No Evaluado";"";"0";"Roll Out";"Sin equipo";"0";"0";"1b12f005-0ea2-4d2f-9a54-fd7265179c15";""
"App Conteos Mangapallets RFID";"MXAQR1";"";"Visualizador";"Proyecto ramificado";"";"";"No";"No";"";"No Evaluado";"";"0";"C2  Roll Out  P1";"Sin equipo";"0";"0";"1b1f2cba-5173-4394-b830-d6db2fbfb123";""
"Gestión de insumos reutilizables";"MXSO01";"";"Visualizador";"Proyecto ramificado";"";"";"No";"No";"";"No Evaluado";"";"0";"Roll Out";"Sin equipo";"0";"0";"1b34168e-84f8-4613-9806-159db1cc5707";""
"Mudanças na app de gestão de usuarios e ações massivas : Mudança de líder e extensão de caducidad";"MXCD05";"";"Visualizador";"Proyecto ramificado";"";"";"No";"No";"";"No Evaluado";"";"0";"Roll Out";"MXCD05-CIE";"0";"0";"1bcc28d2-6d37-4d2a-b74e-647d4aebec55";""
"Acesso Contextual - Mi Primero Proceso";"MXCD14";"";"Visualizador";"Proyecto ramificado";"";"";"No";"No";"";"No Evaluado";"";"0";"C1  Roll Out  P1";"Sin equipo";"0";"0";"1c15a1dc-e827-4353-adf0-c2c38c3c550c";""
"Roll out |  [Inbound] Roles Expertos | Check In y Putway";"REGIONAL";"";"Visualizador";"Proyecto principal";"";"";"No";"No";"";"No Evaluado";"";"0";"";"RO Planning Brasil";"0";"0";"1c574a3c-4adf-4d3a-8eae-d11529b79fbb";""
"Nova Home & Mi Perfil";"MXNL01";"";"Visualizador";"Proyecto ramificado";"";"";"No";"No";"";"No Evaluado";"";"0";"Roll Out";"MXNL01-CIE";"0";"0";"1c920eba-9425-42b6-9e7f-92d33f74f207";""
"Gift Wrap";"MXCD09";"";"Visualizador";"Proyecto ramificado";"";"";"No";"No";"";"No Evaluado";"";"0";"C3  Roll Out  Systemic  P1";"Sin equipo";"0";"0";"1cbeeb1e-2898-4afe-9e13-0a591ebd1168";""
"Numeração das Docas na Shipping Label";"BRSP09";"";"Visualizador";"Proyecto principal";"";"";"No";"No";"";"No Evaluado";"";"0";"";"BRSP09-CIE";"0";"0";"1e073d79-f375-47dd-82af-1ea4a6166652";""
"Cambio en la Tool de Gestion de proveedores";"GROOT";"";"Visualizador";"Proyecto principal";"";"";"No";"No";"";"No Evaluado";"";"0";"";"GROOT-Regional";"0";"0";"1e12d2e7-2b04-406c-b416-6861e4411c4a";""
"Saneamiento de Base de Problem Solvers";"GROOT";"";"Visualizador";"Proyecto principal";"";"";"No";"No";"";"No Evaluado";"";"0";"";"GROOT-Regional";"0";"0";"1eb8416e-bc4a-4eeb-9362-84583be85a5c";""
"Mudanças na app de gestão de usuarios e ações massivas : Mudança de líder e extensão de caducidad";"BRSP25";"";"Visualizador";"Proyecto ramificado";"";"";"No";"No";"";"No Evaluado";"";"0";"Roll Out";"RO Planning Brasil";"0";"0";"1edeb14b-8db2-4af1-9288-d31e83c138a1";""
"Nuevo acceso a "Mi rendimiento" desde BOXI para Desktop ";"MXYU01";"";"Visualizador";"Proyecto ramificado";"";"";"No";"No";"";"No Evaluado";"";"0";"Roll Out  P3";"Sin equipo";"0";"0";"1f179be3-9e10-482b-ac38-6a38a3eb7f74";""
"Nova Home & Mi Perfil";"BRRJ02";"";"Visualizador";"Proyecto ramificado";"";"";"No";"No";"";"No Evaluado";"";"0";"Roll Out";"BRRJ02-CIE";"0";"0";"1f1990c6-740c-4fce-9e6d-26cbfeb8d1f6";""
"Cambio en la Tool de Gestion de proveedores";"GROOT";"";"Visualizador";"Proyecto principal";"";"";"No";"No";"";"No Evaluado";"";"0";"";"GROOT-Regional";"0";"0";"1f981e44-3872-4771-b1ac-84f0cd9f7f57";""
"App Conteos Mangapallets RFID";"MXACU1";"";"Visualizador";"Proyecto ramificado";"";"";"No";"No";"";"No Evaluado";"";"0";"C2  Roll Out  P1";"Sin equipo";"0";"0";"2035a238-2da0-4d04-b92f-215d261ac762";""
"Proyecto prueba 11-08";"MXCH02";"";"Visualizador";"Proyecto ramificado";"";"";"No";"No";"";"No Evaluado";"";"0";"C1  Roll Out";"Sin equipo";"0";"0";"209f127b-4b5b-4976-99ff-26f602d93478";""
"Acceso Contextual : Sinergia Temporal";"BRRS01";"";"Visualizador";"Proyecto ramificado";"";"";"No";"No";"";"No Evaluado";"";"0";"C1  Roll Out";"Sin equipo";"0";"0";"21582efc-c279-42b0-bbc4-a24973fbdd35";""
"Gestión de insumos reutilizables";"BRSP30";"";"Visualizador";"Proyecto ramificado";"";"";"No";"No";"";"No Evaluado";"";"0";"Roll Out";"Sin equipo";"0";"0";"21e42d93-8cb7-4303-bd68-c01e193bb2db";""
"Nuevo acceso a "Mi rendimiento" desde BOXI para Desktop ";"MXCD06";"";"Visualizador";"Proyecto ramificado";"";"";"No";"No";"";"No Evaluado";"";"0";"Roll Out  P3";"Sin equipo";"0";"0";"21efc1c1-f390-40ad-b75a-136cc9238a63";""
"Acceso Contextual : Sinergia Temporal";"BRBA01";"";"Visualizador";"Proyecto ramificado";"";"";"No";"No";"";"No Evaluado";"";"0";"C1  Roll Out";"Sin equipo";"0";"0";"229e45ba-0bee-47e3-ba94-57d653bdd3a0";""
"Gestión de insumos reutilizables";"MXGT01";"";"Visualizador";"Proyecto ramificado";"";"";"No";"No";"";"No Evaluado";"";"0";"Roll Out";"Sin equipo";"0";"0";"22aa3549-95de-47ca-983e-a65931ad1f0d";""
"Nuevo acceso a "Mi rendimiento" desde BOXI para Desktop ";"MXAHM1";"";"Visualizador";"Proyecto ramificado";"";"";"No";"No";"";"No Evaluado";"";"0";"Roll Out  P3";"Sin equipo";"0";"0";"22ae1649-e6c8-4224-8029-922c043667a0";""
"Cambio en la Tool de Gestion de proveedores";"GROOT";"";"Visualizador";"Proyecto principal";"";"";"No";"No";"";"No Evaluado";"";"0";"";"GROOT-Regional";"0";"0";"22c724dc-c99f-4a2f-b56a-3b1e2b88462b";""
"Ajuste de Caja Máxima Virtual MLM";"MXJC01";"";"Visualizador";"Proyecto ramificado";"";"";"No";"No";"";"No Evaluado";"";"0";"Roll Out  Systemic  P3";"Sin equipo";"0";"0";"23a01276-a45e-4c8b-aeb9-c6210d90511b";""
"Ajuste de Caja Máxima Virtual MLM";"MXNL02";"";"Visualizador";"Proyecto ramificado";"";"";"No";"No";"";"No Evaluado";"";"0";"Roll Out  Systemic  P3";"Sin equipo";"0";"0";"23bf8ba5-4bde-4075-9865-0a30fabe5447";""
"Nova Home & Mi Perfil";"BRSP14";"";"Visualizador";"Proyecto ramificado";"";"";"No";"No";"";"No Evaluado";"";"0";"Roll Out";"BRSP14-CIE";"0";"0";"251d7602-3e52-4c84-91d0-f024da5b1bcd";""
"Guardado Dirigido POC (Picking to Wall)";"REGIONAL";"";"Visualizador";"Proyecto principal";"";"";"No";"No";"";"No Evaluado";"";"0";"";"PD Outbound";"0";"0";"2556bb06-eb7f-4a36-9f6f-c03298a8df56";""
"Nova Home & Mi Perfil";"BRSP25";"";"Visualizador";"Proyecto ramificado";"";"";"No";"No";"";"No Evaluado";"";"0";"Roll Out";"BRSP25-CIE";"0";"0";"27e03e15-7fe4-4a25-b3cc-4deddcf1626b";""
"App Conteos Mangapallets RFID";"BRMG04";"hhendsuzuki";"Visualizador";"Proyecto ramificado";"Implement";"14";"No";"Sí";"Período en curso con estado Backlog.";"No Evaluado";"";"0";"C2  Roll Out  P1";"Sin equipo";"0";"0";"1eb40202-4d82-40a8-8d2b-a0cabe4c061f";""
"Picking Continuo - SSKU";"BRSP04";"banselmo";"Visualizador";"Proyecto ramificado";"5. Sustentabilidad";"14";"Sí";"No";"";"No Evaluado";"";"0";"Roll Out";"BRSP04-CIE";"0";"0";"1a537d68-cc5a-460c-b83b-914972ac582c";""
"Suporte às Operações";"REGIONAL";"marrios";"Visualizador";"Proyecto principal";"";"";"No";"No";"";"No Evaluado";"";"0";"Systemic  P2";"PD Outbound";"0";"0";"1d2f643e-57aa-4b0c-af51-6b40fe7bbf09";""
"Layout MZ";"ARBA01";"tomasfernand";"Visualizador";"Proyecto principal";"Implement";"14";"No";"Sí";"Período en curso con estado Backlog.";"No Evaluado";"";"0";"";"ARBA01-CIE";"0";"0";"22574f46-b1d1-4dca-8e37-9e9b0f4b94d1";""
"Standarização TNS LI";"REGIONAL";"tonishi";"Visualizador";"Proyecto principal";"Implement";"14";"Sí";"No";"";"No Evaluado";"";"0";"Non-Systemic";"Log Inversa";"0";"0";"27bc7e30-e3fd-41f8-a0d6-d5ba32dbc9c7";""
"Nueva tarjeta de daños embalaje TVs";"BRBA01";"abiosantos";"Visualizador";"Proyecto ramificado";"5. Sustentabilidad";"14";"Sí";"No";"";"No Evaluado";"";"0";"Roll Out";"RO Planning CPG - RC";"0";"0";"1f1a2399-36a2-43e7-99c4-b467a8fd5402";""
"Processamento por Volume";"MXCD06";"";"Visualizador";"Proyecto ramificado";"";"";"No";"No";"";"No Evaluado";"";"0";"C1  Roll Out  P1";"Sin equipo";"0";"0";"1faa9d91-77eb-4322-9039-c826132a071a";""
"App Conteos Mangapallets RFID";"BRSP14";"aguilhem";"Visualizador";"Proyecto ramificado";"Implement";"14";"No";"Sí";"Período en curso con estado Backlog.";"No Evaluado";"";"0";"C2  Roll Out  P1";"Sin equipo";"0";"0";"1af9e8d6-a8f9-4ea4-b4d0-e637fb97e76a";""
"Melhorar o layout e processo do Sauron ";"BRSP26";"lebecker";"Visualizador";"Proyecto principal";"POC";"15";"No";"Sí";"Período en curso con estado Backlog.";"No Evaluado";"";"0";"";"BRSP26-CIE";"0";"0";"1dc47778-c486-405a-aef8-227c83222911";""
"Extensão da esteira MZ-3 + adequação de gradil";"BRBA01";"nssouza";"Visualizador";"Proyecto principal";"";"";"No";"No";"";"No Evaluado";"";"0";"";"BRBA01-CIE";"0";"0";"167c383f-df49-4d84-84c2-966c089c097e";""
"Atualização de crono análises da MOI";"BRSP25";"brebarreto";"Visualizador";"Proyecto principal";"6. Proyecto Finalizado";"14";"Sí";"No";"";"No Evaluado";"";"0";"P3";"BRSP25-CIE";"0";"0";"1a628d0b-9385-4552-8728-73fcae641f10";""
"SQUAD DCI";"BRRC02";"viniciufigue";"Visualizador";"Proyecto principal";"Iniciativa";"15";"No";"No";"";"No Evaluado";"";"0";"";"BRRC02-CIE";"0";"0";"1a3a8632-216f-44bf-958b-a1d1ca6face2";""
"[Log Inv] Venta especialista de salvados";"REGIONAL";"acastellanos";"Visualizador";"Proyecto principal";"Implement";"18";"No";"No";"";"No Evaluado";"";"0";"P2";"PD Logistica Inversa";"1939829";"1000+";"20138171-eb3a-4637-9a5f-b8c251f16ee4";""
"Nuevo acceso a "Mi rendimiento" desde BOXI para Desktop ";"REGIONAL";"eliarrua";"Visualizador";"Proyecto principal";"Develop";"19";"No";"No";"";"No Evaluado";"";"0";"P3";"PD Performance Management";"0";"0";"19c8c8e4-e6e4-4a78-832c-79a2e7c1d98b";""
"[Calidad] Homologacin de Wis";"REGIONAL";"adrmorales";"Visualizador";"Proyecto principal";"";"";"No";"No";"";"No Evaluado";"";"0";"P3";"PD ICQA";"0";"0";"198af033-199e-42b5-9506-184cfd210515";""
"Login / Incio de Sessão com uso de QR Code";"BRMG04";"hhendsuzuki";"Visualizador";"Proyecto ramificado";"5. Sustentabilidad";"15";"No";"No";"";"No tengo evidencia del impacto en el negocio";"";"0";"Roll Out";"BRMG03-CIE";"2465";"1-500";"21b40b22-036a-49f0-a132-ecfc8d376f5a";""
"Validación de Ruta correcta para bloqueo de carga";"REGIONAL";"sabmedina";"Visualizador";"Proyecto principal";"Implement";"15";"Sí";"No";"";"No Evaluado";"";"0";"";"PD Outbound";"0";"0";"24bee488-d996-4e45-acbb-67bae39e37de";""
"MLF en MWH";"BRSP02";"";"Visualizador";"Proyecto ramificado";"5. Sustentabilidad";"14";"Sí";"No";"";"No Evaluado";"";"0";"";"BRSP02-CIE";"0";"0";"249cf594-d0f0-4961-b8e0-4d571e95dd40";""
"Big totable carrito";"MXCD09";"descamillalu";"Visualizador";"Proyecto principal";"Implement";"18";"No";"No";"";"No Evaluado";"";"0";"Roll Out";"MTM IB – OB – PERFORMANCE MANAGEMENT";"218000";"1-500";"1d55dbee-9b39-428a-9080-61dced6fba82";""
"Reporte SLA Packed (Outbound)";"BRMG02";"cdrumond";"Visualizador";"Proyecto ramificado";"5. Sustentabilidad";"14";"No";"Sí";"Período en curso con estado Backlog.";"No Evaluado";"";"0";"Roll Out  P1";"BRMG02-CIE";"0";"0";"1fcbc599-be98-47e3-b8b8-807b30e4a07e";""
"Cierre de WIs Consolidadas ";"Strategic Alignments";"wriquelme";"Visualizador";"Proyecto principal";"6. Proyecto Finalizado";"14";"Sí";"No";"";"No Evaluado";"";"0";"";"RO planning TTE";"0";"0";"27c8d2ac-1deb-4f22-84d9-265dfeb6822b";""
"HERMES — Catalogação de Rezagos e Salvados Não Sistêmicos";"CLRM03";"cpinochet";"Visualizador";"Proyecto ramificado";"Implement";"18";"No";"Sí";"Período marcado como Done con fecha de finalización en el futuro.";"No Evaluado";"";"0";"C1  Roll Out  Non-Systemic  P1";"Sin equipo";"0";"0";"20223ab3-a7b5-48cf-a710-9a65bf83a0aa";""
"B2P MX13";"REGIONAL";"josmoreno";"Visualizador";"Proyecto principal";"Develop";"19";"No";"No";"";"No Evaluado";"";"0";"";"Robotics & Automation";"0";"0";"15bf3ffd-dcfb-4936-961a-9703bb35d435";""
"cbvcxvxc";"Strategic Alignments";"mclavero";"Visualizador";"Proyecto principal";"";"";"No";"No";"";"No Evaluado";"";"0";"";"RO planning TTE";"0";"0";"25ce7efc-3a5a-4361-a8a0-8d943b674b46";""
"Gift Wrap";"BRPE01";"mtiburcio";"Visualizador";"Proyecto ramificado";"Implement";"14";"No";"Sí";"Período en curso con estado Backlog.";"No Evaluado";"";"0";"C3  Roll Out  Systemic  P1";"Sin equipo";"0";"0";"21e86ed8-a2af-4e6e-8a45-d96533bb7810";""
"Reporte SLA Packed (Outbound)";"MXYU01";"ghernandez";"Visualizador";"Proyecto ramificado";"6. Proyecto Finalizado";"14";"Sí";"No";"";"No Evaluado";"";"0";"Roll Out  P1";"MXYU01-CIE";"0";"0";"1be48a45-34d3-4877-b838-2a3683a27ca4";""
"Acesso Contextual - Mi Primero Proceso";"BRMG01";"vsantpedr";"Visualizador";"Proyecto ramificado";"5. Sustentabilidad";"14";"No";"Sí";"Período en curso con estado Backlog.";"No Evaluado";"";"0";"C1  Roll Out  P1";"Sin equipo";"0";"0";"1e92190e-8ee8-47a1-9db1-bc37c5689c87";""
"Aumento de produtividade e produção no processo de Salvados";"BRXSP1";"jeluz";"Visualizador";"Proyecto principal";"";"";"No";"No";"";"No Evaluado";"";"0";"Non-Systemic  P2";"MLB-Log Inversa";"0";"0";"24ca93bc-b144-49e8-a83e-a1d6060e1b8b";""
"Reservas colgadas";"REGIONAL";"scoscione";"Visualizador";"Proyecto principal";"5. Sustentabilidad";"17";"Sí";"No";"";"No Evaluado";"";"2";"";"PD ICQA";"0";"0";"1bee2229-03fc-41ee-86c1-34b93d18c22b";""
"Nueva trigger repo V2";"REGIONAL";"fandreu";"Visualizador";"Proyecto principal";"Develop";"18";"No";"No";"";"No Evaluado";"";"0";"";"PD Inbound";"0";"0";"1dfc2ee8-8a5d-420d-ae08-3d81e23a3b6a";""
"Integración de IO con Direct Check in";"MXCD14";"ferortiz";"Visualizador";"Proyecto ramificado";"5. Sustentabilidad";"14";"No";"Sí";"Período en curso con estado Backlog.";"No Evaluado";"";"0";"Roll Out  P2";"MXCD14 -CIE";"0";"0";"236d40f4-258a-486f-8540-1c7f9cc403e8";""
"[LI] Sorting | Layouts e RTDs";"REGIONAL";"lucamoraes";"Visualizador";"Proyecto principal";"MVP";"14";"Sí";"No";"";"No Evaluado";"";"0";"";"MTM IB – OB – PERFORMANCE MANAGEMENT";"0";"0";"1e62e1c7-d241-4c2f-b20d-d3d8da358e0b";""
"Manga Plus para acomodação de amorfos";"BRRC02";"viniciufigue";"Visualizador";"Proyecto principal";"6. Proyecto Finalizado";"19";"No";"No";"";"No Evaluado";"";"1";"P3";"BRRC02-CIE";"0";"0";"19efabbf-fc98-40bc-899a-117c9a14ef53";""
"[Q3 - 2026] - Integración de proceso para Labelless / Shpmnt 2.0";"LMS";"lianni";"Visualizador";"Proyecto principal";"Implement";"14";"Sí";"Sí";"Período en curso con estado Backlog.";"No Evaluado";"";"0";"";"LMS-Regional";"0";"0";"1675efbb-9800-4d74-834b-9062239d4886";""
"Processamento por Volume";"BRSP10";"gton";"Visualizador";"Proyecto ramificado";"Implement";"14";"No";"Sí";"Período en curso con estado Backlog.";"No Evaluado";"";"0";"C1  Roll Out  P1";"Sin equipo";"0";"0";"1dff1c11-fb2c-48bb-ba5f-c467d1eb3611";""
"Expansión Mangapallet";"MXCD09";"vmoralesboni";"Visualizador";"Proyecto principal";"5. Sustentabilidad";"15";"Sí";"No";"";"No Evaluado";"";"0";"";"MXCD09-CIE";"0";"0";"20b0ab38-52d2-427f-858b-c4e67c2e4af5";""
"IO - Putaway melhorias";"MXCD06";"digarcianiet";"Visualizador";"Proyecto ramificado";"5. Sustentabilidad";"14";"No";"Sí";"Período en curso con estado Backlog.";"No Evaluado";"";"0";"Roll Out  P2";"MXCD06-CIE";"0";"0";"1b6f75be-e9c5-4e82-874f-e6e7f34cfd2c";""
"Packing 4x3";"ARBA01";"lgayol";"Visualizador";"Proyecto principal";"6. Proyecto Finalizado";"19";"No";"No";"";"No Evaluado";"";"0";"P2";"ARBA01-CIE";"0";"0";"2622f58b-1711-43fa-af71-f80a6b1bb054";""
"Lego Packing Retiros";"REGIONAL";"jesmartinez";"Visualizador";"Proyecto principal";"Develop";"14";"Sí";"No";"";"No Evaluado";"";"0";"P2";"PD Logistica Inversa";"0";"0";"19acfcfc-81ea-4f44-93ca-c5e8ef342e0c";""
"Estantería Super BL";"COCU02";"jhcontreras";"Visualizador";"Proyecto principal";"5. Sustentabilidad";"18";"No";"No";"";"No Evaluado";"";"0";"P2";"COCU02-CIE";"0";"0";"14646097-915e-45f1-894f-3e13c3e33f9c";""
"Carrito Big totable Picking";"REGIONAL";"descamillalu";"Visualizador";"Proyecto principal";"Implement";"18";"Sí";"No";"";"No Evaluado";"";"0";"Roll Out  Systemic  P1";"MTM IB – OB – PERFORMANCE MANAGEMENT";"822000";"500-1000";"189c219a-6de0-4744-9f15-31dd926336f2";""
"Integración Masiva de Incidentes Operativos";"MXCD14";"ferortiz";"Visualizador";"Proyecto ramificado";"";"";"No";"No";"";"No Evaluado";"";"0";"Roll Out  P1";"MXCD14 -CIE";"0";"0";"17b3b71a-794a-4e49-8aa4-4411221e32dd";""
"MVP |  BOXI- nativo Picking";"MXCD11";"karmartinez";"Visualizador";"Proyecto ramificado";"5. Sustentabilidad";"18";"No";"No";"";"No Evaluado";"";"0";"Roll Out";"MXCD11-CIE";"0";"0";"1b7f86cf-49b1-4353-a032-7495c6076ba4";""
"[Q2 2026] SQUAD Docas rápidas";"BRMG01";"nodestro";"Visualizador";"Proyecto principal";"";"";"No";"No";"";"No Evaluado";"";"0";"";"BRMG01-CIE";"0";"0";"14f6aa51-c58f-4518-b1b6-7919a4e53701";""
"Peel Of impressora ZD421 - Redução de tempo para tirar uma etiqueta da impressora.";"REGIONAL";"jlins";"Visualizador";"Proyecto principal";"MVP";"16";"No";"No";"";"No Evaluado";"";"0";"Non-Systemic  P2";"MLB-Log Inversa";"6506";"1-500";"198f64e6-7253-4264-be9c-968552c9d7e2";""
"[Q3 - 2026] - Q3 SVC_Carritos de Supermercado MLC";"MTM";"llmmiranda";"Visualizador";"Proyecto principal";"Implement";"14";"No";"Sí";"Período en curso con estado Backlog.";"No Evaluado";"";"0";"";"MTM-Regional";"0";"0";"26a87f4e-295c-4cac-a99a-df9249aedb1b";""
"Integración Masiva de Incidentes Operativos";"MXCD12";"exhernandezg";"Visualizador";"Proyecto ramificado";"5. Sustentabilidad";"18";"No";"No";"";"No Evaluado";"";"0";"Roll Out  P1";"MXCD12-CIE";"0";"0";"1d19def3-3454-4dbc-be3f-ba083eb4029d";""
"LMS-  Actualización en el Proceso de Picking (SSKU)";"MXYU01";"ghernandez";"Visualizador";"Proyecto ramificado";"";"";"No";"No";"";"No Evaluado";"";"0";"Roll Out";"MXYU01-CIE";"0";"0";"23d26906-175d-4497-84cb-003778c8c3cb";""
"Programa 5's";"BRMG01";"vsantpedr";"Visualizador";"Proyecto principal";"Iniciativa";"2";"No";"No";"";"No Evaluado";"";"0";"";"BRMG01-CIE";"0";"0";"175f8019-5f33-4f48-86c4-88166943411f";""
"Process path SSKU";"BRBA01";"gabaraujo";"Visualizador";"Proyecto ramificado";"";"";"No";"No";"";"No Evaluado";"";"0";"Roll Out";"BRBA01-CIE";"0";"0";"23288777-12bf-4246-af2b-2742f172cbb3";""
"Buffer P2M";"MXJC01";"secheverria";"Visualizador";"Proyecto ramificado";"5. Sustentabilidad";"15";"No";"No";"";"No Evaluado";"";"0";"P1";"MXJC01-CIE";"0";"0";"22910c15-ed6a-4bc1-ae02-c622c48022a2";""
"Sorter F2";"MXJC01";"jesusanmarti";"Visualizador";"Proyecto principal";"Implement";"15";"No";"No";"";"No Evaluado";"";"0";"";"MXJC01-CIE";"0";"0";"1daae655-0e8d-49e6-ba7b-26175571daa4";""
"Put Away Continuo";"REGIONAL";"molivieri";"Visualizador";"Proyecto principal";"Develop";"17";"Sí";"No";"";"No Evaluado";"";"0";"Non-Systemic  P3";"MTM IB – OB – PERFORMANCE MANAGEMENT";"0";"0";"201c7b8d-a442-44c0-beaa-448f083ce3a4";""
"Melhorias na WI de Receiving 2026";"REGIONAL";"ricpereira";"Visualizador";"Proyecto principal";"Implement";"15";"No";"No";"";"No Evaluado";"";"0";"P3";"PD Inbound";"0";"0";"249e5784-f1e5-43b5-b7e6-e51555872f65";""
"Apagado de Rol - Picking Continuo (Legacy)";"REGIONAL";"ilopezbarrei";"Visualizador";"Proyecto principal";"";"";"No";"No";"";"No Evaluado";"";"0";"";"PD Outbound";"0";"0";"1958563f-bafb-4954-b77f-b3a7670e78f7";""
"[Q3 - 2026] - Nuevo modelo de Onboarding Drivers (LM - FM - Extra)";"DX";"nlongobucco";"Visualizador";"Proyecto principal";"Implement";"14";"No";"Sí";"Período en curso con estado Backlog.";"No Evaluado";"";"0";"";"DX-Regional";"0";"0";"1aeb761d-9450-4512-bd73-3b20ca81eea0";""
"[Q226] Sketcher CLRM03";"CLRM03";"gvelascopere";"Visualizador";"Proyecto principal";"6. Proyecto Finalizado";"14";"Sí";"No";"";"No Evaluado";"";"0";"";"CLRM03-CIE";"0";"0";"24c2b9ad-3ae7-4954-87b4-0f84f5126303";""
"Gestionar la devoluciones CBT hacia el seller en USA";"REGIONAL";"dayapereira";"Visualizador";"Proyecto principal";"Implement";"15";"Sí";"No";"";"No Evaluado";"";"3";"C1  Systemic  P2";"PD Logistica Inversa";"440000";"1-500";"14d0cc3b-9085-484f-ade9-39491ea1e111";""
"[Q3 - 2026] - Interfaz para polivalencia HH";"GROOT";"fmarmili";"Visualizador";"Proyecto principal";"Develop";"15";"No";"No";"";"No Evaluado";"";"0";"";"GROOT-Regional";"0";"0";"15de7fe3-a230-4bd6-9962-b239f923efea";""
"Layout Linha RC01";"BRRC01";"naaquino";"Visualizador";"Proyecto principal";"Iniciativa";"18";"No";"Sí";"Período marcado como Done con fecha de finalización en el futuro.";"No Evaluado";"";"0";"";"BRRC01-CIE";"0";"0";"1a4f4587-356e-445d-8114-9c52c6940c82";""
"IO - Batch Sorter";"MXCD07";"yherrera";"Visualizador";"Proyecto ramificado";"5. Sustentabilidad";"14";"Sí";"Sí";"Período en curso con estado Backlog.";"No Evaluado";"";"0";"Roll Out  P2";"MXCD07-CIE";"0";"0";"26bf054c-9d81-43ac-b40e-3d533d741329";""
"Incremento de capacidad triage H&B MXCD11";"MXTC01";"eesparza";"Visualizador";"Proyecto principal";"Implement";"15";"No";"No";"";"No Evaluado";"";"0";"P2";"MLM-Log Inversa";"0";"0";"1b207b35-711b-4288-a955-0814764cdb78";""
"Big totable carrito";"MXCD07";"odiazdolores";"Visualizador";"Proyecto ramificado";"5. Sustentabilidad";"17";"Sí";"No";"";"No Evaluado";"";"0";"Roll Out";"MXCD07-CIE";"0";"0";"281c4d71-5253-438f-b8a6-a1ca9271f7fd";""
"[Q3 - 2026] - H&B - Baker de Paquetes Oversize";"H&B";"ktorquato";"Visualizador";"Proyecto principal";"POC";"14";"Sí";"Sí";"Período en curso con estado Backlog.";"No Evaluado";"";"0";"";"H&B-Regional";"0";"0";"1a6cd164-a418-4250-a65c-04be9c13dcb8";""
"IO - Putaway melhorias";"BRSP15";"lanishida";"Visualizador";"Proyecto ramificado";"";"";"No";"No";"";"No Evaluado";"";"0";"Roll Out  P2";"BRSP15-CIE";"0";"0";"15d52758-4336-4093-9913-495440cef97b";""
"Q3 Linear Sorter [BRXSP14]";"AUTOMATION";"tbosich";"Visualizador";"Proyecto principal";"Implement";"14";"Sí";"No";"";"No Evaluado";"";"0";"";"AUTOMATION-Regional";"0";"0";"18e3fcbf-6457-4d93-af6b-25c868599789";""
"[Q3 - 2026] - [FOS H&B] Poka Yoke en XD MLM/MLA";"FOS";"dcandia";"Visualizador";"Proyecto principal";"POC";"19";"No";"No";"";"No Evaluado";"";"0";"";"FOS-Regional";"0";"0";"1fbcb31c-9873-4779-92c5-42420036bbd2";""
"Aumentar Produtividade Picking Rezagos";"REGIONAL";"tonishi";"Visualizador";"Proyecto principal";"Develop";"18";"No";"No";"";"No Evaluado";"";"0";"P2";"Log Inversa";"0";"0";"21e99ea7-5347-4a5c-8652-4ab3891f8fee";""
"Split de non totable SIOC Cono Sur";"REGIONAL";"marrios";"Visualizador";"Proyecto principal";"";"";"No";"No";"";"No Evaluado";"";"0";"TIA  Systemic  P3";"PD Outbound";"0";"0";"1a6a20b9-c2aa-4445-9b39-2dd4ab231a56";""
"[Q1/26] | Manipulador Peso Zero";"BRSP04";"ramachiaveli";"Visualizador";"Proyecto principal";"6. Proyecto Finalizado";"19";"No";"No";"";"No Evaluado";"";"0";"";"BRSP14-CIE";"0";"0";"24664b0a-c78c-4e90-ac89-2e2dd48f3b64";""
"SMED CARRITOS | TT";"MXCD07";"odiazdolores";"Visualizador";"Proyecto principal";"6. Proyecto Finalizado";"18";"No";"Sí";"Etapa final concluida  pero el proyecto no está Finalizado/Cancelado.";"Evaluado - Sucess rate - Sí";"";"0";"P1";"MXCD07-CIE";"11571";"1-500";"14309b29-bd13-44ff-9d1b-ccbd2878bbd9";""
"Automatização do Report de Fraude na Triagem de ENOEs";"BRSP19";"wenmoura";"Visualizador";"Proyecto ramificado";"5. Sustentabilidad";"15";"No";"No";"";"No Evaluado";"";"0";"C2  Roll Out  Systemic  P1";"Sin equipo";"0";"0";"1436149d-737f-4afe-a645-2a6bc7151b92";""
"SACOLA";"ARBA01";"gcochi";"Visualizador";"Proyecto principal";"MVP";"15";"No";"No";"";"No Evaluado";"";"0";"";"ARBA01-CIE";"0";"0";"26aa8d01-790a-4223-8286-7adff381e89e";""
"VSM OUTBOUND";"BRRJ02";"ttristao";"Visualizador";"Proyecto principal";"Develop";"15";"No";"No";"";"No Evaluado";"";"0";"P1";"BRRJ02-CIE";"0";"0";"1aed7fa3-76e3-4d35-a012-ddd8ce90b779";""
"Tareas administrativas";"ARBA04";"mzangari";"Visualizador";"Proyecto principal";"Iniciativa";"2";"No";"No";"";"No Evaluado";"";"0";"";"ARBA04-CIE";"0";"0";"1e276ca4-f386-4f29-8535-076af925f5c4";""
"Mudanças na app de gestão de usuarios e ações massivas : Mudança de líder e extensão de caducidad";"MXCD14";"utorres";"Visualizador";"Proyecto ramificado";"";"";"No";"No";"";"No Evaluado";"";"0";"Roll Out";"MXCD14 -CIE";"0";"0";"171483fe-3e93-429f-9f33-bd395553f098";""
"Found Packing";"BRSP15";"lanishida";"Visualizador";"Proyecto ramificado";"6. Proyecto Finalizado";"14";"Sí";"No";"";"No Evaluado";"";"0";"Roll Out";"BRSP15-CIE";"0";"0";"2604079a-bc9f-43c0-8678-03ea0b4c8fb7";""
"IS Visualizator";"MXNL01";"eurodriguez";"Visualizador";"Proyecto ramificado";"5. Sustentabilidad";"15";"No";"No";"";"No Evaluado";"";"0";"Roll Out";"MXNL01-CIE";"0";"0";"1ff91eab-b6b4-4d63-a1af-c3a3867b31eb";""
"Validación de divergencias - Conteos Dirigidos";"MXCD07";"yherrera";"Visualizador";"Proyecto ramificado";"";"";"No";"No";"";"No Evaluado";"";"0";"C3  Roll Out";"MXCD07-CIE";"0";"0";"221f1154-5159-46aa-bc11-354ca4caa56d";""
"Packing Lego";"REGIONAL";"edssantos";"Visualizador";"Proyecto principal";"6. Proyecto Finalizado";"14";"Sí";"No";"";"No Evaluado";"";"0";"P1";"PD Outbound";"0";"0";"167760c3-623e-4961-b72e-7a1ee3795624";""
"Bancada Packing Mono 3.0";"MXJC01";"jesusanmarti";"Visualizador";"Proyecto ramificado";"MVP";"17";"Sí";"No";"";"No Evaluado";"";"0";"Roll Out";"MXJC01-CIE";"0";"0";"1776ee32-87cd-4b22-b54d-56f8c6a05c52";""
"Acutalización WI HU ASSEMBLY - Criterios TV's";"REGIONAL";"sabmedina";"Visualizador";"Proyecto principal";"";"";"No";"No";"";"No Evaluado";"";"0";"Non-Systemic  P1";"PD Outbound";"0";"0";"1bd30b41-85f8-436d-8912-2f4779ba5aae";""
"[Q3] Reglas Tags sistemicos affinity (vendibles)";"BRSP02";"acastellanos";"Visualizador";"Proyecto principal";"Develop";"14";"Sí";"Sí";"Período en curso con estado Backlog.";"No Evaluado";"";"0";"Systemic  P2";"PD Logistica Inversa";"0";"0";"1bcbd55a-caea-4d25-94b2-1be702e24c54";""
"SQUAD Axis";"BRRC02";"rstaszczak";"Visualizador";"Proyecto principal";"Iniciativa";"2";"No";"No";"";"No Evaluado";"";"0";"";"BRRC02-CIE";"0";"0";"1ebf16ff-31dc-4069-9aee-a3168a3a062b";""
"Storage Solutions Specialization";"REGIONAL";"kevgarciagor";"Visualizador";"Proyecto principal";"Develop";"15";"Sí";"No";"";"No Evaluado";"";"0";"";"PD MTM Storage Solution";"0";"0";"18d96a52-d935-4a34-ae87-0876838f1327";""
"Estandarização forma de teste bluetooth em triagem";"BRTC01";"joassantos";"Visualizador";"Proyecto ramificado";"Implement";"14";"No";"Sí";"Período en curso con estado Backlog.";"No Evaluado";"";"0";"Roll Out  Systemic  P2";"Sin equipo";"0";"0";"27ff5b5c-4add-4a8f-8841-e021ff6e5bc6";""
"BTCP-0004 Carrito Big totable 2.0 MLB";"REGIONAL";"descamillalu";"Visualizador";"Proyecto principal";"MVP";"15";"No";"No";"";"No Evaluado";"";"0";"";"MTM IB – OB – PERFORMANCE MANAGEMENT";"0";"0";"142cc768-a1e8-4dc0-b5a2-3da645a366f3";""
"MOI";"BRMG03";"tucavalcanti";"Visualizador";"Proyecto ramificado";"5. Sustentabilidad";"15";"No";"No";"";"No Evaluado";"";"0";"Roll Out";"BRMG03-CIE";"0";"0";"20e9d8e4-019c-4857-877b-9aed41c602a7";""
"Implementação e Ramp-Up Packing Machines Wave 2026 – BRSP02";"BRSP02";"jplevada";"Visualizador";"Proyecto principal";"5. Sustentabilidad";"15";"No";"No";"";"No Evaluado";"";"0";"";"BRSP02-CIE";"0";"0";"2213d162-188d-423f-86bf-3670e691c06c";""
"SLA de Patio 2026";"BRMG01";"amclemente";"Visualizador";"Proyecto ramificado";"6. Proyecto Finalizado";"15";"No";"No";"";"No Evaluado";"";"0";"C2  Roll Out";"BRMG01-CIE";"0";"0";"270aa797-8374-4e4d-8c74-9e05fd037a91";""
"Integración de LMS en el proceso de Cuarentena de Calidad";"BRPR01";"wfalarz";"Visualizador";"Proyecto ramificado";"5. Sustentabilidad";"18";"No";"No";"";"No Evaluado";"";"0";"Roll Out";"BRPR01-CIE";"0";"0";"268ff264-4ab6-4456-907d-3c2853a8afbf";""
"Limitacin de Peso durante Armado de HU";"REGIONAL";"sabmedina";"Visualizador";"Proyecto principal";"Implement";"15";"Sí";"No";"";"No Evaluado";"";"0";"P1";"PD Outbound";"0";"0";"172e65db-4b16-482b-8716-a66229496d91";""
"IO - Inbound Audit";"BRMG02";"abrielsilvei";"Visualizador";"Proyecto ramificado";"";"";"No";"No";"";"No Evaluado";"";"0";"Roll Out  P2";"BRMG02-CIE";"0";"0";"14e923fb-4cf3-41b3-96da-bfd60a466276";""
"[Q3 - 2026] - Implementar nuevas reglas de buffer de paquetes y gestión del buffer sistémico";"LM";"cramirezvala";"Visualizador";"Proyecto principal";"Implement";"14";"Sí";"No";"";"No Evaluado";"";"0";"";"LM-Regional";"0";"0";"207cd2a8-8602-4e1b-afe3-3d3fedeccfeb";""
"Pre-Work Expansión de MZ ";"CLRM03";"dipina";"Visualizador";"Proyecto principal";"6. Proyecto Finalizado";"14";"Sí";"No";"";"No Evaluado";"";"0";"";"CLRM03-CIE";"0";"0";"1a41bf46-51ba-44e1-9939-ae045b742e7c";""
"Retiros sin cobertura";"REGIONAL";"jesmartinez";"Visualizador";"Proyecto principal";"POC";"14";"Sí";"No";"";"No Evaluado";"";"0";"P2";"PD Outbound";"0";"0";"1e0119a3-afa4-4ec9-a3e7-9230e84f37ed";""
"Headcount Indirecto";"REGIONAL";"adrsato";"Visualizador";"Proyecto principal";"Implement";"14";"Sí";"No";"";"No Evaluado";"";"0";"";"PD Performance Management";"0";"0";"22e31eb7-9992-425c-bd86-2189d14673d1";""
"Painel HCM (Presentismo)";"BRRS01";"ndeangelo";"Visualizador";"Proyecto ramificado";"5. Sustentabilidad";"14";"Sí";"Sí";"Período en curso con estado Backlog.";"No Evaluado";"";"0";"C2  Roll Out  P1";"BRRS01-CIE";"0";"0";"25ae005a-5289-42c1-aeeb-a161f68f5fc8";""
"POC Mejora calidad Fotos";"REGIONAL";"ramendez";"Visualizador";"Proyecto principal";"Iniciativa";"15";"No";"No";"";"No Evaluado";"";"0";"";"PD ICQA";"0";"0";"17acbfca-cd81-4299-96e2-618b9c54905c";""
"Rotina";"BRPR01";"ffrmarcondes";"Visualizador";"Proyecto principal";"Iniciativa";"15";"No";"No";"";"No Evaluado";"";"0";"";"BRPR01-CIE";"0";"0";"168197f1-4a79-4bfa-9253-e24bd33285bd";""
"Foto del producto en Product Data 2.0";"BRSP25";"brebarreto";"Visualizador";"Proyecto ramificado";"Implement";"15";"No";"No";"";"No Evaluado";"";"0";"";"BRSP25-CIE";"0";"0";"22a58770-393c-4153-ba03-7cf2ec0d05b0";""
"FlowRack Para testes SP02";"REGIONAL";"marcicarvalh";"Visualizador";"Proyecto principal";"Develop";"18";"No";"No";"";"No Evaluado";"";"0";"";"PD MTM Robotics & Layout";"0";"0";"2775c26f-dac7-42ca-986c-6f6b51c1602c";""
"IO - Inbound Audit";"BRMG03";"hhendsuzuki";"Visualizador";"Proyecto ramificado";"";"";"No";"No";"";"No Evaluado";"";"0";"Roll Out  P2";"BRMG03-CIE";"0";"0";"1d42a59b-77c7-4102-9e53-619fbabbb8c7";""
"Visão Outbound - Planos W+1 Regional";"REGIONAL";"peddesouza";"Visualizador";"Proyecto principal";"6. Proyecto Finalizado";"14";"Sí";"No";"";"No Evaluado";"";"0";"";"Flow";"0";"0";"1cfb200d-2f10-45bf-a36f-c92086a6a4f1";""
"IO - Putaway melhorias";"BRSP09";"glcordeiro";"Visualizador";"Proyecto ramificado";"";"";"No";"No";"";"No Evaluado";"";"0";"Roll Out  P2";"BRSP09-CIE";"0";"0";"14cb4dd5-ca99-4f54-bad0-bfd7f1e98fc8";""
"Expansão de Capacidade do BL2 – MZ2";"BRSP06";"gavasconcelo";"Visualizador";"Proyecto principal";"Implement";"15";"No";"No";"";"No Evaluado";"";"1";"";"BRSP06-CIE";"0";"0";"18f34187-1afb-408d-ac56-e87349c7ae46";""
"Label Hub (Dispensador de rollos)";"MXCD14";"lihurtado";"Visualizador";"Proyecto principal";"Implement";"15";"No";"No";"";"No Evaluado";"";"0";"P2";"MXCD14 -CIE";"0";"0";"239163e4-d698-45d6-820f-98f0255e2a9b";""
"[Q3 - 2026] - [Movements] Pick de la misma canalización con CPTs distintos";"FOS";"marcealmeida";"Visualizador";"Proyecto principal";"Discovery";"15";"No";"No";"";"No Evaluado";"";"0";"";"FOS-Regional";"0";"0";"1eedf910-ef08-4169-80f3-815db7bbc224";""
"Mantenimiento Total Productivo ";"MXJC01";"jesusanmarti";"Visualizador";"Proyecto principal";"MVP";"14";"Sí";"Sí";"Período en curso con estado Backlog.";"No Evaluado";"";"0";"";"MXJC01-CIE";"0";"0";"1f6a8c29-dd04-4ed7-859b-28a8217323e3";""
"RFID para transfer + decanting";"BRSP02";"cassimoraes";"Visualizador";"Proyecto ramificado";"Implement";"15";"No";"No";"";"No Evaluado";"";"0";"Roll Out  P1";"BRSP02-CIE";"0";"0";"1a0a1924-d542-4f53-8a15-b9a9ad25d572";""
"Estandarização forma de teste bluetooth em triagem";"BRSP11";"rteixeiramon";"Visualizador";"Proyecto ramificado";"Implement";"14";"No";"Sí";"Período en curso con estado Backlog.";"No Evaluado";"";"0";"Roll Out  Systemic  P2";"Sin equipo";"0";"0";"25b51c5a-5abf-4abb-b615-ee742dea037d";""
"MLF en MWH";"BRSC02";"rebsilva";"Visualizador";"Proyecto ramificado";"6. Proyecto Finalizado";"16";"Sí";"No";"";"No Evaluado";"";"0";"";"BRSC02-CIE";"0";"0";"2342f6e8-7e96-430a-9d23-652b3b766030";""
"Unificação de bolhas (Recebimento + Etiquetagem) Legacy";"BRXSP1";"jeluz";"Visualizador";"Proyecto principal";"POC";"15";"Sí";"No";"";"No Evaluado";"";"0";"Systemic  P2";"MLB-Log Inversa";"0";"0";"1d71dbd5-b3d5-4f66-85dd-92a65838c170";""
"Receiving de Lego para LI";"BRSP26";"lebecker";"Visualizador";"Proyecto ramificado";"";"";"No";"No";"";"No Evaluado";"";"0";"C1  Roll Out  P1";"Sin equipo";"0";"0";"18bbb58a-2c13-40e0-8de9-c717ab586855";""
"Aumento de zonas pick to ship";"REGIONAL";"marrios";"Visualizador";"Proyecto principal";"";"";"No";"No";"";"No Evaluado";"";"0";"";"PD Outbound";"0";"0";"26cdbd14-7fe3-4ab8-b01c-7d3a951ab32e";""
"Integración Masiva de Incidentes Operativos";"BRSP25";"brebarreto";"Visualizador";"Proyecto ramificado";"5. Sustentabilidad";"18";"No";"No";"";"No Evaluado";"";"0";"Roll Out  P1";"BRSP25-CIE";"0";"0";"26ec7dd4-d8da-45d6-9413-acdc8d37dc33";""
"RC Automatizado (fase 2)";"REGIONAL";"lmarinho";"Visualizador";"Proyecto principal";"Implement";"15";"No";"No";"";"No Evaluado";"";"0";"";"PD Inbound";"0";"0";"1a0b1f02-d93f-404a-bfb9-834aa1c79ee5";""
"Automatização de strechamento de pallets";"REGIONAL";"";"Visualizador";"Proyecto principal";"6. Proyecto Finalizado";"14";"Sí";"No";"";"No Evaluado";"";"0";"";"MLB-Log Inversa";"0";"0";"1c3b0b8c-9427-4748-a429-033aaa2f7cd4";""
"Movimiento del proceso de MWH al área de IB";"MXYU01";"mnolasconiev";"Visualizador";"Proyecto principal";"5. Sustentabilidad";"15";"No";"No";"";"No Evaluado";"";"0";"P1";"MXYU01-CIE";"0";"0";"1dbe30c6-5e93-4bd3-b554-72060502c623";""
"Login / Incio de Sessão com uso de QR Code";"BRSP26";"lebecker";"Visualizador";"Proyecto ramificado";"5. Sustentabilidad";"15";"No";"No";"";"No Evaluado";"";"0";"Roll Out  Systemic  P2";"BRSP26-CIE";"0";"0";"208049bb-b03e-4d07-a1f5-9131cdff8851";""
"Triagem com RaioX";"BRSP02";"jlins";"Visualizador";"Proyecto principal";"";"";"No";"No";"";"No Evaluado";"";"0";"P1";"MLB-Log Inversa";"0";"0";"1a54e3a1-d677-4a98-ba8c-ac6625360db2";""
"[Packing Return] Sugeridor con AI";"REGIONAL";"acastellanos";"Visualizador";"Proyecto principal";"POC";"15";"Sí";"No";"";"No Evaluado";"";"0";"Systemic  P2";"PD Logistica Inversa";"0";"0";"1568745a-edaa-446e-acb9-b331b3eda22a";""
"Q3 - 2026 - PL - Green Belt GNP SMX10";"Lean MLM";"rguerrerosal";"Visualizador";"Proyecto principal";"";"";"No";"No";"";"No Evaluado";"";"0";"Green Belt";"Lean MLM-LOCAL";"0";"0";"2694cba2-7f19-4fde-be69-6d9280671997";""
"[Q3 - 2026] - Q3 - LM - Cnx Routing → Scheduling";"LM";"ksarquiz";"Visualizador";"Proyecto principal";"Implement";"14";"Sí";"Sí";"Período en curso con estado Backlog.";"No Evaluado";"";"0";"";"LM-Regional";"0";"0";"18c806ed-a51a-41a2-be96-363a5720e04c";""
"Implementacin de advertencia de check out sin check in.";"REGIONAL";"sabmedina";"Visualizador";"Proyecto principal";"";"";"No";"No";"";"No Evaluado";"";"0";"";"PD Outbound";"0";"0";"1e641067-4f83-4bd9-ba7a-7e2fb88f07d4";""
"Validación de divergencias - Conteos Dirigidos";"MXCD14";"ferortiz";"Visualizador";"Proyecto ramificado";"";"";"No";"No";"";"No Evaluado";"";"0";"C3  Roll Out";"MXCD14 -CIE";"0";"0";"209c6093-1ffb-4637-a58b-551891616ae5";""
"S&R - Edición de pedido antes de ser aceptado por los provedores externos";"REGIONAL";"adrsato";"Visualizador";"Proyecto principal";"";"";"No";"No";"";"No Evaluado";"";"0";"";"PD Performance Management";"0";"0";"2268fb1e-a5e4-4cbe-9ab9-9419c6eb3cf9";""
"Redução de tempo no processo de Comercial Carrier";"BRXSP1";"jeluz";"Visualizador";"Proyecto principal";"";"";"No";"No";"";"No Evaluado";"";"0";"Non-Systemic  P2";"MLB-Log Inversa";"0";"0";"1923f99d-3dbf-45f9-a12a-cfaa867d89c9";""
"[FOS - Staging] - Mejora pantallas de las configuraciones de Staging Zones LATAM";"REGIONAL";"sabmedina";"Visualizador";"Proyecto principal";"";"";"No";"No";"";"No Evaluado";"";"0";"";"PD Outbound";"0";"0";"2276d90b-8b9c-41f1-997d-f1bc119bad8f";""
"SLO Decoupling | Outbound Settings";"REGIONAL";"anapaugutier";"Visualizador";"Proyecto principal";"POC";"18";"No";"No";"";"No Evaluado";"";"0";"";"Robotics & Automation";"0";"0";"1f1dd2e1-f7e2-4150-b541-5bd71b6986c9";""
"[Q3 - 2026] - 1CR | Reducción de ciclos de contingencia";"Routing";"leandroemart";"Visualizador";"Proyecto principal";"Implement";"14";"No";"Sí";"Período en curso con estado Backlog.";"No Evaluado";"";"0";"";"Routing-Regional";"0";"0";"161b69de-af16-486b-858e-d6c725a5f9be";""
"Fluxo Ring Scaner [Q1] -";"BRMG01";"anasi";"Visualizador";"Proyecto principal";"6. Proyecto Finalizado";"19";"No";"No";"";"No Evaluado";"";"0";"P3";"BRMG01-CIE";"0";"0";"279a7406-2781-4b69-bb01-50dc0d0c3aaa";""
"App Conteos Mangapallets RFID";"MXCD14";"ferortiz";"Visualizador";"Proyecto ramificado";"";"";"No";"No";"";"No Evaluado";"";"0";"C2  Roll Out  P1";"Sin equipo";"0";"0";"276bdd4d-d26d-4c4e-9839-34df0224cd13";""
"[Q3 - 2026] -  [Movements] Avances de Sistema Movements - Big Bang (MLC)";"FOS";"marcealmeida";"Visualizador";"Proyecto principal";"Implement";"15";"No";"No";"";"No Evaluado";"";"0";"";"FOS-Regional";"0";"0";"19407e95-e420-4e70-a8e6-0815253ff1d3";""
"[Q3 - 2026] - Q3- Granel MLB";"REGIONAL";"matdelgado";"Visualizador";"Proyecto principal";"Implement";"14";"No";"Sí";"Período en curso con estado Backlog.";"No Evaluado";"";"1";"";"Métodos de Carga & YMS";"0";"0";"22a399ee-4ef1-45f8-bd4d-a24d88f72ae7";""
"Implementação Comunicação aérea | Stage Out ";"BRRC02";"viniciufigue";"Visualizador";"Proyecto principal";"5. Sustentabilidad";"14";"No";"Sí";"Período en curso con estado Backlog.";"No Evaluado";"";"1";"P3";"BRRC02-CIE";"0";"0";"1504ea42-07d4-4474-95be-64ba6093f5e2";""
"Recolha de Resíduos por Terceiro Especializado";"BRSP02";"iutorremelo";"Visualizador";"Proyecto principal";"MVP";"15";"Sí";"No";"";"No Evaluado";"";"0";"";"MLB-Log Inversa";"72000";"1-500";"15dabf0d-2f07-4146-b32e-9ed1db538536";""
"Redução da Quantidade Bipagem de Box ID não bipada em Receiving";"MXCD05";"marcosgomez";"Visualizador";"Proyecto ramificado";"5. Sustentabilidad";"15";"Sí";"No";"";"No Evaluado";"";"0";"C2  Roll Out  P2";"MXCD05-CIE";"0";"0";"1422897a-4a78-4328-be64-c2061de9c9e6";""
"P2M Clusterizado";"REGIONAL";"lmarinho";"Visualizador";"Proyecto principal";"MVP";"15";"No";"No";"";"No Evaluado";"";"0";"Systemic  P1";"PD Inbound";"0";"0";"21a28db7-cc5c-47da-9716-cfd227d86f15";""
"Redução da Quantidade Bipagem de Box ID não bipada em Receiving";"MXJC01";"secheverria";"Visualizador";"Proyecto ramificado";"5. Sustentabilidad";"15";"Sí";"No";"";"No Evaluado";"";"0";"C2  Roll Out  P2";"MXJC01-CIE";"0";"0";"1ffbd53e-0e8b-404e-a842-669da74973b4";""
"MLM Flyer Design";"MXCD20";"dperezmacari";"Visualizador";"Proyecto ramificado";"6. Proyecto Finalizado";"18";"No";"Sí";"Etapa final concluida  pero el proyecto no está Finalizado/Cancelado.";"No Evaluado";"";"0";"Roll Out  Green Belt  P1";"Sin equipo";"0";"0";"1a749ef7-4b88-46d9-b87c-ac43b2bb496f";""
"MLB Flyer Design";"BRMG04";"hhendsuzuki";"Visualizador";"Proyecto ramificado";"Implement";"15";"No";"No";"";"No Evaluado";"";"0";"Roll Out";"BRMG03-CIE";"0";"0";"24130e23-4378-42c2-ae5c-1b2444402edb";""
"Integracion a Incidentes Operativos";"REGIONAL";"dlameu";"Visualizador";"Proyecto principal";"";"";"No";"No";"";"No Evaluado";"";"0";"";"PD ICQA";"0";"0";"22c4b340-7fc4-4c49-bccd-aac5f9724041";""
"Inbound";"BRBA01";"mardeus";"Visualizador";"Proyecto principal";"Iniciativa";"14";"No";"Sí";"Período en curso con estado Backlog.";"No Evaluado";"";"0";"";"BRBA01-CIE";"0";"0";"175f6fbc-e09d-4abe-9d7c-8df6f0409283";""
"[Q3 - 2026] - Baker para uso com  sacas  MLB";"MTM";"letiferreira";"Visualizador";"Proyecto principal";"MVP";"14";"No";"Sí";"Período en curso con estado Backlog.";"No Evaluado";"";"0";"";"MTM-Regional";"0";"0";"270e26b5-065d-46ac-a7f4-15ee3c4c7768";""
"MLB Flyer Design";"BRRJ02";"beatcarvalho";"Visualizador";"Proyecto ramificado";"Implement";"14";"No";"Sí";"Período en curso con estado Backlog.";"No Evaluado";"";"0";"Roll Out";"BRRJ02-CIE";"0";"0";"1d818787-9301-4891-a573-9f7f2d78f878";""
"[Q3 - 2026] - Q3 - [HCM] Planejamento de ausencias";"HCM";"melsoares";"Visualizador";"Proyecto principal";"Develop";"14";"No";"Sí";"Período en curso con estado Backlog.";"No Evaluado";"";"0";"";"HCM-Regional";"0";"0";"224f8c71-bf6a-46e5-8f3c-ffae43066df6";""
"Carro-Rack Móvil de Selección de Espejos (MLM-MIRRORS)";"MXCD12";"ksanchezzamo";"Visualizador";"Proyecto principal";"Implement";"14";"No";"Sí";"Período en curso con estado Backlog.";"No Evaluado";"";"0";"";"MXCD12-CIE";"0";"0";"161fe826-bc3c-45d7-9f51-d6a48f4f6940";""
"Found Packing";"BRBA02";"irlreis";"Visualizador";"Proyecto ramificado";"5. Sustentabilidad";"15";"Sí";"No";"";"No Evaluado";"";"0";"Roll Out";"BRBA02-CIE";"0";"0";"1fadec7a-45ac-4877-90be-f606366447ad";""
"Processamento por Volume";"BRRC01";"angelnogueir";"Visualizador";"Proyecto ramificado";"";"";"No";"No";"";"No Evaluado";"";"0";"C1  Roll Out  P1";"Sin equipo";"0";"0";"17e850fd-02bb-476e-ab79-3623c80bdd7c";""
"[FOS - Assembly] - Armado de flujo unificado LEGO";"MXCD10";"misanchezaco";"Visualizador";"Proyecto ramificado";"5. Sustentabilidad";"15";"Sí";"No";"";"No Evaluado";"";"0";"P3";"MXCD10-CIE";"0";"0";"14ac547c-b242-4260-afe3-c1196373e0b4";""
"Aumento Capacidade Put Away";"BRBA02";"irlreis";"Visualizador";"Proyecto principal";"Implement";"15";"No";"No";"";"No Evaluado";"";"0";"P2";"BRBA02-CIE";"0";"0";"1ae6eb1e-79c7-478a-8c25-8842e7aecb79";""
"Aumento de Produtividade P2S ";"BRBA02";"lkennedy";"Visualizador";"Proyecto principal";"Develop";"15";"No";"No";"";"No Evaluado";"";"0";"Systemic";"BRBA02-CIE";"15000";"1-500";"21269450-afd1-4ccf-b6dd-dd9a2d26c35c";""
"Revisin de conceptos: rea  zona  bin type";"REGIONAL";"";"Visualizador";"Proyecto principal";"POC";"15";"Sí";"No";"";"No Evaluado";"";"0";"P3";"PD Performance Management";"0";"0";"182bcba6-4d7f-4088-8e7b-40adab0f7abd";""
"[FOS - Assembly] - Armado de flujo unificado LEGO";"MXCD07";"odiazdolores";"Visualizador";"Proyecto ramificado";"5. Sustentabilidad";"15";"Sí";"No";"";"No Evaluado";"";"0";"P3";"MXCD07-CIE";"0";"0";"181298b6-f8e4-446a-a9c7-a26426425283";""
"[DESPACHO] Melhoria no Processo de Movimento de HUs";"MXCD10";"mestradaviey";"Visualizador";"Proyecto ramificado";"5. Sustentabilidad";"15";"Sí";"No";"";"No Evaluado";"";"0";"Roll Out";"MXCD10-CIE";"0";"0";"1e7d6e1b-1d45-4ff8-b31f-573e0704dd75";""
"MLB Flyer Design";"BRSP06";"gavasconcelo";"Visualizador";"Proyecto ramificado";"Implement";"15";"No";"No";"";"No Evaluado";"";"0";"Roll Out";"BRSP06-CIE";"0";"0";"25ed0ecd-9bf3-4089-9ba9-ee44aa3f769d";""
"[Q3 - 2026] - [Q3 FOS Reports -OOT] Documentación integral OOT";"FOS";"sarhernandez";"Visualizador";"Proyecto principal";"MVP";"14";"No";"Sí";"Período en curso con estado Backlog.";"No Evaluado";"";"0";"";"PD Stand-Regional";"0";"0";"187bae05-a406-4464-990d-1c78e540be04";""
"Procesamiento de Big Totable en mangas en RC Mecanizados";"REGIONAL";"molivieri";"Visualizador";"Proyecto principal";"Develop";"15";"No";"No";"";"No Evaluado";"";"0";"";"MTM IB – OB – PERFORMANCE MANAGEMENT";"0";"0";"2545caa3-ba11-4425-bc1c-048cb6769243";""
"MLM Sacola Design - Homologación de nuevos proveedores - Börse";"REGIONAL";"esanchezmari";"Visualizador";"Proyecto principal";"Develop";"15";"Sí";"No";"";"No Evaluado";"";"0";"";"PD MTM Packaging";"0";"0";"2571cae3-aeab-43b7-8e7a-044fa90aeb9b";""
"Painel HCM (Presentismo)";"BRMG01";"vsantpedr";"Visualizador";"Proyecto ramificado";"5. Sustentabilidad";"14";"Sí";"Sí";"Período en curso con estado Backlog.";"No Evaluado";"";"0";"C2  Roll Out  P1";"BRMG01-CIE";"0";"0";"21200624-f0b6-4fa0-8798-64653b0921ee";""
"Extended Sameday";"BRPE01";"mvmorais";"Visualizador";"Proyecto principal";"6. Proyecto Finalizado";"14";"Sí";"No";"";"No Evaluado";"";"0";"";"BRPE01-CIE";"0";"0";"23ebb297-21af-472d-aa9d-8b26ecbe44da";""
"Estandarização forma de teste bluetooth em triagem";"ARBA04";"tspath";"Visualizador";"Proyecto ramificado";"Implement";"14";"No";"Sí";"Período en curso con estado Backlog.";"No Evaluado";"";"0";"Roll Out  Systemic  P2";"Sin equipo";"0";"0";"1ac9ca5e-b080-4665-ab1f-82ce10dd987a";""
"Multi IS em Check In";"BRPE01";"igsandrade";"Visualizador";"Proyecto ramificado";"Implement";"15";"No";"No";"";"No Evaluado";"";"0";"P1";"BRPE01-CIE";"0";"0";"253ab613-cc36-4224-9328-66be0a7411a3";""
"[Q3 - 2026] - Seguimiento a Desarrollos NTM";"Nodeflow";"abisahernand";"Visualizador";"Proyecto principal";"MVP";"15";"No";"No";"";"No Evaluado";"";"0";"";"Nodeflow-Regional";"0";"0";"20ff51be-2766-4acf-b9c6-e7c5e61cd651";""
"Estandarização forma de teste bluetooth em triagem";"BRMG01";"anasi";"Visualizador";"Proyecto ramificado";"Implement";"14";"No";"Sí";"Período en curso con estado Backlog.";"No Evaluado";"";"0";"Roll Out  Systemic  P2";"Sin equipo";"0";"0";"165a6642-9002-4334-9c38-41abfc579e73";""
"Buffers Pre PA";"BRPR01";"ataschetto";"Visualizador";"Proyecto ramificado";"6. Proyecto Finalizado";"14";"Sí";"No";"";"No Evaluado";"";"0";"P1";"BRPR01-CIE";"0";"0";"1d1660e6-26ef-4dab-ab01-47194d1d606a";""
"Stage In Dirigido - Fase 2";"BRRC01";"ismrodrigues";"Visualizador";"Proyecto principal";"Implement";"15";"No";"No";"";"No Evaluado";"";"4";"Systemic  P2";"BRRC01-CIE";"0";"0";"154e756a-56ef-4007-9b54-7802ab3ad632";""
"Incidentes Operativos CX ";"REGIONAL";"dlameu";"Visualizador";"Proyecto principal";"5. Sustentabilidad";"15";"No";"No";"";"No Evaluado";"";"1";"Systemic  P3";"PD ICQA";"0";"0";"1dc95985-9ff9-460b-bed6-279b7914fad0";""
"Padronização Equipamentos LI";"REGIONAL";"tonishi";"Visualizador";"Proyecto principal";"Develop";"18";"No";"No";"";"No Evaluado";"";"0";"";"MLB-Log Inversa";"0";"0";"1cf0bcb4-f9d5-4282-a289-f713cf45c775";""
"[Q3 - 2026] - Saca Std MLB";"MTM";"letiferreira";"Visualizador";"Proyecto principal";"MVP";"14";"No";"Sí";"Período en curso con estado Backlog.";"No Evaluado";"";"0";"";"MTM-Regional";"0";"0";"1fe01220-5692-4eb0-aa4c-9c94de900fff";""
"Head Count Management - FBM";"BRRC02";"angelnogueir";"Visualizador";"Proyecto ramificado";"5. Sustentabilidad";"15";"No";"No";"";"No Evaluado";"";"1";"Systemic  P1";"BRRC02-CIE";"0";"0";"1ed6fd0b-b450-41b3-86de-300ec0e95e65";""
"MOI v2 | MXCD02";"MXCD02";"eposadas";"Visualizador";"Proyecto principal";"5. Sustentabilidad";"15";"No";"No";"";"No Evaluado";"";"0";"P1";"MXCD02-CIE";"0";"0";"1ebe83e7-059a-4a8f-a31a-f640bc501d4c";""
"IO - Inbound Audit";"BRSP02";"jplevada";"Visualizador";"Proyecto ramificado";"";"";"No";"No";"";"No Evaluado";"";"0";"Roll Out  P2";"BRSP02-CIE";"0";"0";"159ff267-a794-4415-8680-deb2cb0da523";""
"Devos con colecta";"REGIONAL";"smarrari";"Visualizador";"Proyecto principal";"Implement";"15";"Sí";"No";"";"No Evaluado";"";"0";"P1";"PD Logistica Inversa";"520000";"500-1000";"196676ce-4249-4d82-b7a5-43a956a1def7";""
"[SHIPPING] Canalização por Finger";"BRBA01";"nssouza";"Visualizador";"Proyecto ramificado";"";"";"No";"No";"";"No Evaluado";"";"0";"Roll Out";"BRBA01-CIE";"0";"0";"27038e94-6441-44b0-b0cf-9b1572bb9f0a";""
"[Q3_2026] Otimização de MHEs ";"BRSP15";"rmarsantos";"Visualizador";"Proyecto principal";"5. Sustentabilidad";"15";"No";"No";"";"No Evaluado";"";"0";"";"BRSP15-CIE";"0";"0";"1b06ee76-fa07-428a-bc42-cec1c839ca0c";""
"Clasificacion de Jaulas por CPT en Armado de HU";"ARBA04";"hlyon";"Visualizador";"Proyecto principal";"Develop";"15";"Sí";"Sí";"Período en curso con estado Backlog.";"No Evaluado";"";"2";"";"ARBA04-CIE";"0";"0";"15b06b9d-3273-42f2-a7ac-813906515a25";""
"LMS-  Actualización en el Proceso de Picking (SSKU)";"MXCD10";"misanchezaco";"Visualizador";"Proyecto ramificado";"";"";"No";"No";"";"No Evaluado";"";"0";"Roll Out";"MXCD10-CIE";"0";"0";"1fc949e5-f7dd-463a-ab14-aae5fc6157a5";""
"HERMES — Catalogação de Rezagos e Salvados Não Sistêmicos";"BRSP15";"rmarsantos";"Visualizador";"Proyecto ramificado";"";"";"No";"No";"";"No Evaluado";"";"0";"C1  Roll Out  Non-Systemic  P1";"Sin equipo";"0";"0";"276a6769-f519-4e39-8b87-87bb2341e654";""
"Implementación de programas WOW";"SMX01";"jomartinezpr";"Visualizador";"Proyecto principal";"Implement";"18";"No";"Sí";"Período marcado como Done con fecha de finalización en el futuro.";"No Evaluado";"";"0";"";"MLM-Log Inversa";"0";"0";"18db88f3-fc8f-40b0-8d9e-109ef704f9a6";""
"Redução da Quantidade Bipagem de Box ID não bipada em Receiving";"COCU02";"ext_cammaldo";"Visualizador";"Proyecto ramificado";"5. Sustentabilidad";"15";"No";"No";"";"No Evaluado";"";"0";"C2  Roll Out  P2";"COCU02-CIE";"0";"0";"278900be-d6ed-4914-ae09-4237c0bd26d7";""
"COCU02 - HeatMap FOS";"COCU02";"ext_cammaldo";"Visualizador";"Proyecto principal";"Implement";"15";"Sí";"No";"";"No Evaluado";"";"0";"Non-Systemic  P2";"COCU02-CIE";"0";"0";"1ce03cc4-aa7f-49b0-b804-6a4ad438d2e0";""
"App Conteos Mangapallets RFID";"BRSP19";"llyhmkus";"Visualizador";"Proyecto ramificado";"Implement";"14";"No";"Sí";"Período en curso con estado Backlog.";"No Evaluado";"";"0";"C2  Roll Out  P1";"Sin equipo";"0";"0";"1f3ab520-347c-468a-92fe-6e871ddea15e";""
"Optimización en proceso HV para SMX1";"SMX01";"francimartin";"Visualizador";"Proyecto principal";"MVP";"15";"No";"No";"";"No Evaluado";"";"0";"P2";"MLM-Log Inversa";"0";"0";"27a1fbe2-3c55-41ce-8263-c1a05f7a16c3";""
"[Retiros] Envios directos";"ARBA01";"gonflorez";"Visualizador";"Proyecto ramificado";"5. Sustentabilidad";"15";"Sí";"No";"";"No Evaluado";"";"1";"Roll Out";"ARBA01 - Log Inversa";"0";"0";"1e0b7824-e156-436e-b903-96cb20c4c48b";""
"POC Carga a granel MXCD12";"MXCD12";"ialcalafabia";"Visualizador";"Proyecto principal";"";"";"No";"No";"";"No Evaluado";"";"0";"";"MXCD12-CIE";"0";"0";"1ecc75b0-f209-4e8e-bebd-3b5825a0c4e7";""
"Login / Incio de Sessão com uso de QR Code";"BRRC02";"angelnogueir";"Visualizador";"Proyecto ramificado";"5. Sustentabilidad";"15";"No";"No";"";"No Evaluado";"";"0";"Roll Out";"BRRC02-CIE";"0";"0";"18f15c26-6fbf-4cc1-9e61-d6bc61954117";""
"[Q3 - 2026 FULL] - MVP de HC Freeze.";"ARBA04";"hlyon";"Visualizador";"Proyecto ramificado";"Implement";"15";"No";"No";"";"No Evaluado";"";"0";"Roll Out  P1";"Sin equipo";"0";"0";"22904e60-bc9f-4199-a322-2e4fecbdec1a";""
"IO - CDU - Reapertura de IS";"REGIONAL";"adrsato";"Visualizador";"Proyecto principal";"";"";"No";"No";"";"No Evaluado";"";"0";"";"PD Performance Management";"0";"0";"2207d9e9-b883-404a-823c-4c215fa8aa6c";""
"People";"REGIONAL";"vrosano";"Visualizador";"Proyecto principal";"Iniciativa";"16";"No";"No";"";"No Evaluado";"";"0";"";"Digital Solutions";"0";"0";"1559b395-53c6-443e-b06c-559f3424da66";""
"Operational Actional - Cancelaciones Masivas";"REGIONAL";"leaalves";"Visualizador";"Proyecto principal";"";"";"No";"No";"";"No Evaluado";"";"0";"Systemic  P2";"PD Outbound";"0";"0";"2052a7e6-ade9-40bb-b3a3-76e299e3649d";""
"[Q3 - 2026] - Flujo General de devos con colecta ";"REGIONAL";"smarrari";"Visualizador";"Proyecto principal";"Implement";"14";"No";"Sí";"Período en curso con estado Backlog.";"No Evaluado";"";"0";"";"PyMs H&B y Inversa TTE";"0";"0";"21ccf808-6056-4c07-8a71-19ebaa9f3c0a";""
"3.6 Soporte - Mejoras en la experiencia de gestión de usuarios para lideres";"BRDF01";"rhaag";"Visualizador";"Proyecto ramificado";"Implement";"14";"Sí";"No";"";"No Evaluado";"";"0";"Roll Out";"BRDF01-CIE";"0";"0";"253a97d3-5d23-4c52-b7ee-38d30ac49799";""
"[Q3 - 2026] - Q3 - Pago de Ambulancias por Billing";"LM";"ksarquiz";"Visualizador";"Proyecto principal";"Implement";"14";"Sí";"No";"";"No Evaluado";"";"0";"";"LM-Regional";"0";"0";"1ea8136f-923c-440b-a028-9db8256a861a";""
"Control de Horas Extras - Banco de Horas";"REGIONAL";"adrsato";"Visualizador";"Proyecto principal";"Implement";"14";"No";"No";"";"No Evaluado";"";"0";"";"PD Performance Management";"0";"0";"25e1d1ee-6110-41fa-a4a2-18e6655567a9";""
"Buffers Pre PA";"CLBB01";"eperezmoreno";"Visualizador";"Proyecto ramificado";"6. Proyecto Finalizado";"18";"No";"Sí";"Etapa final concluida  pero el proyecto no está Finalizado/Cancelado.";"No Evaluado";"";"1";"P1";"Metros";"0";"0";"19e42113-f00d-4001-9431-ee08bc01899e";""
"MLP ideal ";"Lean MCO";"jefajardo";"Visualizador";"Proyecto principal";"Implement";"15";"No";"No";"";"No Evaluado";"";"1";"Non-Systemic  P1";"Lean MCO-Conosur/MCO/ Américas (Bogotá)";"0";"0";"17da7901-daf8-45be-8b69-ec2c9e6de4a1";""
"Found Packing";"BRRJ02";"beatcarvalho";"Visualizador";"Proyecto ramificado";"6. Proyecto Finalizado";"14";"Sí";"No";"";"No Evaluado";"";"0";"Roll Out";"BRRJ02-CIE";"0";"0";"21b461ac-ea60-43c3-84a7-fcee21de412c";""
"[Q3 - 2026] - Nuevo Gate";"YMS";"oseanrodrigu";"Visualizador";"Proyecto principal";"Implement";"14";"No";"Sí";"Período en curso con estado Backlog.";"No Evaluado";"";"0";"";"YMS-Regional";"0";"0";"166897b6-8f3f-4056-9747-242cef2e9ee8";""
"MLM Flyer Design";"MXCD05";"antomendoza";"Visualizador";"Proyecto ramificado";"6. Proyecto Finalizado";"15";"No";"No";"";"No Evaluado";"";"0";"Roll Out  Green Belt  P1";"MXCD05-CIE";"0";"0";"208aead9-1997-4496-8581-c84487ee5cc0";""
"[Q3 - 2026] - [PyMes Q3] Devices Manager";"REGIONAL";"aberto";"Visualizador";"Proyecto principal";"Implement";"15";"No";"No";"";"No Evaluado";"";"0";"";"PyMs H&B y Inversa TTE";"0";"0";"1518ef5c-f32b-4a00-b3bb-2afc3a6e5f06";""
"MLM Sacola Design - Homologación de nuevos proveedores - MUPLAS";"REGIONAL";"esanchezmari";"Visualizador";"Proyecto principal";"Implement";"15";"Sí";"No";"";"No Evaluado";"";"0";"";"PD MTM Packaging";"1114000";"1000+";"19f690af-4728-452e-8089-31234513c874";""
"[Q3 - 2026] - Implementación bloqueo repros 23h";"LM";"cramirezvala";"Visualizador";"Proyecto principal";"Implement";"14";"Sí";"No";"";"No Evaluado";"";"0";"";"LM-Regional";"0";"0";"169ecd0c-2686-4980-b4de-c6ebea90cabc";""
"[Q3] DANFE en Packing returns y retiro";"BRSP02";"acastellanos";"Visualizador";"Proyecto principal";"Develop";"19";"No";"No";"";"No Evaluado";"";"0";"Systemic  P2";"PD Logistica Inversa";"0";"0";"1a3cc6dc-8a69-4598-b083-876899747a08";""
"Redução da Quantidade Bipagem de Box ID não bipada em Receiving";"BRSP10";"gton";"Visualizador";"Proyecto ramificado";"Implement";"15";"No";"No";"";"No Evaluado";"";"0";"C2  Roll Out  P2";"BRSP10-CIE";"0";"0";"21eadc6b-4b76-4763-a90e-295b19731d60";""
"Gestión y Trazabilidad de EnoE - En Transporte";"REGIONAL";"jesmartinez";"Visualizador";"Proyecto principal";"Discovery";"18";"Sí";"No";"";"No Evaluado";"";"0";"P3";"PD Logistica Inversa";"0";"0";"1bb62aa2-d649-43b7-b567-bd862c93136b";""
"MOI Packing";"BRSP10";"safialho";"Visualizador";"Proyecto principal";"Implement";"14";"No";"Sí";"Período en curso con estado Backlog.";"No Evaluado";"";"0";"";"BRSP10-CIE";"0";"0";"21722fb9-936e-49d4-8359-21e971f3db02";""
"IO - Pick to Movable - Mejoras";"REGIONAL";"adrsato";"Visualizador";"Proyecto principal";"";"";"No";"No";"";"No Evaluado";"";"0";"P3";"PD Performance Management";"0";"0";"221c57c3-c1ba-41c2-9c03-cb6744228b6d";""
"TUGGER — Optimización de Traslados INP y NTB";"MXRC03";"jorivero";"Visualizador";"Proyecto principal";"Develop";"15";"No";"No";"";"No Evaluado";"";"0";"";"MXRC03-CIE";"128287";"1-500";"1f256e36-f4da-43c0-be78-da55383825c8";""
"Prueba 08-08-2026";"REGIONAL";"angallegos";"Visualizador";"Proyecto principal";"MVP";"14";"Sí";"Sí";"Período en curso con estado Backlog.";"No Evaluado";"";"0";"C1  C2  C3  Non-Systemic  P2";"RO Plan - MTM, ICQA e Cross";"0";"0";"2436f03a-bebe-4214-8d7a-145bf79d8bea";""
"Cerberus";"BRSP09";"vitosantana";"Visualizador";"Proyecto ramificado";"5. Sustentabilidad";"15";"No";"No";"";"No Evaluado";"";"0";"Roll Out  P3";"BRSP09-CIE";"0";"0";"1667e80a-caf5-4887-96dd-23f10318a38f";""
"RC Automatizado";"REGIONAL";"alersouza";"Visualizador";"Proyecto principal";"6. Proyecto Finalizado";"14";"Sí";"No";"";"No Evaluado";"";"0";"Systemic  P1";"Robotics & Automation";"0";"0";"22fe389f-c02f-49dc-a460-ca2dafd21656";""
"Homologação Perfecta Packing Machine";"REGIONAL";"rodbraga";"Visualizador";"Proyecto principal";"5. Sustentabilidad";"14";"Sí";"No";"";"No Evaluado";"";"0";"";"PD MTM Packaging";"0";"0";"23e95ea2-9fed-41e4-9c50-c4e31af71fd1";""
"Fluxo de Put away Espert";"REGIONAL";"sbarbosa";"Visualizador";"Proyecto principal";"6. Proyecto Finalizado";"14";"Sí";"No";"";"No Evaluado";"";"0";"";"BRBA01-OC";"0";"0";"1985e3d8-d725-4862-a35a-ed7c402187ec";""
"Q3 | Pulverizado calceta Nike";"MXCD07";"odiazdolores";"Visualizador";"Proyecto principal";"6. Proyecto Finalizado";"19";"No";"No";"";"Evaluado - Sucess rate - Sí";"";"0";"";"MXCD07-CIE";"0";"0";"1a7ba24e-a533-4b77-9897-f53f5a3c4712";""
"Outros - ICQA - MWH - Reversa";"BRSP14";"leilasi";"Visualizador";"Proyecto principal";"Iniciativa";"2";"No";"No";"";"No Evaluado";"";"0";"";"BRSP14-CIE";"0";"0";"173ffaea-1d10-4c5d-8bac-0156494de61e";""
"[Q3 - 2026] - POC Asignación automática de doca LH - Dock Scheduling";"YMS";"oseanrodrigu";"Visualizador";"Proyecto principal";"POC";"14";"No";"Sí";"Período en curso con estado Backlog.";"No Evaluado";"";"0";"";"YMS-Regional";"0";"0";"257d26a6-5dc1-4335-938a-40c5821a712e";""
"Mejora de productividad en packing PTW ";"MXGT01";"ricgarcialop";"Visualizador";"Proyecto principal";"Implement";"15";"No";"No";"";"No Evaluado";"";"0";"";"MXGT01-CIE";"0";"0";"14dc0e26-5db7-499d-816d-46e1f3dfa99c";""
"Eliminação do FIlm Stretch para Putaway";"BRSP02";"";"Visualizador";"Proyecto principal";"Implement";"14";"Sí";"No";"";"No Evaluado";"";"0";"";"MLB-Log Inversa";"300000";"1-500";"17ed24af-962a-452d-9d06-2e7a59e871ec";""
"Cajoneras ARBA";"REGIONAL";"cibortolozzo";"Visualizador";"Proyecto principal";"6. Proyecto Finalizado";"14";"Sí";"No";"";"No Evaluado";"";"0";"";"PD MTM Storage Solution";"1138000";"1000+";"26021c0a-cb4b-43a9-aeac-d5bda678dd40";""
"RS metálicos";"MXCD07";"odiazdolores";"Visualizador";"Proyecto principal";"6. Proyecto Finalizado";"19";"Sí";"No";"";"No Evaluado";"";"0";"P1";"MXCD07-CIE";"0";"0";"2388aaa9-536f-49c9-b58f-f7a07a72f140";""
"BIG TOTABLE ADAPTADO RJ02";"BRRJ02";"ttristao";"Visualizador";"Proyecto principal";"Develop";"15";"No";"No";"";"No Evaluado";"";"0";"P1";"BRRJ02-CIE";"0";"0";"1c6d9fd6-e511-4959-aab0-27851040dcb7";""
"Packing";"BRBA01";"mardeus";"Visualizador";"Proyecto principal";"Iniciativa";"18";"No";"Sí";"Período marcado como Done con fecha de finalización en el futuro.";"No Evaluado";"";"0";"";"BRBA01-CIE";"0";"0";"18e86a2d-e9b1-4527-8c39-e613edeb866a";""
"Put Away Multi Unit";"REGIONAL";"";"Visualizador";"Proyecto principal";"";"";"No";"No";"";"No Evaluado";"";"0";"Roll Out";"RO Planning Mexico";"0";"0";"20c0e7ea-5d04-420e-8a01-a60f7304c6b0";""
"[Q3 - 2026] - Palabra clave en buyer rejected";"LM";"cramirezvala";"Visualizador";"Proyecto principal";"POC";"14";"Sí";"No";"";"No Evaluado";"";"0";"";"LM-Regional";"0";"0";"1d2a8986-c8b3-46c5-b77d-f78430ea6839";""
"Founds: reportar productos caídos en IB y OB";"REGIONAL";"usilva";"Visualizador";"Proyecto principal";"5. Sustentabilidad";"15";"Sí";"No";"";"No Evaluado";"";"0";"Roll Out  P2";"PD ICQA";"0";"0";"14b40343-1e14-4453-91c6-97b460d6271f";""
"Manga Pallet";"ARBA01";"flizarraga";"Visualizador";"Proyecto principal";"MVP";"15";"No";"No";"";"No Evaluado";"";"0";"";"ARBA01-CIE";"1092287";"1000+";"14f7e2f7-e96d-419b-9df2-d34b80037ffc";""
"IO - Batch Sorter";"MXCD10";"clgonzalezpa";"Visualizador";"Proyecto ramificado";"5. Sustentabilidad";"14";"Sí";"Sí";"Período en curso con estado Backlog.";"No Evaluado";"";"0";"Roll Out  P2";"MXCD10-CIE";"0";"0";"1eda85c4-c913-4cdb-8a4b-ede05eb314f9";""
"Nueva estrategia de conteos SOX";"REGIONAL";"usilva";"Visualizador";"Proyecto principal";"Develop";"14";"Sí";"No";"";"No Evaluado";"";"0";"";"PD ICQA";"0";"0";"21b9576a-4aaf-455a-a1cf-22e849a2b559";""
"Login / Incio de Sessão com uso de QR Code";"BRRC01";"angelnogueir";"Visualizador";"Proyecto ramificado";"5. Sustentabilidad";"15";"No";"Sí";"Período en curso con estado Backlog.";"No Evaluado";"";"1";"Roll Out";"BRRC01-CIE";"0";"0";"18f970fc-24d3-4641-8ae2-2c0a25166bea";""
"[Q3 - 2026] - Activación LMS - Modulos de LI";"REGIONAL";"smarrari";"Visualizador";"Proyecto principal";"MVP";"14";"Sí";"No";"";"No Evaluado";"";"0";"";"PyMs H&B y Inversa TTE";"0";"0";"213fa8e4-d1f1-4b9d-87ed-87746b64c3dd";""
"[Q3 - 2026] - Implementação HUs exclusivas - Process";"FOS";"angelicolive";"Visualizador";"Proyecto principal";"Implement";"14";"Sí";"Sí";"Período en curso con estado Backlog.";"No Evaluado";"";"0";"";"FOS-Regional";"0";"0";"24fa083a-9f4c-4b3b-bc3c-3809e2529fe8";""
"[Q226] ALTERAR O FLUXO DE ENTRADA DO CAD - MG02";"BRMG02";"spmorais";"Visualizador";"Proyecto principal";"5. Sustentabilidad";"19";"No";"No";"";"No Evaluado";"";"0";"";"BRMG02-CIE";"30000";"1-500";"22e3e1a4-2c97-41d9-854b-6451ff60ed20";""
"Teste ro 10-08";"MXALP1";"jmejorada";"Visualizador";"Proyecto ramificado";"5. Sustentabilidad";"14";"Sí";"No";"";"No Evaluado";"";"0";"C1  Roll Out";"MXCD09-CIE";"0";"0";"1d84d39c-e545-45b1-be3c-4ba82f06dcb1";""
"Incremento de canalizaciones RC BR";"BRRC01";"cherrera";"Visualizador";"Proyecto principal";"MVP";"15";"No";"No";"";"No Evaluado";"";"0";"";"MTM IB – OB – PERFORMANCE MANAGEMENT";"0";"0";"18426759-9e1a-487f-a75d-b27492dd2304";""
"MVP |  BOXI- nativo Picking";"MXCD07";"odiazdolores";"Visualizador";"Proyecto ramificado";"";"";"No";"No";"";"No Evaluado";"";"0";"Roll Out";"MXCD07-CIE";"0";"0";"20efaa62-4bdc-48f7-96f0-a173aab2a418";""
"Nova Meli SKU Data Matrix";"REGIONAL";"lvicentini";"Visualizador";"Proyecto principal";"Develop";"15";"No";"No";"";"No Evaluado";"";"0";"P2";"PD Inbound";"109846";"1-500";"2720a500-c1c8-4b37-afe6-1ac7736dca71";""
"Mezzanine 7";"MXNL01";"carlramos";"Visualizador";"Proyecto principal";"Implement";"15";"No";"No";"";"No Evaluado";"";"0";"";"MXNL01-CIE";"0";"0";"1d6d61a2-3f0f-4600-8412-1234a32d61ba";""
"Recibo de confianza [Piloto]";"MXCD06";"krivaldez";"Visualizador";"Proyecto ramificado";"MVP";"14";"Sí";"Sí";"Período en curso con estado Backlog.";"No Evaluado";"";"1";"";"MXCD06-CIE";"0";"0";"25162387-09b2-4657-be9c-e668a38a67b1";""
"Ajuste de Stock en WMS (Prender MLB)";"BRDF01";"rhaag";"Visualizador";"Proyecto ramificado";"5. Sustentabilidad";"15";"No";"No";"";"No Evaluado";"";"0";"Roll Out  P2";"Metros";"0";"0";"234b7376-1dfd-4496-8d4f-72b645fdcbe1";""
"Login / Incio de Sessão com uso de QR Code";"MXJC02";"fcapetillosi";"Visualizador";"Proyecto ramificado";"6. Proyecto Finalizado";"15";"Sí";"No";"";"No Evaluado";"";"0";"Roll Out";"MXJC02-CIE";"0";"0";"21b1179d-73bd-45b3-98d8-e04ad40a0752";""
"Integración Masiva de Incidentes Operativos";"BRMG01";"anasi";"Visualizador";"Proyecto ramificado";"5. Sustentabilidad";"18";"No";"No";"";"No Evaluado";"";"0";"Roll Out  P1";"BRMG01-CIE";"0";"0";"1cfc0ecc-09bf-4362-b9cf-329f9ad40a84";""
"Acceso Contextual : Sinergia Temporal";"REGIONAL";"letialvarez";"Visualizador";"Proyecto principal";"";"";"No";"No";"";"No Evaluado";"";"0";"C1";"PD Performance Management";"0";"0";"207d1940-48b9-4f9d-b7fc-8014413eb825";""
"Integración Masiva de Incidentes Operativos";"MXYU01";"ghernandez";"Visualizador";"Proyecto ramificado";"";"";"No";"No";"";"No Evaluado";"";"0";"Roll Out  P1";"MXYU01-CIE";"0";"0";"1981cf59-86fe-40a0-888a-0c8260fe61af";""
"Takeover - Pruebas funcionales y Operativas";"REGIONAL";"josmoreno";"Visualizador";"Proyecto principal";"Implement";"15";"Sí";"No";"";"No Evaluado";"";"0";"P1";"Robotics & Automation";"0";"0";"206b6226-d07f-4604-8382-f863a8cf6c0f";""
"MOI - SHIPPING (Cross docking)";"BRPR01";"ataschetto";"Visualizador";"Proyecto principal";"6. Proyecto Finalizado";"14";"Sí";"No";"";"No Evaluado";"";"0";"";"BRPR01-CIE";"0";"0";"225b7931-4508-4f6b-8ab4-adaeb9fc5f1b";""
"Acceso Contextual : Sinergia Temporal";"BRSP26";"";"Visualizador";"Proyecto ramificado";"";"";"No";"No";"";"No Evaluado";"";"0";"C1  Roll Out";"Sin equipo";"0";"0";"28959ad9-6abb-4138-83db-b1639cc92130";""
"Mudanças na app de gestão de usuarios e ações massivas : Mudança de líder e extensão de caducidad";"BRSP11";"";"Visualizador";"Proyecto ramificado";"";"";"No";"No";"";"No Evaluado";"";"0";"Roll Out";"BRSP11-CIE";"0";"0";"28bff52f-6f60-472c-a002-851ab9b4f38c";""
"HERMES — Catalogação de Rezagos e Salvados Não Sistêmicos";"XEM01";"";"Visualizador";"Proyecto ramificado";"";"";"No";"No";"";"No Evaluado";"";"0";"C1  Roll Out  Non-Systemic  P1";"Sin equipo";"0";"0";"29038810-c2f8-4f26-9f0c-ef88014bfbf6";""
"Gestión de insumos reutilizables";"BRSP26";"";"Visualizador";"Proyecto ramificado";"";"";"No";"No";"";"No Evaluado";"";"0";"Roll Out";"Sin equipo";"0";"0";"2994de49-11ee-48aa-88a3-04b44ca951a9";""
"[HCM] Trava sistemica para scheduling com prazo de até 2 meses";"HCM";"";"Visualizador";"Proyecto principal";"";"";"No";"No";"";"No Evaluado";"";"0";"";"HCM-Regional";"0";"0";"2995774c-12f7-450e-9f99-afbb38ed849b";""
"Gestión de insumos reutilizables";"BRSP24";"";"Visualizador";"Proyecto ramificado";"";"";"No";"No";"";"No Evaluado";"";"0";"Roll Out";"Sin equipo";"0";"0";"2997cf16-9c94-4039-9599-8b3dbdb531e2";""
"Nuevo acceso a "Mi rendimiento" desde BOXI para Desktop ";"BRSP14";"";"Visualizador";"Proyecto ramificado";"";"";"No";"No";"";"No Evaluado";"";"0";"Roll Out  P3";"Sin equipo";"0";"0";"29c8b483-2276-4c85-9349-f636598561c7";""
"Cambio en la Tool de Gestion de proveedores";"GROOT";"";"Visualizador";"Proyecto principal";"";"";"No";"No";"";"No Evaluado";"";"0";"";"GROOT-Regional";"0";"0";"2a02ffa7-3cab-47b5-ac48-25b2644b1e83";""
"Acceso Contextual : Sinergia Temporal";"MXCD11";"";"Visualizador";"Proyecto ramificado";"";"";"No";"No";"";"No Evaluado";"";"0";"C1  Roll Out";"Sin equipo";"0";"0";"2a36d686-6f37-4cc5-8558-a04b848d821d";""
"Gestión de insumos reutilizables";"ARBA01";"";"Visualizador";"Proyecto ramificado";"";"";"No";"No";"";"No Evaluado";"";"0";"Roll Out";"Sin equipo";"0";"0";"2aa0066e-2a92-4e85-8593-9aa66a6c5986";""
"Acceso Contextual : Sinergia Temporal";"BRRC03";"";"Visualizador";"Proyecto ramificado";"";"";"No";"No";"";"No Evaluado";"";"0";"C1  Roll Out";"Sin equipo";"0";"0";"2ac36d2f-afdc-49a3-9e90-664048eb3714";""
"Cambio en la Tool de Gestion de proveedores";"GROOT";"";"Visualizador";"Proyecto principal";"";"";"No";"No";"";"No Evaluado";"";"0";"";"GROOT-Regional";"0";"0";"2b3894ae-861f-4b38-8ff2-c6712e477d64";""
"Nuevo acceso a "Mi rendimiento" desde BOXI para Desktop ";"MXRC04";"";"Visualizador";"Proyecto ramificado";"";"";"No";"No";"";"No Evaluado";"";"0";"Roll Out  P3";"Sin equipo";"0";"0";"2c5cb71c-7d3b-444b-8bc0-87deea8dbb69";""
"Mudanças na app de gestão de usuarios e ações massivas : Mudança de líder e extensão de caducidad";"BRMG03";"";"Visualizador";"Proyecto ramificado";"";"";"No";"No";"";"No Evaluado";"";"0";"Roll Out";"BRMG03-CIE";"0";"0";"2ca12a01-794f-4483-bf30-a69d2c244d40";""
"Nuevo acceso a "Mi rendimiento" desde BOXI para Desktop ";"MXNL02";"";"Visualizador";"Proyecto ramificado";"";"";"No";"No";"";"No Evaluado";"";"0";"Roll Out  P3";"Sin equipo";"0";"0";"2d0a6a5b-3b5d-4723-88d1-c34701240b03";""
"Proyecto prueba 11-08";"MXCD09";"";"Visualizador";"Proyecto ramificado";"";"";"No";"No";"";"No Evaluado";"";"0";"C1  Roll Out";"Sin equipo";"0";"0";"2d276d7c-7fc7-4ecb-aba4-2c0a903ded97";""
"NTM - Node Task Manager";"BRSP04";"";"Visualizador";"Proyecto ramificado";"";"";"No";"No";"";"No Evaluado";"";"0";"C1  Roll Out  Systemic  P1";"Sin equipo";"0";"0";"2d3ca281-ec93-477b-bc3a-3687c07a17cc";""
"Cambio en la Tool de Gestion de proveedores";"GROOT";"";"Visualizador";"Proyecto principal";"";"";"No";"No";"";"No Evaluado";"";"0";"";"GROOT-Regional";"0";"0";"2d4756db-6b41-45ba-be92-809d974612cf";""
"Nuevo acceso a "Mi rendimiento" desde BOXI para Desktop ";"BRSP29";"";"Visualizador";"Proyecto ramificado";"";"";"No";"No";"";"No Evaluado";"";"0";"Roll Out  P3";"Sin equipo";"0";"0";"2db43d71-6aef-4482-8dc2-811ae64d9c34";""
"Implementación AMR Tugger";"BRSP10";"";"Visualizador";"Proyecto ramificado";"";"";"No";"No";"";"No Evaluado";"";"0";"C1  Roll Out";"Sin equipo";"0";"0";"2e8f25df-89b5-4112-af0f-82792c9a69d6";""
"Nuevo TND Modo Mundial";"REGIONAL";"";"Visualizador";"Proyecto principal";"";"";"No";"No";"";"No Evaluado";"";"0";"";"PD Performance Management";"0";"0";"2f01758b-f995-4838-b6fb-80b69fc4638e";""
"Nova Home & Mi Perfil";"MXRC03";"";"Visualizador";"Proyecto ramificado";"";"";"No";"No";"";"No Evaluado";"";"0";"Roll Out";"MXRC03-CIE";"0";"0";"2f52ee34-bf7a-4e55-9707-25316be08bcf";""
"Gestión de insumos reutilizables";"MXRC03";"";"Visualizador";"Proyecto ramificado";"";"";"No";"No";"";"No Evaluado";"";"0";"Roll Out";"Sin equipo";"0";"0";"2fbb9a5c-e32e-4901-b28d-26567f7de369";""
"Automatização do Report de Fraude na Triagem de ENOEs";"BRRS01";"";"Visualizador";"Proyecto ramificado";"";"";"No";"No";"";"No Evaluado";"";"0";"C2  Roll Out  Systemic  P1";"Sin equipo";"0";"0";"302b4687-50f9-4ccf-8ebb-bc19d6f3e761";""
"Acesso Contextual - Contexto & Sinergias";"REGIONAL";"";"Visualizador";"Proyecto principal";"";"";"No";"No";"";"No Evaluado";"";"0";"Systemic  P1";"PD Performance Management";"0";"0";"315af302-ee0a-47fa-8bca-4c44f96a598f";""
"Gestión de insumos reutilizables";"MXJC01";"";"Visualizador";"Proyecto ramificado";"";"";"No";"No";"";"No Evaluado";"";"0";"Roll Out";"Sin equipo";"0";"0";"322e811a-aac1-499e-857c-2af31ef98718";""
"Gift Wrap";"MXGT01";"";"Visualizador";"Proyecto ramificado";"";"";"No";"No";"";"No Evaluado";"";"0";"C3  Roll Out  Systemic  P1";"Sin equipo";"0";"0";"32357044-23b5-4d4b-b554-d297b4ad566f";""
"Nuevo acceso a "Mi rendimiento" desde BOXI para Desktop ";"BRRS01";"";"Visualizador";"Proyecto ramificado";"";"";"No";"No";"";"No Evaluado";"";"0";"Roll Out  P3";"Sin equipo";"0";"0";"323fa6bc-159d-4e43-a9bd-3fad5cea03c5";""
"Ajuste de Caja Máxima Virtual MLM";"MXBC01";"";"Visualizador";"Proyecto ramificado";"";"";"No";"No";"";"No Evaluado";"";"0";"Roll Out  Systemic  P3";"Sin equipo";"0";"0";"32e4bfa1-2519-452a-8865-8381cabb11db";""
"GAP GGPXGNP  (Pilar 4: Yo me apunto)";"MXCD11";"";"Visualizador";"Proyecto ramificado";"";"";"No";"No";"";"No Evaluado";"";"0";"C1  Roll Out";"Sin equipo";"0";"0";"332b062d-130f-4922-890d-10cdfb835820";""
"NTM - Node Task Manager";"BRABA1";"";"Visualizador";"Proyecto ramificado";"";"";"No";"No";"";"No Evaluado";"";"0";"C1  Roll Out  Systemic  P1";"Sin equipo";"0";"0";"3472cd70-1fff-436e-9a41-aba276aa6e02";""
"Flyers MLB con PCR";"BRSP04";"";"Visualizador";"Proyecto ramificado";"";"";"No";"No";"";"No Evaluado";"";"0";"Roll Out";"Sin equipo";"0";"0";"34876969-52fc-4808-884c-a4a161ea737e";""
"Implementación AMR Tugger";"MXCD11";"";"Visualizador";"Proyecto ramificado";"";"";"No";"No";"";"No Evaluado";"";"0";"C1  Roll Out";"Sin equipo";"0";"0";"34cf7a12-bf19-418f-a475-4238f77faf9b";""
"Gestión de insumos reutilizables";"BRMG03";"";"Visualizador";"Proyecto ramificado";"";"";"No";"No";"";"No Evaluado";"";"0";"Roll Out";"Sin equipo";"0";"0";"3595a57a-e3cc-4793-8c91-bd757288f636";""
"Nova Home & Mi Perfil";"CLRM03";"";"Visualizador";"Proyecto ramificado";"";"";"No";"No";"";"No Evaluado";"";"0";"Roll Out";"CLRM03-CIE";"0";"0";"35b72a09-e146-4ab7-9419-6da144d74923";""
"Acesso Contextual - Mi Primero Proceso";"MXRC02";"";"Visualizador";"Proyecto ramificado";"";"";"No";"No";"";"No Evaluado";"";"0";"C1  Roll Out  P1";"Sin equipo";"0";"0";"35dd8214-1701-47ec-a2e6-940b06f911a5";""
"Mudanças na app de gestão de usuarios e ações massivas : Mudança de líder e extensão de caducidad";"MXCD12";"";"Visualizador";"Proyecto ramificado";"";"";"No";"No";"";"No Evaluado";"";"0";"Roll Out";"MXCD12-CIE";"0";"0";"35fadde4-a916-40ca-9c0f-b003788fc236";""
"HERMES — Catalogação de Rezagos e Salvados Não Sistêmicos";"BRSP25";"";"Visualizador";"Proyecto ramificado";"";"";"No";"No";"";"No Evaluado";"";"0";"C1  Roll Out  Non-Systemic  P1";"Sin equipo";"0";"0";"368d8a76-34d0-49fe-9af8-e00462d65240";""
"Flyers MLB con PCR";"BRSP06";"";"Visualizador";"Proyecto ramificado";"";"";"No";"No";"";"No Evaluado";"";"0";"Roll Out";"Sin equipo";"0";"0";"3777dd87-ca2a-495e-bca1-36ae115442cf";""
"Mezanino SP14 Fase 2.0";"BRSP14";"";"Visualizador";"Proyecto principal";"";"";"No";"No";"";"No Evaluado";"";"0";"";"BRSP14-CIE";"0";"0";"3826d9f4-5f50-4108-8fce-da0e0f6730e7";""
"Solicitud de WI y Entrenamiento";"REGIONAL";"";"Visualizador";"Proyecto principal";"";"";"No";"No";"";"No Evaluado";"";"0";"";"RO Plan - In, LI, MP e Metros";"0";"0";"38c63dea-2291-48e8-8518-75b99a681efe";""
"Prueba para RO";"MXYU01";"";"Visualizador";"Proyecto ramificado";"";"";"No";"No";"";"No Evaluado";"";"0";"Roll Out";"Sin equipo";"0";"0";"3a30388d-d6eb-48d6-8a8d-879de671ebfb";""
"Gestión de insumos reutilizables";"BRMG02";"";"Visualizador";"Proyecto ramificado";"";"";"No";"No";"";"No Evaluado";"";"0";"Roll Out";"Sin equipo";"0";"0";"3acf2c49-de7f-49a2-9aec-f56c8217eafc";""
"Gestión de insumos reutilizables";"BRPE01";"";"Visualizador";"Proyecto ramificado";"";"";"No";"No";"";"No Evaluado";"";"0";"Roll Out";"Sin equipo";"0";"0";"3addfc15-03ee-49b7-9bcf-cbc461107178";""
"Cambio en la Tool de Gestion de proveedores";"GROOT";"";"Visualizador";"Proyecto principal";"";"";"No";"No";"";"No Evaluado";"";"0";"";"GROOT-Regional";"0";"0";"3b612c58-bd1c-4821-8afc-a373e608d2b4";""
"Documentación de flujos no estandarizados";"REGIONAL";"crledesma";"Visualizador";"Proyecto principal";"Iniciativa";"14";"No";"Sí";"Período en curso con estado Backlog.";"No Evaluado";"";"0";"";"PD ICQA";"0";"0";"39ec8073-9ad3-4e78-b24d-a43e069f9989";""
"Buffers Pre PA";"BRMG04";"hhendsuzuki";"Visualizador";"Proyecto ramificado";"6. Proyecto Finalizado";"15";"Sí";"No";"";"No Evaluado";"";"0";"P1";"BRMG04-CIE";"0";"0";"356e52ce-6a1d-40ad-98bb-446b13b073a0";""
"Teste ro 10-08";"MXACJ1";"onascimento";"Visualizador";"Proyecto ramificado";"Implement";"14";"Sí";"No";"";"No Evaluado";"";"0";"C1  Roll Out";"BRSP06-CIE";"0";"0";"389cc584-3d20-4471-9ecb-6ce3e58a3bc4";""
"SLAs E2E";"REGIONAL";"";"Visualizador";"Proyecto principal";"Implement";"15";"Sí";"No";"";"No Evaluado";"";"0";"P2";"PD Inbound";"0";"0";"39213e98-c99b-421f-990b-f6d3043124fe";""
"Lego MLB";"REGIONAL";"eduarlima";"Visualizador";"Proyecto principal";"Develop";"14";"Sí";"No";"";"No Evaluado";"";"0";"P1";"PD MTM Storage Solution";"0";"0";"2b0cd499-e496-48a4-b3ae-e520df131347";""
"Simulação estatística Sorter MXC03";"REGIONAL";"marcicarvalh";"Visualizador";"Proyecto principal";"Discovery";"18";"No";"No";"";"No Evaluado";"";"0";"";"PD MTM Robotics & Layout";"0";"0";"3767ce54-32b5-46a3-9210-2f878a66a3bd";""
"[Q3 - 2026] - Q3 SVC_Ergonomia Indução Etiquetado Manga Palete MLM";"MTM";"isasseron";"Visualizador";"Proyecto principal";"POC";"14";"Sí";"No";"";"No Evaluado";"";"0";"";"MTM-Regional";"0";"0";"36973712-a679-40da-bf1b-b613b0f48f2e";""
"Carro P2M Non Totable";"MXCD05";"cherrera";"Visualizador";"Proyecto principal";"Implement";"19";"No";"No";"";"No Evaluado";"";"0";"Non-Systemic";"MTM IB – OB – PERFORMANCE MANAGEMENT";"0";"0";"28e33cf1-e3a4-433e-ac42-a8a20c3f97d4";""
"PEX 2026";"REGIONAL";"josmora";"Visualizador";"Proyecto principal";"Iniciativa";"15";"No";"No";"";"No Evaluado";"";"0";"";"OpEx Performance & Portfolio";"0";"0";"35f66e1d-cffd-4840-b4cf-055c99366fd2";""
"Inhub Simplificado";"BRPR01";"dkshimizu";"Visualizador";"Proyecto principal";"6. Proyecto Finalizado";"14";"Sí";"No";"";"No Evaluado";"";"0";"P1";"BRPR01-CIE";"0";"0";"39aea14d-2d81-4b98-8b69-1aaa17fb72b5";""
"Homologação Flyer Perfecta";"REGIONAL";"rodbraga";"Visualizador";"Proyecto principal";"";"";"No";"No";"";"No Evaluado";"";"0";"";"PD MTM Packaging";"0";"0";"399896a7-8f3e-4a09-a254-34ee34480cc7";""
"[Q3 - 2026] - BBK Reintentable";"LM";"cramirezvala";"Visualizador";"Proyecto principal";"Implement";"14";"Sí";"No";"";"No Evaluado";"";"0";"";"LM-Regional";"0";"0";"355eb5ed-0da6-4eac-893a-68b79e966bca";""
"Automatização do Report de Fraude na Triagem de ENOEs";"BRSP11";"rteixeiramon";"Visualizador";"Proyecto ramificado";"5. Sustentabilidad";"14";"No";"Sí";"Período en curso con estado Backlog.";"No Evaluado";"";"0";"C2  Roll Out  Systemic  P1";"Sin equipo";"0";"0";"2fd55206-aff2-4f03-ba57-29cef5a8b975";""
"[Q3 - 2026] - Q3 Sacadas Cono Sur";"CIC";"rsaquino";"Visualizador";"Proyecto principal";"MVP";"14";"Sí";"Sí";"Período en curso con estado Backlog.";"No Evaluado";"";"0";"";"CIC-Regional";"0";"0";"2af310d6-fc2c-4964-82ae-927d75020d91";""
"Flujo inbound";"COCU02";"ext_mamashly";"Visualizador";"Proyecto principal";"6. Proyecto Finalizado";"14";"No";"Sí";"Período en curso con estado Backlog.";"No Evaluado";"";"0";"";"COCU02-CIE";"0";"0";"34164ade-199d-4832-af21-f4782edd1e0b";""
"Picking Continuo Lego - Roll Out 2.0";"MXCD10";"oruizguevara";"Visualizador";"Proyecto ramificado";"Implement";"14";"Sí";"No";"";"No Evaluado";"";"0";"Roll Out  P1";"MXCD10-CIE";"0";"0";"31d41902-ca7a-4538-9e25-b9b58aa9a65c";""
"Big Totable End to End ";"MXRC03";"rsanchezcarm";"Visualizador";"Proyecto principal";"5. Sustentabilidad";"15";"No";"No";"";"No Evaluado";"";"0";"P1";"MXRC03-CIE";"0";"0";"38c46bd3-770c-4d11-9b06-7551541f168e";""
"Head Count Management - FBM";"BRBA02";"lkennedy";"Visualizador";"Proyecto ramificado";"5. Sustentabilidad";"15";"No";"No";"";"No Evaluado";"";"0";"P1";"BRBA02-CIE";"0";"0";"3a83ef30-630f-4670-9127-2dfeaacef658";""
"Evitar cruce de MU";"REGIONAL";"fandreu";"Visualizador";"Proyecto principal";"Develop";"14";"No";"Sí";"Período en curso con estado Backlog.";"No Evaluado";"";"0";"";"PD Inbound";"193479";"1-500";"397a3014-b5f1-47a6-8a81-759494656fd0";""
"[Q226] Carro Big Totable";"CLRM03";"djamett";"Visualizador";"Proyecto principal";"MVP";"15";"Sí";"No";"";"No Evaluado";"";"0";"";"CLRM03-CIE";"0";"0";"31c03917-4fd7-436a-bea7-40c4704a823b";""
"Super - Packing com balança";"REGIONAL";"lvicentini";"Visualizador";"Proyecto principal";"Discovery";"19";"No";"No";"";"No Evaluado";"";"0";"P1";"PD Inbound";"159996";"1-500";"38465cd2-1bb0-4d08-836f-648e09f02ca4";""
"Actualización de Time Outs- Q1 2026";"MXCD10";"misanchezaco";"Visualizador";"Proyecto ramificado";"";"";"No";"No";"";"No Evaluado";"";"0";"Roll Out";"MXCD10-CIE";"0";"0";"32150838-2d8c-42ab-ae11-496a27918c06";""
"[Q3 - 2026] - POC HC Freeze segunda fase";"YMS";"oseanrodrigu";"Visualizador";"Proyecto principal";"POC";"14";"No";"Sí";"Período en curso con estado Backlog.";"No Evaluado";"";"0";"";"YMS-Regional";"0";"0";"34a9ec28-fdc9-45f1-a3a5-617f45f4f5a8";""
"MLB Flyer Design";"BRSP02";"jplevada";"Visualizador";"Proyecto ramificado";"Implement";"15";"No";"No";"";"No Evaluado";"";"0";"Roll Out";"BRSP02-CIE";"0";"0";"2c1667af-836c-4d15-bfe2-64cbe20670d5";""
"[Q3 - 2026] - Q3 MLM - Pymes Zone - Cubicadores Estáticos";"CIC";"mayalaadame";"Visualizador";"Proyecto principal";"Implement";"14";"No";"Sí";"Período en curso con estado Backlog.";"No Evaluado";"";"0";"";"CIC-Regional";"0";"0";"321609d9-1d65-4c1e-9222-425b4474488f";""
"Duplicidad en el rol del Space Owner";"REGIONAL";"anapaugutier";"Visualizador";"Proyecto principal";"POC";"15";"Sí";"No";"";"No Evaluado";"";"0";"P2";"Robotics & Automation";"0";"0";"3730d8cf-966f-418f-b587-7a30e9887998";""
"[Q3 - 2026] - [Meli Air Q3] MLA - POC Pymes proactiva en Meli Air";"MELIAIR";"aortegachima";"Visualizador";"Proyecto principal";"POC";"15";"No";"No";"";"No Evaluado";"";"0";"";"MELIAIR-Regional";"0";"0";"3276153f-2dc8-4970-b0fc-21ad31bc7248";""
"Fast Track P2M";"MXRC03";"lhernandezag";"Visualizador";"Proyecto ramificado";"5. Sustentabilidad";"15";"No";"No";"";"No Evaluado";"";"0";"Roll Out";"MXRC03-CIE";"0";"0";"36b0d2a0-053b-459c-9207-4ea8bd1729ae";""
"[Q1 2026] Inbound F5";"BRMG01";"nodestro";"Visualizador";"Proyecto principal";"";"";"No";"No";"";"No Evaluado";"";"0";"";"BRMG01-CIE";"0";"0";"376a6f04-7168-415c-ab85-136717ad6988";""
"[Q3 - 2026] - Mejora de experiencia durante la autoasignación en HH";"LMS";"lianni";"Visualizador";"Proyecto principal";"Discovery";"14";"No";"Sí";"Período en curso con estado Backlog.";"No Evaluado";"";"0";"";"LMS-Regional";"0";"0";"34a00266-89e8-4059-b59d-3ba4cb8f214e";""
"Painel HCM (Presentismo)";"BRSP14";"odgoncalves";"Visualizador";"Proyecto ramificado";"5. Sustentabilidad";"14";"Sí";"Sí";"Período en curso con estado Backlog.";"No Evaluado";"";"0";"C2  Roll Out  P1";"BRSP04-CIE";"0";"0";"2dc4f0a3-1e28-449b-b07a-5942f127efd7";""
"[LI] Triage | Procesamiento con IA";"REGIONAL";"lucamoraes";"Visualizador";"Proyecto principal";"";"";"No";"No";"";"No Evaluado";"";"0";"";"MTM IB – OB – PERFORMANCE MANAGEMENT";"0";"0";"2cfa4726-6aeb-4e4a-a2b8-30c121aba9e3";""
"[Q3 - 2026] - Mega SVC - Loggi RJ";"REGIONAL";"mheck";"Visualizador";"Proyecto principal";"MVP";"14";"Sí";"Sí";"Período en curso con estado Backlog.";"No Evaluado";"";"0";"";"SVC & OTR Implementation";"0";"0";"30b0cd3f-8a30-4fed-82c4-fe323d901727";""
"Found Packing";"BRMG01";"wibernardes";"Visualizador";"Proyecto ramificado";"6. Proyecto Finalizado";"14";"Sí";"No";"";"No Evaluado";"";"0";"Roll Out";"BRMG01-CIE";"0";"0";"334746f1-4836-4836-a233-a0e5aaa38e9d";""
"USTX01-Revisión flujo armado HU (incremento reglas de categorias salindo de 5 canalizaciones para 15)";"USTX01";"dperezmacari";"Visualizador";"Proyecto principal";"";"";"No";"No";"";"No Evaluado";"";"0";"";"Metros";"0";"0";"308a2695-f016-464c-bf93-aeadba75ab98";""
"Verticalização do Stage In ";"BRRC01";"ismrodrigues";"Visualizador";"Proyecto principal";"Implement";"15";"No";"No";"";"No Evaluado";"";"0";"Non-Systemic  P1";"BRRC01-CIE";"2740644";"1000+";"323a3661-2f1f-4782-aeea-b189c1d8aaa8";""
"Venta especialista de Rezago by Meli";"BRSP15";"aguilhem";"Visualizador";"Proyecto ramificado";"Implement";"14";"No";"Sí";"Período en curso con estado Backlog.";"No Evaluado";"";"0";"P1";"BRSP15-CIE";"0";"0";"38c05721-e1a5-48ea-8dda-0dfbdf09a164";""
"Big totable en ARBA01";"REGIONAL";"descamillalu";"Visualizador";"Proyecto principal";"Develop";"15";"No";"No";"";"No Evaluado";"";"0";"P3";"MTM IB – OB – PERFORMANCE MANAGEMENT";"0";"0";"3aa1d64f-48f1-4574-85bd-56ae6dec3ba6";""
"Capacidade MWH";"BRSP10";"laucaligaris";"Visualizador";"Proyecto principal";"POC";"18";"No";"No";"";"No Evaluado";"";"0";"";"BRSP10-CIE";"0";"0";"34bf8e2c-989f-48ba-8c40-37be21bbad03";""
"Heatmap 3.0 Fase 2";"BRPR01";"ataschetto";"Visualizador";"Proyecto ramificado";"6. Proyecto Finalizado";"17";"Sí";"No";"";"No Evaluado";"";"0";"Roll Out  P2";"BRPR01-CIE";"0";"0";"331dd985-8174-41c1-8a8a-8f9d9b307773";""
"BRMG02 (Águia) Automation Conveyors - Implementación ";"REGIONAL";"kamdsouza";"Visualizador";"Proyecto principal";"Develop";"15";"No";"No";"";"No Evaluado";"";"0";"";"Robotics & Automation";"0";"0";"37b42053-ad43-4604-96ad-d0281b40e113";""
"Found Packing";"MXCD14";"ferortiz";"Visualizador";"Proyecto ramificado";"6. Proyecto Finalizado";"14";"Sí";"No";"";"No Evaluado";"";"0";"Roll Out";"MXCD14 -CIE";"0";"0";"31f37231-9e44-4965-8757-1347b6c2ab9c";""
"Redesenho de Receiving";"BRSP06";"gebarcellos";"Visualizador";"Proyecto principal";"Develop";"17";"Sí";"No";"";"No Evaluado";"";"0";"";"BRSP06-CIE";"0";"0";"2ea2e537-bc77-40f9-92ca-e3b8b0eb8ad9";""
"Flujo Admin tool";"REGIONAL";"marrios";"Visualizador";"Proyecto principal";"5. Sustentabilidad";"18";"No";"No";"";"No Evaluado";"";"0";"";"PD Outbound";"0";"0";"2e2caadc-7ddf-4478-9d0c-18f5ac500096";""
"[ Q2/26 ]  Reestruturação Sauron ";"BRSP11";"leanatividad";"Visualizador";"Proyecto principal";"Implement";"17";"No";"No";"";"No Evaluado";"";"0";"";"BRSP11-CIE";"36204";"1-500";"317601a6-246a-41f7-af9c-254f3b7cf87c";""
"PRUEBA WILL MAR";"Strategic Alignments";"wriquelme";"Visualizador";"Proyecto principal";"";"";"No";"No";"";"No Evaluado";"";"0";"";"RO planning TTE";"0";"0";"2c1795a0-90b8-4666-a3c8-f14939d6b432";""
"Expansión Shp2.0 - SVP/XP  MLA";"REGIONAL";"smarrari";"Visualizador";"Proyecto principal";"6. Proyecto Finalizado";"14";"Sí";"No";"";"No Evaluado";"";"0";"Systemic  P3";"PD Logistica Inversa";"0";"0";"2b0a3bc1-34ca-49fc-8258-1077e3934d4f";""
"Estudo de Capacidade de SC02";"BRSC02";"gdprado";"Visualizador";"Proyecto principal";"Implement";"15";"No";"No";"";"No Evaluado";"";"0";"";"BRSC02-CIE";"0";"0";"32aa266f-f789-4d7c-802a-3f928a9747b2";""
"POC: Bancada de PTW com trilho";"BRSP06";"gavasconcelo";"Visualizador";"Proyecto principal";"MVP";"15";"No";"No";"";"No Evaluado";"";"1";"";"BRSP06-CIE";"0";"0";"3204e3ca-bccb-4986-912c-91bf016e78a4";""
"[Q3 - 2026] - FBM: Manga Pallet MLM 4.0";"REGIONAL";"fenavarro";"Visualizador";"Proyecto principal";"Implement";"14";"No";"Sí";"Período en curso con estado Backlog.";"No Evaluado";"";"0";"";"Métodos de Carga & YMS";"0";"0";"3a4c7037-6854-45e8-be6b-358c57890c49";""
"Login / Incio de Sessão com uso de QR Code";"BRPE01";"mtiburcio";"Visualizador";"Proyecto ramificado";"6. Proyecto Finalizado";"15";"No";"No";"";"No Evaluado";"";"0";"Roll Out";"BRPE01-CIE";"0";"0";"35604158-88d1-41fe-951f-1401966715e0";""
"MLA - Bolsas In Store (feat. Carrefour)";"REGIONAL";"ext_soperazz";"Visualizador";"Proyecto principal";"MVP";"15";"Sí";"No";"";"No Evaluado";"";"0";"";"PD MTM Packaging";"0";"0";"35e1cb26-3924-470f-802d-7349835afaa5";""
"Play book de Jaulas AMR-TUGGER";"REGIONAL";"ucastro";"Visualizador";"Proyecto principal";"MVP";"18";"No";"No";"";"No Evaluado";"";"0";"";"MTM IB – OB – PERFORMANCE MANAGEMENT";"0";"0";"384b1ea3-80f0-4187-8e8c-fda14b432f29";""
"Places Devos Only";"REGIONAL";"smarrari";"Visualizador";"Proyecto principal";"MVP";"15";"Sí";"No";"";"No Evaluado";"";"1";"";"PD Logistica Inversa";"0";"0";"363940c8-d828-4c69-80c0-9b32abcf35fd";""
"Venta por Mayoreo B2B";"REGIONAL";"acastellanos";"Visualizador";"Proyecto principal";"POC";"15";"Sí";"No";"";"No Evaluado";"";"0";"Systemic  P3";"PD Logistica Inversa";"0";"0";"2e41bb54-58f4-42d9-8613-c1c5bf53a782";""
"[Q3/2026] Analise engates";"BRSP11";"marcefonseca";"Visualizador";"Proyecto principal";"5. Sustentabilidad";"15";"No";"No";"";"No Evaluado";"";"0";"";"BRSP11-CIE";"71564";"1-500";"2c7c1b9c-d31d-49a6-932b-948e52241db0";""
"[RO] PA ASSISTIDO";"REGIONAL";"caaferreira";"Visualizador";"Proyecto principal";"6. Proyecto Finalizado";"18";"No";"Sí";"Etapa final concluida  pero el proyecto no está Finalizado/Cancelado.";"No Evaluado";"";"0";"";"RO Planning Brasil";"0";"0";"30d641e6-5a35-416b-89ca-7e22562596c5";""
"Meli Axis";"REGIONAL";"vrosano";"Visualizador";"Proyecto principal";"Iniciativa";"15";"No";"No";"";"No Evaluado";"";"1";"";"Digital Solutions";"0";"0";"34f02d26-e8db-4aa0-aebc-ec9126abfa7c";""
"Definicion de Layout y Bancadas PTW+ MONO Automatizacion Down System";"REGIONAL";"ucastro";"Visualizador";"Proyecto principal";"MVP";"18";"No";"Sí";"Período marcado como Done con fecha de finalización en el futuro.";"No Evaluado";"";"0";"P2";"MTM IB – OB – PERFORMANCE MANAGEMENT";"0";"0";"3250b92e-6119-4dba-9cda-f8cbe6547a86";""
"Picking Continuo - SSKU";"BRSP15";"banselmo";"Visualizador";"Proyecto ramificado";"5. Sustentabilidad";"14";"Sí";"No";"";"Evaluado - Sucess rate - Sí";"";"0";"Roll Out";"BRSP15-CIE";"0";"0";"2ff27ea6-d5f1-43a2-b7a2-4ba9a920dfb5";""
"Takeover - QA - Happy Path  and  Use Cases";"REGIONAL";"josmoreno";"Visualizador";"Proyecto principal";"";"";"No";"No";"";"No Evaluado";"";"0";"P2";"Robotics & Automation";"0";"0";"338a495d-54c1-4648-93df-6086ace72fdf";""
"IO - Putaway melhorias";"BRMG01";"amclemente";"Visualizador";"Proyecto ramificado";"";"";"No";"No";"";"No Evaluado";"";"0";"Roll Out  P2";"BRMG01-CIE";"0";"0";"31bbe304-08ba-44b2-8a96-111949b9dd7e";""
"G2P SP04";"REGIONAL";"josmoreno";"Visualizador";"Proyecto principal";"Implement";"15";"Sí";"No";"";"No Evaluado";"";"4";"";"Robotics & Automation";"0";"0";"33f457e2-75c6-4be4-a972-2f5efb41ff52";""
"Found Packing";"BRRS01";"rhaag";"Visualizador";"Proyecto ramificado";"6. Proyecto Finalizado";"14";"Sí";"No";"";"No Evaluado";"";"0";"Roll Out";"BRRS01-CIE";"0";"0";"2f8da59b-aa1f-4575-8443-82bb0169f781";""
"Acompanhamento Teste Granel RC01 - SP04";"BRRC01";"naaquino";"Visualizador";"Proyecto principal";"Iniciativa";"18";"No";"Sí";"Período marcado como Done con fecha de finalización en el futuro.";"No Evaluado";"";"0";"";"BRRC01-CIE";"0";"0";"374aab3d-fcb7-478f-8401-47ee19fa3633";""
"Remediación Pharma";"REGIONAL";"crledesma";"Visualizador";"Proyecto principal";"Iniciativa";"14";"No";"Sí";"Período en curso con estado Backlog.";"No Evaluado";"";"0";"";"PD ICQA";"0";"0";"36499efa-e80c-478a-8179-aab1a4c6f7f4";""
"Found Packing";"BRDF01";"rhaag";"Visualizador";"Proyecto ramificado";"6. Proyecto Finalizado";"14";"Sí";"No";"";"No Evaluado";"";"0";"Roll Out";"BRDF01-CIE";"0";"0";"33ace8d2-bad6-43e2-8ebc-75d0a7753008";""
"Cumplimiento de SLA Inbound";"ARBA04";"tspath";"Visualizador";"Proyecto principal";"5. Sustentabilidad";"15";"No";"No";"";"No Evaluado";"";"6";"Non-Systemic";"ARBA04-CIE";"0";"0";"3121845d-5c00-4d22-9914-120e9cf2942a";""
"Replicação do Preset Auto Sorter em Outros CADs";"BRSP04";"wescosta";"Visualizador";"Proyecto principal";"6. Proyecto Finalizado";"18";"No";"Sí";"Etapa final concluida  pero el proyecto no está Finalizado/Cancelado.";"No Evaluado";"";"0";"";"BRSP04-CIE";"0";"0";"2d8e0274-27e9-4924-ab73-bc2658c7f1b9";""
"Erros em Check in";"REGIONAL";"lvicentini";"Visualizador";"Proyecto principal";"Develop";"19";"No";"No";"";"No Evaluado";"";"0";"P2";"PD Inbound";"0";"0";"2dd4dde9-6f25-4cf8-ac35-246452299b12";""
"Venta especialista de Rezago by Meli";"MXJC01";"diegomez";"Visualizador";"Proyecto ramificado";"5. Sustentabilidad";"15";"No";"No";"";"No Evaluado";"";"0";"P1";"MXJC01-CIE";"0";"0";"39653dec-30f3-4e62-8017-61c5e47efdf8";""
"[RO] [PACKING] [ARMADO DE HU] Nueva Bolsa Sacola CPG & GM";"MXNL01";"eurodriguez";"Visualizador";"Proyecto ramificado";"";"";"No";"No";"";"No Evaluado";"";"0";"Roll Out";"MXNL01-CIE";"0";"0";"33732b5c-3583-4f6a-9c0e-8d2a5d6b2e0b";""
"Painel HCM (Presentismo)";"BRSP09";"glcordeiro";"Visualizador";"Proyecto ramificado";"5. Sustentabilidad";"14";"Sí";"Sí";"Período en curso con estado Backlog.";"No Evaluado";"";"0";"C2  Roll Out  P1";"BRSP09-CIE";"0";"0";"3794d3b2-cc26-4ad6-a0e5-1162bf78be45";""
"Plano de Inspeção de Recebimento de Bobinas - Packing Machine";"REGIONAL";"rodbraga";"Visualizador";"Proyecto principal";"5. Sustentabilidad";"14";"Sí";"Sí";"Período en curso con estado Backlog.";"No Evaluado";"";"0";"P1";"MTM IB – OB – PERFORMANCE MANAGEMENT";"0";"0";"33dc2e38-ae88-4272-af30-fe8c00411e61";""
"IO - Putaway melhorias";"BRRC02";"angelnogueir";"Visualizador";"Proyecto ramificado";"";"";"No";"No";"";"No Evaluado";"";"0";"Roll Out  P2";"BRRC01-CIE";"0";"0";"39a15fbf-0152-428e-926f-0cd055f0e619";""
"Buffers Pre PA";"MXCD02";"ahcarmona";"Visualizador";"Proyecto ramificado";"5. Sustentabilidad";"18";"No";"No";"";"No Evaluado";"";"0";"P1";"MXCD02-CIE";"0";"0";"3a6d3e7f-8506-434d-b66f-5a554b0c4602";""
"Integración Masiva de Incidentes Operativos";"MXCD10";"misanchezaco";"Visualizador";"Proyecto ramificado";"";"";"No";"No";"";"No Evaluado";"";"0";"Roll Out  P1";"MXCD10-CIE";"0";"0";"30ce509e-1f2c-4be1-aca5-13141cccfd04";""
"[Q3 - 2026] - Process Path en Label de HU en SVC";"Nodeflow";"abisahernand";"Visualizador";"Proyecto principal";"Implement";"14";"No";"Sí";"Período en curso con estado Backlog.";"No Evaluado";"";"0";"";"Nodeflow-Regional";"0";"0";"2d6e53c7-e766-4edf-9fa5-188899a31b58";""
"[Q1/26}  INB - Aumento de Utilização Put Away Pt2";"BRSP18";"andrlborges";"Visualizador";"Proyecto principal";"6. Proyecto Finalizado";"19";"No";"No";"";"No Evaluado";"";"0";"";"BRSP18-CIE";"0";"0";"30f216c7-78c3-4fe3-a8f5-7b32a50fced4";""
"[Q3 - 2026] - Baker para sacas MLA";"MTM";"letiferreira";"Visualizador";"Proyecto principal";"MVP";"14";"No";"Sí";"Período en curso con estado Backlog.";"No Evaluado";"";"0";"";"MTM-Regional";"0";"0";"2c078bc0-d5ae-47db-9948-42c63f52a089";""
"Automatização do Report de Fraude na Triagem de ENOEs";"MXNL01";"carlramos";"Visualizador";"Proyecto ramificado";"5. Sustentabilidad";"14";"No";"Sí";"Período en curso con estado Backlog.";"No Evaluado";"";"0";"C2  Roll Out  Systemic  P1";"Sin equipo";"0";"0";"2cddf894-e54e-47c4-950a-8fc7b4b0dabb";""
"[Q3 - 2026] - H&B - Process Path Instrucción SVC  [MLB/MLM]";"REGIONAL";"cpriore";"Visualizador";"Proyecto principal";"POC";"14";"Sí";"Sí";"Período en curso con estado Backlog.";"No Evaluado";"";"0";"";"PyMs H&B y Inversa TTE";"0";"0";"2cd2ed2a-01b4-445f-8418-9f14c6e457ab";""
"Creación de OC";"REGIONAL";"angallegos";"Visualizador";"Proyecto principal";"Iniciativa";"14";"No";"Sí";"Período en curso con estado Backlog.";"No Evaluado";"";"0";"";"RO Plan - In, LI, MP e Metros";"0";"0";"3310b113-838f-4626-afa0-938ba421f073";""
"Targets & Profits Productividad";"REGIONAL";"vrosano";"Visualizador";"Proyecto principal";"Iniciativa";"16";"No";"No";"";"No Evaluado";"";"0";"";"Digital Solutions";"0";"0";"2e251f7c-c493-43eb-90bf-27d51a6022e3";""
"[Q3 - 2026] - [Q3 FOS Reports -OOT] Mapeo de mejora con Staging Zones";"FOS";"sarhernandez";"Visualizador";"Proyecto principal";"Discovery";"14";"No";"Sí";"Período en curso con estado Backlog.";"No Evaluado";"";"0";"";"PD Stand-Regional";"0";"0";"3a59d803-de1d-4185-a5a3-13d4e11f8950";""
"Horas Sem Área";"BRSP06";"jhora";"Visualizador";"Proyecto ramificado";"6. Proyecto Finalizado";"14";"Sí";"No";"";"No Evaluado";"";"0";"Non-Systemic";"BRSP06-OC";"0";"0";"339e2321-6703-4232-b012-768176581642";""
"[Q3/2026] BRSP02 I Implementação Sala de Performance WOW – Liderança & Resultados";"BRSP02";"cassimoraes";"Visualizador";"Proyecto principal";"Implement";"15";"No";"No";"";"No Evaluado";"";"0";"";"BRSP02-CIE";"0";"0";"32f0f9f0-edbb-494d-9e54-0e1a48141789";""
"QR stage in aéreos ";"COCU02";"ext_mamashly";"Visualizador";"Proyecto principal";"6. Proyecto Finalizado";"14";"No";"Sí";"Período en curso con estado Backlog.";"No Evaluado";"";"0";"";"COCU02-CIE";"0";"0";"3454d0cc-1a97-470f-bb52-c3aac9776bc2";""
"Ajuste de Stock en WMS (Prender MLB)";"BRSP10";"laucaligaris";"Visualizador";"Proyecto ramificado";"5. Sustentabilidad";"15";"No";"No";"";"No Evaluado";"";"0";"Roll Out  P2";"BRSP10-CIE";"0";"0";"29db7706-8b81-4f28-b041-cd7b8466fa5d";""
"Guardado Dirigido PoC (picking to wall)";"REGIONAL";"marrios";"Visualizador";"Proyecto principal";"MVP";"14";"No";"No";"";"No Evaluado";"";"0";"TIA  C1  Systemic  P2";"PD Outbound";"0";"0";"285173ba-ac0a-4b27-98d4-b4e3561f2461";""
"[Q3 - 2026] - [Q3 FOS Reports -OOT] Monitor  Assembly";"REGIONAL";"sarhernandez";"Visualizador";"Proyecto principal";"MVP";"14";"No";"Sí";"Período en curso con estado Backlog.";"No Evaluado";"";"0";"";"PD Stand-Regional";"0";"0";"390eacfb-4f27-402f-b555-58dfca1d70f6";""
"[Q3 - 2026] - Suporte para sacas com regulagem de altura";"MTM";"letiferreira";"Visualizador";"Proyecto principal";"POC";"14";"No";"Sí";"Período en curso con estado Backlog.";"No Evaluado";"";"0";"";"MTM-Regional";"0";"0";"3999b498-2964-4727-b5d6-6cfcd469f744";""
"Acesso Contextual - Mi Primero Proceso";"BRSC02";"alsrocha";"Visualizador";"Proyecto ramificado";"5. Sustentabilidad";"14";"No";"Sí";"Período en curso con estado Backlog.";"No Evaluado";"";"0";"C1  Roll Out  P1";"Sin equipo";"0";"0";"286ffe6a-3885-4347-8a0a-92e5f10aa8a6";""
"Habilitação Movements - BRSP26";"FOS";"marcealmeida";"Visualizador";"Proyecto principal";"Implement";"15";"No";"No";"";"No Evaluado";"";"0";"";"FOS-Regional";"0";"0";"36c28d61-d42e-4d20-81a3-e6d0d9ce8490";""
"CAJONERAS NIVEL 4 MEZANINO";"REGIONAL";"eduarlima";"Visualizador";"Proyecto principal";"Implement";"15";"Sí";"No";"";"No Evaluado";"";"0";"";"PD MTM Storage Solution";"0";"0";"2f289703-b077-44b6-9038-a967516f32cb";""
"Buffer SI";"REGIONAL";"holopez";"Visualizador";"Proyecto principal";"";"";"No";"No";"";"No Evaluado";"";"0";"P2";"PD Inbound";"0";"0";"2c039352-8614-47df-9bcc-742864318224";""
"Staging Zones Configs";"REGIONAL";"ccandido";"Visualizador";"Proyecto principal";"6. Proyecto Finalizado";"14";"Sí";"No";"";"No Evaluado";"";"0";"";"RO Planning Brasil";"0";"0";"3a98355f-4f8d-41f9-870a-5997cc972270";""
"FPP Reducción de daño (croquetas  espejos y TV)";"MXJC02";"efraire";"Visualizador";"Proyecto principal";"Implement";"14";"Sí";"Sí";"Período en curso con estado Backlog.";"No Evaluado";"";"0";"";"MXJC02-CIE";"0";"0";"371cd82e-37e9-4edf-91ef-0864e5cde67e";""
"Head Count Management - FBM";"BRMG03";"hhendsuzuki";"Visualizador";"Proyecto ramificado";"5. Sustentabilidad";"15";"No";"No";"";"No Evaluado";"";"0";"Roll Out  P1";"BRMG03-CIE";"0";"0";"31480a43-d00f-4062-8b9f-b5c2cfa47fe6";""
"[Green Belt] Aumento de la Productividad Efectiva (PEF) de Triage en CLRM03 y ARBA01";"REGIONAL";"atbravo";"Visualizador";"Proyecto principal";"Develop";"15";"No";"No";"";"No Evaluado";"";"0";"";"Cono Sur-Log Inversa";"0";"0";"36857e73-ad5c-487b-99ac-98513d87d7b0";""
"IO - Batch Sorter";"MXJC01";"secheverria";"Visualizador";"Proyecto ramificado";"5. Sustentabilidad";"14";"Sí";"Sí";"Período en curso con estado Backlog.";"No Evaluado";"";"0";"Roll Out  P2";"MXJC01-CIE";"0";"0";"2f96f773-6cd8-4a61-9586-9528213be58b";""
"App Conteos Mangapallets RFID";"BRRJ02";"beatcarvalho";"Visualizador";"Proyecto ramificado";"Implement";"14";"No";"Sí";"Período en curso con estado Backlog.";"No Evaluado";"";"0";"C2  Roll Out  P1";"Sin equipo";"0";"0";"30fb91f6-4d82-42f8-9293-378f9fadb0bb";""
"[Q3 - 2026] - Canalización por finger V2";"REGIONAL";"sabmedina";"Visualizador";"Proyecto principal";"MVP";"14";"Sí";"Sí";"Período en curso con estado Backlog.";"No Evaluado";"";"0";"";"PD FOS";"0";"0";"302c777d-28f3-475d-a1c3-79d124ac70f8";""
"Integração de Diaristas Express";"BRMG02";"dmatos";"Visualizador";"Proyecto principal";"5. Sustentabilidad";"14";"Sí";"No";"";"No Evaluado";"";"0";"";"BRMG02-OC";"0";"0";"3b195021-0596-4622-889f-78de05bc92d1";""
"IO - Inbound Audit";"BRBA01";"gabaraujo";"Visualizador";"Proyecto ramificado";"";"";"No";"No";"";"No Evaluado";"";"0";"Roll Out  P2";"BRBA01-CIE";"0";"0";"2ecf7a75-db62-441a-a858-c54743892d5b";""
"Buffers Pre PA";"BRSC02";"rebsilva";"Visualizador";"Proyecto ramificado";"5. Sustentabilidad";"18";"No";"No";"";"Evaluado - Sucess rate - Sí";"";"0";"P1";"BRSC02-CIE";"0";"0";"320a607c-9491-4826-b80c-844203b7d755";""
"POC Asistencia Ergonomica ";"MXCD12";"ialcalafabia";"Visualizador";"Proyecto principal";"POC";"14";"Sí";"No";"";"No Evaluado";"";"0";"";"MXCD12-CIE";"0";"0";"284ce2ca-39e2-4304-9de1-9d6fac7e16fd";""
"Gestión de No Sistémicos / Flujo con flow & ops ";"MXGT01";"ricgarcialop";"Visualizador";"Proyecto principal";"MVP";"15";"Sí";"No";"";"No Evaluado";"";"0";"";"MXGT01-CIE";"0";"0";"314de937-9520-4af8-9fbe-ec3d24e3b5b5";""
"Bancada de Packing NT 3.0";"BRBA02";"lkennedy";"Visualizador";"Proyecto principal";"Implement";"18";"No";"No";"";"No Evaluado";"";"0";"";"BRBA02-CIE";"12424.87";"1-500";"3af77cf9-527c-432d-bb51-f91c63aabc6b";""
"Q3 Cross Belt Sorter BRRJ02";"AUTOMATION";"tbosich";"Visualizador";"Proyecto principal";"Implement";"14";"No";"Sí";"Período en curso con estado Backlog.";"No Evaluado";"";"0";"";"AUTOMATION-Regional";"0";"0";"3b1c0435-2175-47da-9df1-4d9c82275338";""
"Ferramenta para  de mudança de superior directo em Groot - Internos";"BRMG01";"anasi";"Visualizador";"Proyecto ramificado";"6. Proyecto Finalizado";"19";"No";"No";"";"No Evaluado";"";"0";"Roll Out";"BRMG01-CIE";"0";"0";"29266660-142d-48b6-9761-45dc6a5a140e";""
"Insumos - Estandarización de WIs ";"REGIONAL";"adrmorales";"Visualizador";"Proyecto principal";"Develop";"15";"Sí";"No";"";"No Evaluado";"";"0";"Non-Systemic  P2";"PD ICQA";"0";"0";"3bb71195-9fce-4e18-9adb-34df6d1b19e8";""
"EXTRA - Q3 [HCM] Turnos: Melhoria na Visibilidade de Escala";"HCM";"melsoares";"Visualizador";"Proyecto principal";"";"";"No";"No";"";"No Evaluado";"";"0";"Systemic  P1";"HCM-Regional";"0";"0";"32ac49ad-d736-4326-a4de-c16f6abd9528";""
"Reporte SLA Packed (Outbound)";"MXCD07";"odiazdolores";"Visualizador";"Proyecto ramificado";"6. Proyecto Finalizado";"14";"Sí";"No";"";"No Evaluado";"";"0";"Roll Out  P1";"MXCD07-CIE";"0";"0";"30b08ada-8236-43fb-9fb6-4bd924ef9ad3";""
"[Q3 - 2026] - Dispatch unificado Lego";"REGIONAL";"sabmedina";"Visualizador";"Proyecto principal";"Implement";"14";"Sí";"No";"";"No Evaluado";"";"0";"";"PD FOS";"0";"0";"3a697598-1bb9-4047-b701-0d344c81e4db";""
"Actividades extras";"REGIONAL";"julidomingue";"Visualizador";"Proyecto principal";"Iniciativa";"15";"No";"No";"";"No Evaluado";"";"0";"";"Robotics & Automation";"0";"0";"2b6b7389-848b-4cba-94bd-03d051edbbf8";""
"[Q3 - 2026] - RBM 2.0 | Correcta parametrización de excepciones de ruteo ";"Routing";"leandroemart";"Visualizador";"Proyecto principal";"Implement";"14";"No";"Sí";"Período en curso con estado Backlog.";"No Evaluado";"";"0";"";"Routing-Regional";"0";"0";"2ecc9e28-1425-425a-bc7c-edc3fc362337";""
"Sorter y Automation - Fase 1 Totes";"MXGT01";"ricgarcialop";"Visualizador";"Proyecto principal";"Implement";"15";"No";"No";"";"No Evaluado";"";"0";"";"MXGT01-CIE";"0";"0";"308950db-8e51-430a-9ae1-5fb0ce7a7a9d";""
"Estudo de Escalas - SP28";"REGIONAL";"danfonseca";"Visualizador";"Proyecto principal";"MVP";"14";"Sí";"No";"";"No Evaluado";"";"0";"";"Flow";"0";"0";"2fd12621-9339-4e97-83d5-1f189dee9b86";""
"Política de inventarios 2.0: Estrategias de control diferenciadas";"REGIONAL";"usilva";"Visualizador";"Proyecto principal";"";"";"No";"No";"";"No Evaluado";"";"0";"Systemic  P1";"PD ICQA";"0";"0";"3478e7b6-4919-493a-ab1e-de0a31a3fa84";""
"[Q3 - 2026] - Q3 Estandarización por Workshop - PD OTR: Implementación de Monitoreo por Alertas LM/FM: Modificación y Creación de WIs ";"PD";"eneves";"Visualizador";"Proyecto principal";"Implement";"14";"Sí";"Sí";"Período en curso con estado Backlog.";"No Evaluado";"";"0";"";"PD -Regional";"0";"0";"3a970308-bad4-41ec-a653-1c71c0c63a65";""
"RFID para transfer + decanting";"MXJC01";"secheverria";"Visualizador";"Proyecto ramificado";"Implement";"15";"No";"No";"";"No Evaluado";"";"0";"Roll Out";"MXJC01-CIE";"0";"0";"37cd4714-f778-40f1-b56c-578c6b1827d5";""
"Venta especialista de Rezago by Meli";"BRBA02";"irlreis";"Visualizador";"Proyecto ramificado";"Implement";"18";"No";"No";"";"No Evaluado";"";"0";"Roll Out  P1";"BRBA02-CIE";"0";"0";"3165e722-081e-4ac5-a84b-bb4918752069";""
"App Conteos Mangapallets RFID";"MXCD12";"ialcalafabia";"Visualizador";"Proyecto ramificado";"";"";"No";"No";"";"No Evaluado";"";"0";"C2  Roll Out  P1";"Sin equipo";"0";"0";"3b78fa9d-3571-47cf-879c-88fee978705c";""
"Estudio Bin Design site COCU02";"REGIONAL";"kevgarciagor";"Visualizador";"Proyecto principal";"";"";"No";"No";"";"No Evaluado";"";"0";"";"PD MTM Storage Solution";"0";"0";"3035084d-b2e8-4286-adca-f423328861c3";""
"Implementar XP de pantallas de RB a area manual";"BRSP04";"odgoncalves";"Visualizador";"Proyecto ramificado";"6. Proyecto Finalizado";"14";"Sí";"No";"";"No Evaluado";"";"0";"Roll Out";"BRSP04-CIE";"0";"0";"34e8347a-7247-4176-b1ea-05a6f3426bee";""
"Reporte SLA Packed (Outbound)";"BRSC02";"gdprado";"Visualizador";"Proyecto ramificado";"5. Sustentabilidad";"14";"Sí";"Sí";"Período en curso con estado Backlog.";"No Evaluado";"";"0";"Roll Out  P1";"BRSC02-CIE";"0";"0";"3507ca3d-3a0a-4c30-88a6-bb37834dd1bc";""
"Gamification- Encendido insignias virtuales";"BRSP06";"raphmenezes";"Visualizador";"Proyecto ramificado";"5. Sustentabilidad";"18";"No";"No";"";"No Evaluado";"";"1";"Roll Out";"BRSP06-CIE";"0";"0";"35251dc4-6f62-472c-9032-9dd54f4bf9f8";""
"Login / Incio de Sessão com uso de QR Code";"ARBA02";"ccabezonbarr";"Visualizador";"Proyecto ramificado";"6. Proyecto Finalizado";"14";"Sí";"Sí";"Período en curso con estado Backlog.";"No Evaluado";"";"0";"Roll Out";"ARBA02-CIE";"0";"0";"2a239272-391a-4c72-ab20-a08b57dc31c5";""
"Squad OOT na Regua";"BRSP15";"vitosantana";"Visualizador";"Proyecto principal";"6. Proyecto Finalizado";"14";"Sí";"No";"";"No Evaluado";"";"0";"";"BRSP15-CIE";"0";"0";"3b489096-40f2-45ba-9713-66ae4cbdceb7";""
"Receiving de Lego para LI";"BRMG03";"hhendsuzuki";"Visualizador";"Proyecto ramificado";"";"";"No";"No";"";"No Evaluado";"";"0";"C1  Roll Out  P1";"Sin equipo";"0";"0";"2abe7b3a-c26f-4793-8a77-67e5601ef2bd";""
"Idle Time Management";"BRBA01";"gabaraujo";"Visualizador";"Proyecto ramificado";"6. Proyecto Finalizado";"15";"Sí";"No";"";"No Evaluado";"";"0";"Roll Out";"BRBA01-CIE";"0";"0";"2a33875c-4cf3-4953-b010-915b9c4ec225";""
"IO - ICQA optimización con Verdi Flow";"REGIONAL";"adrsato";"Visualizador";"Proyecto principal";"";"";"No";"No";"";"No Evaluado";"";"0";"P3";"PD Performance Management";"0";"0";"2871db63-d0ce-448d-84c3-988c91093489";""
"[LI] Repackaging";"REGIONAL";"lucamoraes";"Visualizador";"Proyecto principal";"6. Proyecto Finalizado";"18";"No";"Sí";"Etapa final concluida  pero el proyecto no está Finalizado/Cancelado.";"No Evaluado";"";"0";"";"MTM IB – OB – PERFORMANCE MANAGEMENT";"0";"0";"289cb333-aa80-4439-a442-adf876198eb3";""
"IO - Putaway melhorias";"MXSO01";"dperezmacari";"Visualizador";"Proyecto ramificado";"5. Sustentabilidad";"14";"No";"Sí";"Período en curso con estado Backlog.";"No Evaluado";"";"0";"Roll Out  P2";"Sin equipo";"0";"0";"33dba93f-0fde-471f-a5e6-9a3503791094";""
"[YMS Magios] POC Nuevo Gate (ex refactor gate)";"REGIONAL";"sabmedina";"Visualizador";"Proyecto principal";"";"";"No";"No";"";"No Evaluado";"";"0";"P1";"PD Outbound";"0";"0";"36c4fa8c-98b3-4d96-b18d-c9ced00f1156";""
" Estudio bin desing site USTX01";"REGIONAL";"kevgarciagor";"Visualizador";"Proyecto principal";"Implement";"18";"No";"No";"";"No Evaluado";"";"0";"";"PD MTM Storage Solution";"0";"0";"2b8397a3-64ef-4cab-8c73-ea07ae79ab05";""
"[Q3 2026] - Aumento de BinFullness no HS MG03";"BRMG03";"bialuz";"Visualizador";"Proyecto principal";"5. Sustentabilidad";"15";"No";"No";"";"No Evaluado";"";"0";"P2";"BRMG04-CIE";"0";"0";"357c2ad4-5cb8-453c-8d31-30d9629d2f8a";""
"Buffers Pre PA";"BRSP09";"vitosantana";"Visualizador";"Proyecto ramificado";"5. Sustentabilidad";"15";"No";"No";"";"No Evaluado";"";"0";"P1";"BRSP09-CIE";"0";"0";"314cd8cc-6696-4dba-9fea-05d8bc6143e7";""
"[FOS - Staging] - Mejora en processo de configuracion de Staging Zones";"REGIONAL";"sabmedina";"Visualizador";"Proyecto principal";"";"";"No";"No";"";"No Evaluado";"";"0";"";"PD Outbound";"0";"0";"28e0fed2-5d41-4fa5-9931-aa4fdd396754";""
"Take over Laboratório Points Brasil - MP";"BRTC01";"lguizardi";"Visualizador";"Proyecto principal";"Develop";"18";"No";"No";"";"No Evaluado";"";"0";"P2";"MLB-Log Inversa";"790093";"500-1000";"2a7b686a-6ffe-4efd-bdb1-ef1c0e4aa23d";""
"[Q4 - Atividade] Novo Programa 5S – Sistema de Sustentação Operacional";"BRSP02";"cassimoraes";"Visualizador";"Proyecto principal";"6. Proyecto Finalizado";"14";"Sí";"Sí";"Período en curso con estado Backlog.";"No Evaluado";"";"0";"P1";"BRSP02-CIE";"0";"0";"2d9b1edc-b99d-40e1-85fd-a94a50c8a3d5";""
"[Q126] Óptima picking";"CLRM03";"gvelascopere";"Visualizador";"Proyecto principal";"6. Proyecto Finalizado";"14";"Sí";"No";"";"No Evaluado";"";"0";"";"CLRM03-CIE";"0";"0";"28a797e5-b6e4-48d3-845b-7774057aa45a";""
"Shipping";"BRBA01";"mardeus";"Visualizador";"Proyecto principal";"Iniciativa";"15";"No";"No";"";"No Evaluado";"";"0";"";"BRBA01-CIE";"0";"0";"28be6fe8-9725-44d7-84c3-59c8f8a37fce";""
"[CARRYOVER]_FLUXO_SORTER";"BRRJ02";"beatcarvalho";"Visualizador";"Proyecto principal";"5. Sustentabilidad";"14";"No";"Sí";"Período en curso con estado Backlog.";"No Evaluado";"";"0";"P1";"BRRJ02-CIE";"0";"0";"28fef4eb-2a2b-4eb5-98d9-b33d450ded07";""
"[Q3 - 2026] - H&B - Proyecto Babel (Estand FBM con Transporte) [ALL]";"REGIONAL";"cpriore";"Visualizador";"Proyecto principal";"MVP";"14";"No";"Sí";"Período en curso con estado Backlog.";"No Evaluado";"";"0";"";"PyMs H&B y Inversa TTE";"0";"0";"2a857f3c-618a-4fac-a5df-f09d562cd4d7";""
"MLB Flyer Design";"BRMG03";"hhendsuzuki";"Visualizador";"Proyecto ramificado";"Implement";"15";"No";"No";"";"No Evaluado";"";"0";"Roll Out";"BRMG03-CIE";"0";"0";"372d77e2-9f5e-4ced-a0f2-fea8ed49c5a7";""
"LAYOUT DINAMICO DE OB";"MXCD12";"exhernandezg";"Visualizador";"Proyecto principal";"MVP";"15";"No";"No";"";"No Evaluado";"";"0";"P2";"MXCD12-CIE";"0";"0";"3a68f3b8-aa26-4684-8b4a-af82c0b27bb0";""
"HERMES — Catalogação de Rezagos e Salvados Não Sistêmicos";"BRPR01";"dkshimizu";"Visualizador";"Proyecto ramificado";"";"";"No";"No";"";"No Evaluado";"";"0";"C1  Roll Out  Non-Systemic  P1";"Sin equipo";"0";"0";"2fbbb498-b3d1-4bb4-a4de-d701c0614d37";""
"Apertura nueva nave  ARBA03";"REGIONAL";"dieurriola";"Visualizador";"Proyecto principal";"Develop";"15";"No";"No";"";"No Evaluado";"";"0";"P1";"Cono Sur-Log Inversa";"0";"0";"3924adcd-5052-419c-b025-6970994b2a02";""
"Reporte SLA Packed (Outbound)";"BRSP26";"micssantana";"Visualizador";"Proyecto ramificado";"5. Sustentabilidad";"14";"Sí";"Sí";"Período en curso con estado Backlog.";"No Evaluado";"";"0";"Roll Out  P1";"BRSP26-CIE";"0";"0";"3178fc5c-251f-49c2-abc5-2f99ba08b15c";""
" [MP] - Cambio de Insumo Cinta Adhesiva ";"ARBA01";"gonflorez";"Visualizador";"Proyecto principal";"6. Proyecto Finalizado";"14";"Sí";"No";"";"No Evaluado";"";"0";"";"Cono Sur-Log Inversa";"2087";"1-500";"2eb282dd-4b9c-4f4d-be5a-82256322a75c";""
"[Q3 - 2026] - Segmento Newbie / Polivalente";"GROOT";"fmarmili";"Visualizador";"Proyecto principal";"Develop";"15";"No";"No";"";"No Evaluado";"";"0";"";"GROOT-Regional";"0";"0";"2ed8bff7-8125-488f-b662-4b0f0a8210c7";""
"AMR Para IB Drop zone";"REGIONAL";"ucastro";"Visualizador";"Proyecto principal";"POC";"14";"Sí";"No";"";"No Evaluado";"";"0";"";"MTM IB – OB – PERFORMANCE MANAGEMENT";"0";"0";"3b8ea2bb-7c30-4ce5-bb7b-7826bf77db8e";""
"Process Path Retiros";"REGIONAL";"jesmartinez";"Visualizador";"Proyecto principal";"Implement";"18";"Sí";"No";"";"No Evaluado";"";"0";"P3";"PD Logistica Inversa";"0";"0";"2c7d5bb7-faed-4127-814d-183bce9b7550";""
"Prueba Chile y Colombia";"CLRM04";"angallegos";"Visualizador";"Proyecto principal";"Discovery";"15";"No";"No";"";"No Evaluado";"";"0";"C1";"OpEx Performance & Portfolio";"100000";"1-500";"2a5ea066-c36b-4873-944e-4249c46ddb77";""
"PROJETO MEGA novo layout para processamento e atrelamento de pacotes";"REGIONAL";"raportella";"Visualizador";"Proyecto principal";"Develop";"18";"No";"No";"";"No Evaluado";"";"0";"";"MLB-Log Inversa";"0";"0";"2ec72f81-e0db-459d-ada0-2abdfb285c08";""
"Teste ro 10-08";"MXCD09";"onascimento";"Visualizador";"Proyecto ramificado";"6. Proyecto Finalizado";"14";"Sí";"No";"";"No Evaluado";"";"0";"C1  Roll Out";"BRSP06-CIE";"0";"0";"2c976e58-c3fd-469d-ad84-bf331c66eaf3";""
"Layout de Buffer de Gaiolas HS";"BRMG03";"tucavalcanti";"Visualizador";"Proyecto principal";"5. Sustentabilidad";"15";"No";"No";"";"No Evaluado";"";"0";"";"BRMG03-CIE";"0";"0";"34d8836f-f56b-433c-ab38-aaeab9a28ed3";""
"Incrementar utilización de packing machine";"MXCD10";"kreyesdiaz";"Visualizador";"Proyecto principal";"Implement";"16";"Sí";"No";"";"No Evaluado";"";"0";"";"MXCD10-CIE";"0";"0";"3b89dea8-c3f5-44c0-bc61-2120da964b48";""
"[YMS Falcons] RO monitor de patio  despacho por doca (EnoE) y Dockout automatico en RC  and  MWH";"REGIONAL";"sabmedina";"Visualizador";"Proyecto principal";"POC";"15";"Sí";"No";"";"No Evaluado";"";"0";"P2";"PD Outbound";"0";"0";"288ae3c0-881a-466a-8dd7-1168c13fb84f";""
"Picking Continuo - Drop Off";"BRSP15";"banselmo";"Visualizador";"Proyecto ramificado";"";"";"No";"No";"";"No Evaluado";"";"0";"C2  Roll Out  Systemic  P2";"BRSP14-CIE";"0";"0";"381d13a5-7f9f-40e2-ad11-e61ec0ee77bb";""
"Aumento de produtividade de picking em RS";"BRPR01";"wfalarz";"Visualizador";"Proyecto principal";"";"";"No";"No";"";"No Evaluado";"";"0";"P2";"BRPR01-CIE";"0";"0";"2e753076-fd4a-499a-9025-cb991019fbc0";""
"Gift Wrap";"BRPR01";"wfalarz";"Visualizador";"Proyecto ramificado";"Implement";"14";"No";"Sí";"Período en curso con estado Backlog.";"No Evaluado";"";"0";"C3  Roll Out  Systemic  P1";"Sin equipo";"0";"0";"3227bc5c-03d1-4dac-8016-48c1fddf37b8";""
"MXJC01 (DAMON) Automation Conveyors - Implementación";"MXJC01";"kamdsouza";"Visualizador";"Proyecto principal";"Develop";"15";"No";"No";"";"No Evaluado";"";"0";"";"Robotics & Automation";"0";"0";"2a800648-bbb5-40c9-bc86-7f72a6dd8b25";""
"Aumento de eficiência do Picking";"BRSP25";"brebarreto";"Visualizador";"Proyecto principal";"";"";"No";"No";"";"No Evaluado";"";"0";"";"BRSP25-CIE";"0";"0";"2fd1eeff-0839-4131-844f-a1d8bbf14d48";""
"Bancada elevatória para Manga (Indução Flow Rack)";"BRXSP1";"jeluz";"Visualizador";"Proyecto principal";"Discovery";"14";"No";"No";"";"No Evaluado";"";"0";"Non-Systemic  P2";"MLB-Log Inversa";"0";"0";"367ccbdb-94e6-42aa-ba9d-4efc6b932f7f";""
"Zonificacion de BL - Replenishment";"REGIONAL";"fandreu";"Visualizador";"Proyecto principal";"Implement";"18";"No";"No";"";"No Evaluado";"";"0";"P1";"PD Inbound";"0";"0";"2aef660b-144d-4266-a666-8f6484d41fff";""
"Login / Incio de Sessão com uso de QR Code";"BRSP18";"wenmoura";"Visualizador";"Proyecto ramificado";"6. Proyecto Finalizado";"15";"No";"No";"";"No Evaluado";"";"0";"Roll Out";"BRSP18-CIE";"0";"0";"32e4c1c0-f19e-448e-b052-e4e748b533b6";""
"Ações RISE";"BRRC02";"rstaszczak";"Visualizador";"Proyecto principal";"Iniciativa";"2";"No";"No";"";"No Evaluado";"";"0";"";"BRRC02-CIE";"0";"0";"38215ea8-5bab-47d3-8259-7b1186079a2b";""
"Login / Incio de Sessão com uso de QR Code";"BRMG01";"vsantpedr";"Visualizador";"Proyecto ramificado";"5. Sustentabilidad";"15";"No";"No";"";"No Evaluado";"";"0";"Roll Out";"BRMG01-CIE";"0";"0";"2cfab122-c322-40c6-9f4d-887c45b7d44f";""
"MWH of the future | Inbound Network";"REGIONAL";"gtanferre";"Visualizador";"Proyecto principal";"";"";"No";"No";"";"No Evaluado";"";"0";"";"PD Inbound";"0";"0";"3466819e-4d8f-4240-bd1e-e8f52a37ca9f";""
"Teste ro 10-08";"MXAMD1";"rebkamehama";"Visualizador";"Proyecto ramificado";"5. Sustentabilidad";"14";"Sí";"No";"";"No Evaluado";"";"0";"C1  Roll Out";"Equipo de prueba";"0";"0";"2cb128dc-724e-4bba-823c-3137591d5e05";""
"[Q3 - 2026] - Granel MLA";"REGIONAL";"fenavarro";"Visualizador";"Proyecto principal";"Implement";"14";"No";"Sí";"Período en curso con estado Backlog.";"No Evaluado";"";"0";"";"Métodos de Carga & YMS";"0";"0";"30c5bac2-5706-43bf-8add-a8c9f31712af";""
"[Q3 - 2026] - Adelantamiento de ruteo";"Routing";"leandroemart";"Visualizador";"Proyecto principal";"Implement";"14";"No";"Sí";"Período en curso con estado Backlog.";"No Evaluado";"";"0";"";"Routing-Regional";"0";"0";"31681ccf-69d5-424f-b4e8-1b982b4788dd";""
"[Q3 - 2026] - [Inbound & Mesa Ayuda] - Apagado da lista de envíos";"FOS";"alecaliz";"Visualizador";"Proyecto principal";"Discovery";"14";"Sí";"No";"";"No Evaluado";"";"0";"";"FOS-Regional";"0";"0";"29bd17cd-f035-4a83-ab5f-eb021c0418c4";""
"Expansion Chat Interno | In & Out & LI";"CLRM03";"djamett";"Visualizador";"Proyecto ramificado";"5. Sustentabilidad";"18";"No";"No";"";"No Evaluado";"";"0";"Roll Out";"CLRM03-CIE";"0";"0";"3735e8d3-58c3-41a3-944b-091ec94f4965";""
"Analisis de configuraciones para Autowaving";"REGIONAL";"rmeirelles";"Visualizador";"Proyecto principal";"5. Sustentabilidad";"15";"Sí";"No";"";"No Evaluado";"";"0";"";"PD Outbound";"0";"0";"2e820835-7010-4db0-9cc4-18f3c3165d4b";""
"[BIG TOTABLE - MLB] Clasificación Óptima";"REGIONAL";"agncamargo";"Visualizador";"Proyecto principal";"5. Sustentabilidad";"14";"Sí";"Sí";"Período en curso con estado Backlog.";"No Evaluado";"";"0";"";"PD MTM Storage Solution";"0";"0";"365aec7e-c6d6-4b85-b14a-8573008f3079";""
"RK em Foco.";"BRPR01";"imirapalhete";"Visualizador";"Proyecto principal";"Implement";"18";"No";"No";"";"No Evaluado";"";"0";"P2";"BRPR01-OC";"0";"0";"39b5d09e-5ba3-4f07-bf9e-92a424f10f31";""
"Eficiência do Onboarding BRSP06";"BRSP06";"mfreitagas";"Visualizador";"Proyecto principal";"";"";"No";"No";"";"No Evaluado";"";"0";"";"BRSP06-OC";"0";"0";"3b23f0a3-2c59-4f03-a1e9-2b5755cb6735";""
"[FOS] - Encendido de Process Phat";"REGIONAL";"sabmedina";"Visualizador";"Proyecto principal";"POC";"15";"Sí";"No";"";"No Evaluado";"";"0";"P3";"PD Outbound";"0";"0";"3734dc67-65bc-4a98-8dbf-f9dbbdcbd56e";""
"IO - Putaway melhorias";"BRSP04";"odgoncalves";"Visualizador";"Proyecto ramificado";"";"";"No";"No";"";"No Evaluado";"";"0";"Roll Out  P2";"BRSP04-CIE";"0";"0";"3565d822-9159-4c21-9b96-5c543de824b6";""
"Receiving de Lego para LI";"BRSP14";"odgoncalves";"Visualizador";"Proyecto ramificado";"";"";"No";"No";"";"No Evaluado";"";"0";"C1  Roll Out  P1";"Sin equipo";"0";"0";"29db2949-3884-4367-a225-951b2836d0aa";""
"Fast Start - Otimização pontos eletrônicos";"BRRC02";"mandre";"Visualizador";"Proyecto principal";"Implement";"19";"No";"No";"";"No Evaluado";"";"1";"P3";"BRRC02-CIE";"0";"0";"3618848d-ae33-4f2c-a1ba-edcd9f753898";""
"Painel HCM (Presentismo)";"BRSP26";"lebecker";"Visualizador";"Proyecto ramificado";"5. Sustentabilidad";"14";"Sí";"Sí";"Período en curso con estado Backlog.";"No Evaluado";"";"0";"C2  Roll Out  P1";"BRSP26-CIE";"0";"0";"2b7ef836-bd57-4064-a677-7b77fafdf488";""
"Implementar XP de pantallas de RB a area manual";"MXCD12";"ksanchezzamo";"Visualizador";"Proyecto ramificado";"5. Sustentabilidad";"17";"Sí";"No";"";"No Evaluado";"";"0";"Roll Out";"MXCD12-CIE";"0";"0";"34b3fe2b-d069-4ff6-8d90-fcf84d9b4858";""
"[RISE] MOI CI";"ARBA01";"tomasfernand";"Visualizador";"Proyecto principal";"5. Sustentabilidad";"15";"Sí";"Sí";"Período en curso con estado Backlog.";"No Evaluado";"";"0";"P2";"ARBA01-CIE";"0";"0";"37564352-4904-46cb-92fa-faec2917a484";""
"[Q3 - 2026] - [Movements] Implementación de la herramienta en operaciones target";"FOS";"marcealmeida";"Visualizador";"Proyecto principal";"Implement";"14";"No";"Sí";"Período en curso con estado Backlog.";"No Evaluado";"";"0";"";"FOS-Regional";"0";"0";"2e6f1f28-ab3f-4aff-a84b-c8c9f936766c";""
"[Q3 - 2026] - Carro picking RSC MLA";"MTM";"letiferreira";"Visualizador";"Proyecto principal";"POC";"14";"No";"Sí";"Período en curso con estado Backlog.";"No Evaluado";"";"0";"";"MTM-Regional";"0";"0";"2996e390-0ebc-4296-b3b0-8969b6d763e9";""
"Integración Masiva de Incidentes Operativos";"BRRC03";"angelnogueir";"Visualizador";"Proyecto ramificado";"5. Sustentabilidad";"15";"No";"No";"";"No Evaluado";"";"0";"Roll Out  P1";"BRRC03-CIE";"0";"0";"393af0be-d67a-4105-83fd-3324eeccbfd2";""
"Layout";"MXCD11";"karenabigalo";"Visualizador";"Proyecto principal";"Iniciativa";"18";"No";"Sí";"Período marcado como Done con fecha de finalización en el futuro.";"No Evaluado";"";"0";"";"MXCD11-CIE";"0";"0";"39dc5ae3-ae1c-486a-b0ce-7545f31aa331";""
"Multi Unit Picking - Flujo Automatico";"REGIONAL";"ilopezbarrei";"Visualizador";"Proyecto principal";"";"";"No";"No";"";"No Evaluado";"";"0";"P2";"PD Outbound";"0";"0";"362fd4e7-9547-413d-9dd4-d56272398828";""
"Reporte SLA Packed (Outbound)";"MXCD09";"jmejorada";"Visualizador";"Proyecto ramificado";"6. Proyecto Finalizado";"14";"Sí";"No";"";"No Evaluado";"";"0";"Roll Out  P1";"MXCD09-CIE";"0";"0";"2b915401-565b-4d50-a04d-af3fc603c96f";""
"Divisão Sistêmica - DV";"BRTC01";"lguizardi";"Visualizador";"Proyecto principal";"Develop";"15";"No";"No";"";"No Evaluado";"";"0";"Systemic";"MLB-Log Inversa";"103569.65";"1-500";"29d1c262-8904-4210-a0de-cb6236776df4";""
"HERMES — Catalogação de Rezagos e Salvados Não Sistêmicos";"BRMG03";"hhendsuzuki";"Visualizador";"Proyecto ramificado";"";"";"No";"No";"";"No Evaluado";"";"0";"C1  Roll Out  Non-Systemic  P1";"Sin equipo";"0";"0";"29e1cb4c-4cef-430f-a1d5-4808bc534983";""
"Robotics | Zone Management";"REGIONAL";"anapaugutier";"Visualizador";"Proyecto principal";"5. Sustentabilidad";"18";"No";"No";"";"No Evaluado";"";"0";"";"Robotics & Automation";"0";"0";"381730e4-9fa8-4686-88b9-4edea26a38de";""
"Mejorar eficiencia de CCOs";"REGIONAL";"dlameu";"Visualizador";"Proyecto principal";"Develop";"15";"Sí";"No";"";"No Evaluado";"";"1";"";"PD ICQA";"0";"0";"3616b000-14b1-4a93-86fc-dd020d904ac4";""
"[Q3 - 2026] - Q3 XD_Carrito de Elevación Bulky MLM";"MTM";"llmmiranda";"Visualizador";"Proyecto principal";"POC";"14";"No";"Sí";"Período en curso con estado Backlog.";"No Evaluado";"";"0";"";"MTM-Regional";"0";"0";"2fd857bc-b906-4d04-b834-e6e0b34a3c8e";""
"Percentual de ocupação na tela de Checkin";"REGIONAL";"lvicentini";"Visualizador";"Proyecto principal";"Implement";"18";"No";"No";"";"No Evaluado";"";"0";"P3";"PD Inbound";"0";"0";"3205f8ce-ae68-4af3-9f2b-56875e53bbf5";""
"MLA - Alternativa Film Stretch / Capa - Pack Plus";"REGIONAL";"ext_soperazz";"Visualizador";"Proyecto principal";"";"";"No";"No";"";"No Evaluado";"";"0";"";"PD MTM Packaging";"0";"0";"32799633-63ad-4951-af2f-7017a1e95aa8";""
"AMR Wave 2";"MXCD09";"vmoralesboni";"Visualizador";"Proyecto principal";"MVP";"15";"No";"No";"";"No Evaluado";"";"0";"";"MXCD09-CIE";"0";"0";"349000dd-fad5-4790-9b0b-59947c75d487";""
"Validación de divergencias - Conteos Dirigidos";"MXCD02";"ahcarmona";"Visualizador";"Proyecto ramificado";"";"";"No";"No";"";"No Evaluado";"";"0";"C3  Roll Out";"MXCD02-CIE";"0";"0";"29f283a7-cbef-4bab-8640-4986bfa11756";""
"Actualización WI Recibo";"REGIONAL";"holopez";"Visualizador";"Proyecto principal";"";"";"No";"No";"";"No Evaluado";"";"0";"";"PD Inbound";"0";"0";"3192881c-2623-4f4d-844a-82f94b1dff18";""
"Implementación de Cajoneras para Mz - Fase 2";"ARBA01";"gcochi";"Visualizador";"Proyecto principal";"Implement";"15";"No";"No";"";"No Evaluado";"";"0";"P1";"ARBA01-CIE";"621744";"500-1000";"385a3660-e00c-4827-b03d-59387a084955";""
"LAYOUT INSUMOS PACKING";"MXCD02";"dmiramontes";"Visualizador";"Proyecto principal";"5. Sustentabilidad";"14";"Sí";"Sí";"Período en curso con estado Backlog.";"No Evaluado";"";"0";"P2";"MXCD02-CIE";"0";"0";"2deb9a77-d1b1-4ce7-9232-2e5f264cc85f";""
"Painel HCM (Presentismo)";"BRPE01";"mtiburcio";"Visualizador";"Proyecto ramificado";"5. Sustentabilidad";"14";"Sí";"Sí";"Período en curso con estado Backlog.";"No Evaluado";"";"0";"C2  Roll Out  P1";"BRPE01-CIE";"0";"0";"3b1c9fdd-b456-45ae-81e4-65a1e64a23b8";""
"Manga Pallet 2.0";"MXCD02";"cgomeztejada";"Visualizador";"Proyecto principal";"5. Sustentabilidad";"15";"No";"No";"";"No Evaluado";"";"0";"P1";"MXCD02-CIE";"0";"0";"36052c28-5bcb-48ed-bddd-054a5353f602";""
"Detecção e Habilitação Automática de Facility integrado ao Clock-In";"MXRC03";"mnavarrozuri";"Visualizador";"Proyecto ramificado";"6. Proyecto Finalizado";"14";"Sí";"No";"";"Evaluado - Esperando información";"";"1";"P2";"MXRC03-CIE";"0";"0";"2fd21b2b-b7c7-4196-b850-3a61aa4d9dac";""
"Aumento de Capacidade H&B";"BRBA02";"irlreis";"Visualizador";"Proyecto principal";"";"";"No";"No";"";"No Evaluado";"";"0";"Non-Systemic";"BRBA02-CIE";"0";"0";"362613c4-5452-4463-b76d-20d3c1c66545";""
"[FOS - Assembly] - Armado de flujo unificado LEGO";"BRSP06";"gavasconcelo";"Visualizador";"Proyecto ramificado";"";"";"No";"No";"";"No Evaluado";"";"1";"Roll Out  P3";"BRSP06-CIE";"0";"0";"38ad551c-5373-445f-b77a-a35277c6456a";""
"[Q3 - 2026] - Q3 Sacadas MLB (GT4)";"CIC";"rsaquino";"Visualizador";"Proyecto principal";"Implement";"14";"No";"Sí";"Período en curso con estado Backlog.";"No Evaluado";"";"0";"";"CIC-Regional";"0";"0";"32500eda-e111-4c54-af34-a04aba8cc221";""
"Found Packing";"MXNL01";"ghinojosaand";"Visualizador";"Proyecto ramificado";"5. Sustentabilidad";"18";"No";"No";"";"No Evaluado";"";"0";"Roll Out";"MXNL01-CIE";"0";"0";"383bcc39-fa8b-401c-bbf8-b639b1d17842";""
"Casos de uso Totes GIR  RC";"REGIONAL";"adrmorales";"Visualizador";"Proyecto principal";"Develop";"18";"No";"No";"";"No Evaluado";"";"0";"Non-Systemic  P1";"PD ICQA";"0";"0";"29248cb7-dbc5-4c33-ae01-cc92d1246ccf";""
"Ring Scanner - Picking NT";"REGIONAL";"jazperezd";"Visualizador";"Proyecto principal";"Develop";"14";"Sí";"No";"";"No Evaluado";"";"0";"";"PD MTM DMS";"0";"0";"2c2be075-7b2e-4add-b22f-74d24f325a80";""
"Login / Incio de Sessão com uso de QR Code";"MXCD14";"ferortiz";"Visualizador";"Proyecto ramificado";"";"";"No";"No";"";"No Evaluado";"";"0";"Roll Out";"MXCD14 -CIE";"0";"0";"2d1b594f-0fa9-44d2-ae6b-1d9fb638a7a6";""
"[Q3 - 2026] - H&B - Contra Ciclo SVC [MLB/MLM]";"REGIONAL";"cpriore";"Visualizador";"Proyecto principal";"POC";"14";"No";"Sí";"Período en curso con estado Backlog.";"No Evaluado";"";"0";"";"PyMs H&B y Inversa TTE";"0";"0";"2c7f18c2-97f8-4229-a802-7dfb0ff1af0a";""
"Idle Time Management";"BRMG01";"anasi";"Visualizador";"Proyecto ramificado";"";"";"No";"No";"";"No Evaluado";"";"0";"Roll Out";"BRMG01-CIE";"0";"0";"2ba049c1-8635-48bc-82ac-2f9e4cd5e487";""
"Creacion de WI Sobrantes en RC";"REGIONAL";"dlameu";"Visualizador";"Proyecto principal";"Develop";"14";"No";"No";"";"No Evaluado";"";"0";"Non-Systemic  P3";"PD ICQA";"0";"0";"34bfb751-6ead-49b9-b113-25d387a5cd21";""
"Aumento del Divisor del Último Nivel MZ";"REGIONAL";"eduarlima";"Visualizador";"Proyecto principal";"MVP";"14";"Sí";"Sí";"Período en curso con estado Backlog.";"No Evaluado";"";"0";"P1";"PD MTM Storage Solution";"0";"0";"29893db2-3eb5-4665-9817-caa3ecc15f3d";""
"Picking Dinamico - Pick to Ship";"REGIONAL";"ilopezbarrei";"Visualizador";"Proyecto principal";"";"";"No";"No";"";"No Evaluado";"";"0";"Systemic  P1";"PD Outbound";"0";"0";"2dfcad11-9b35-44d3-97c3-476965f6b50e";""
"LMS-  Actualización en el Proceso de Picking (SSKU)";"MXCD07";"odiazdolores";"Visualizador";"Proyecto ramificado";"";"";"No";"No";"";"No Evaluado";"";"0";"Roll Out";"MXCD07-CIE";"0";"0";"2e02a5f8-38cb-477b-9805-df777b9ab5a9";""
"Holguras";"REGIONAL";"gangelessilv";"Visualizador";"Proyecto principal";"";"";"No";"No";"";"No Evaluado";"";"0";"";"Flow";"0";"0";"2af7d269-e0cd-4a48-88dc-c0ec6815123b";""
"Vista de Reporte de OB SLA por Dwell/Aging";"REGIONAL";"leaalves";"Visualizador";"Proyecto principal";"POC";"15";"Sí";"No";"";"No Evaluado";"";"0";"";"PD Outbound";"0";"0";"36fb1a4d-c421-4e32-beab-5141c4dd1f2f";""
"[Automation  and  Sorter] RC Automatizado";"REGIONAL";"julidomingue";"Visualizador";"Proyecto principal";"5. Sustentabilidad";"14";"Sí";"No";"";"No Evaluado";"";"2";"P1";"Robotics & Automation";"0";"0";"2f78dbc7-c202-4c89-8d2c-486fd3df638d";""
"[Q3 - 2026] - [Inbound & Mesa Ayuda] - Mejora en el flujo de Averías (Apagado de Appsheets  rechazo en Inbound)";"FOS";"alecaliz";"Visualizador";"Proyecto principal";"Implement";"14";"No";"Sí";"Período en curso con estado Backlog.";"No Evaluado";"";"0";"";"FOS-Regional";"0";"0";"2d488f98-1098-4f6f-b55e-bf3cd8c5d34e";""
"Staging Zones Configs";"BRSP11";"thaparecida";"Visualizador";"Proyecto ramificado";"";"";"No";"No";"";"No Evaluado";"";"0";"Roll Out";"BRSP11-CIE";"0";"0";"37815919-10f0-4409-bb74-e96f58ff60ea";""
"Wow Central País";"REGIONAL";"maizdias";"Visualizador";"Proyecto principal";"";"";"No";"No";"";"No Evaluado";"";"0";"Non-Systemic  P2";"Flow";"0";"0";"39248317-b1b7-45c3-b052-7c3c5e9b6486";""
"Picking Continuo - Drop Off";"MXCD13";"odiazdolores";"Visualizador";"Proyecto ramificado";"6. Proyecto Finalizado";"15";"No";"No";"";"No Evaluado";"";"0";"C2  Roll Out  Systemic  P2";"MXCD13-CIE";"0";"0";"3497c18e-16c6-4f88-9fda-6f4dc4fb96df";""
"Automatização do Report de Fraude na Triagem de ENOEs";"ARBA02";"gonflorez";"Visualizador";"Proyecto ramificado";"5. Sustentabilidad";"14";"No";"Sí";"Período en curso con estado Backlog.";"No Evaluado";"";"0";"C2  Roll Out  Systemic  P1";"Sin equipo";"0";"0";"3171a260-9f67-4db4-a622-879fc52a0d19";""
"Ajuste de Stock en WMS (Prender MLB)";"BRSP18";"wenmoura";"Visualizador";"Proyecto ramificado";"5. Sustentabilidad";"15";"No";"No";"";"No Evaluado";"";"0";"Roll Out  P2";"BRSP19-CIE";"0";"0";"3ba8add3-8bcd-49cc-9269-51e724a6076c";""
"Suporte para bandeja nas bancadas";"BRSP04";"aguilhem";"Visualizador";"Proyecto principal";"6. Proyecto Finalizado";"14";"Sí";"Sí";"Período en curso con estado Backlog.";"No Evaluado";"";"0";"";"BRSP04-CIE";"0";"0";"362372b9-62f0-4fbd-a8e7-8fb119e3ec99";""
"[Q3 - 2026] - New feature a reps: Mi Rendimiento";"LMS";"lianni";"Visualizador";"Proyecto principal";"Implement";"15";"No";"No";"";"No Evaluado";"";"0";"";"LMS-Regional";"0";"0";"2d6d2dca-8f80-4472-9e85-10a570406af2";""
"HERMES — Catalogação de Rezagos e Salvados Não Sistêmicos";"BRSP11";"rteixeiramon";"Visualizador";"Proyecto ramificado";"";"";"No";"No";"";"No Evaluado";"";"0";"C1  Roll Out  Non-Systemic  P1";"Sin equipo";"0";"0";"308beabd-2be2-4cdf-bda9-be8b0382fe19";""
"Redução no Missorted na HU In — Erro de Atrelamento";"BRSP02";"jplevada";"Visualizador";"Proyecto principal";"Implement";"15";"No";"No";"";"No Evaluado";"";"0";"";"BRSP02-CIE";"0";"0";"33960db9-92fa-407d-afd9-7c6cae5260a1";""
"Mudanças na app de gestão de usuarios e ações massivas : Mudança de líder e extensão de caducidad";"MXNL02";"";"Visualizador";"Proyecto ramificado";"";"";"No";"No";"";"No Evaluado";"";"0";"Roll Out";"RO Planning Mexico";"0";"0";"3bd752d4-a3a3-4363-ab64-349d5b810791";""
"Nuevo acceso a "Mi rendimiento" desde BOXI para Desktop ";"BRSP15";"";"Visualizador";"Proyecto ramificado";"";"";"No";"No";"";"No Evaluado";"";"0";"Roll Out  P3";"Sin equipo";"0";"0";"3be3d227-6551-4084-9206-0dfbd600e641";""
"Nuevo acceso a "Mi rendimiento" desde BOXI para Desktop ";"MXCD13";"";"Visualizador";"Proyecto ramificado";"";"";"No";"No";"";"No Evaluado";"";"0";"Roll Out  P3";"Sin equipo";"0";"0";"3c05834c-e580-4b43-9be4-2847219e6b32";""
"HERMES — Catalogação de Rezagos e Salvados Não Sistêmicos";"BRXSP1";"";"Visualizador";"Proyecto ramificado";"";"";"No";"No";"";"No Evaluado";"";"0";"C1  Roll Out  Non-Systemic  P1";"Sin equipo";"0";"0";"3c18198a-c4f8-4398-bc5e-3cfdb979bac6";""
"Nova Home & Mi Perfil";"BRRC01";"";"Visualizador";"Proyecto ramificado";"";"";"No";"No";"";"No Evaluado";"";"0";"Roll Out";"BRRC01-CIE";"0";"0";"3c1f41dc-5c06-4f70-995b-43ad39f3cbe1";""
"Acesso Contextual - Mi Primero Proceso";"MXRC03";"";"Visualizador";"Proyecto ramificado";"";"";"No";"No";"";"No Evaluado";"";"0";"C1  Roll Out  P1";"Sin equipo";"0";"0";"3c45cee4-d78d-4976-aa61-5cd81352ce63";""
"Ajuste de Caja Máxima Virtual MLM";"MXCD06";"";"Visualizador";"Proyecto ramificado";"";"";"No";"No";"";"No Evaluado";"";"0";"Roll Out  Systemic  P3";"Sin equipo";"0";"0";"3d139ef0-4454-4d7b-80a1-7d3f4616b62c";""
"Mudanças na app de gestão de usuarios e ações massivas : Mudança de líder e extensão de caducidad";"BRSP06";"";"Visualizador";"Proyecto ramificado";"";"";"No";"No";"";"No Evaluado";"";"0";"Roll Out";"BRSP06-CIE";"0";"0";"3d247916-b575-4c3d-bf32-6dc4ced2a978";""
"Cambio en la Tool de Gestion de proveedores";"GROOT";"";"Visualizador";"Proyecto principal";"";"";"No";"No";"";"No Evaluado";"";"0";"";"GROOT-Regional";"0";"0";"3d7c33e5-3061-44b2-9e9f-bd59a9512010";""
"Gestión de insumos reutilizables";"BRSP10";"";"Visualizador";"Proyecto ramificado";"";"";"No";"No";"";"No Evaluado";"";"0";"Roll Out";"Sin equipo";"0";"0";"3dbdb744-e9bf-44b5-a936-11c9e986a10d";""
"Cambio en la Tool de Gestion de proveedores";"GROOT";"";"Visualizador";"Proyecto principal";"";"";"No";"No";"";"No Evaluado";"";"0";"";"GROOT-Regional";"0";"0";"3de97803-996b-4732-91bc-f4047a225bd4";""
"HERMES — Catalogação de Rezagos e Salvados Não Sistêmicos";"BRSP02";"";"Visualizador";"Proyecto ramificado";"";"";"No";"No";"";"No Evaluado";"";"0";"C1  Roll Out  Non-Systemic  P1";"Sin equipo";"0";"0";"3ea2f39f-6d4f-4012-bca0-030e22c340b4";""
"HERMES — Catalogação de Rezagos e Salvados Não Sistêmicos";"MXCD02";"";"Visualizador";"Proyecto ramificado";"";"";"No";"No";"";"No Evaluado";"";"0";"C1  Roll Out  Non-Systemic  P1";"Sin equipo";"0";"0";"3ecc1594-239e-4c7e-9d77-7b466269e881";""
"Nuevo acceso a "Mi rendimiento" desde BOXI para Desktop ";"MXCD07";"";"Visualizador";"Proyecto ramificado";"";"";"No";"No";"";"No Evaluado";"";"0";"Roll Out  P3";"Sin equipo";"0";"0";"3ed1d71a-c0d6-41fe-bc79-649ba16a2439";""
"Split de non totable SIOC Cono Sur";"CLRM03";"";"Visualizador";"Proyecto ramificado";"";"";"No";"No";"";"No Evaluado";"";"0";"TIA  Roll Out  Systemic  P3";"Sin equipo";"0";"0";"4098b785-0ce5-435c-9df9-9e6002885cc8";""
"Nuevo acceso a "Mi rendimiento" desde BOXI para Desktop ";"BRPR01";"";"Visualizador";"Proyecto ramificado";"";"";"No";"No";"";"No Evaluado";"";"0";"Roll Out  P3";"Sin equipo";"0";"0";"40a16b58-b087-4fb2-8f75-f76c1b1f5141";""
"Ajuste de Caja Máxima Virtual MLM";"MXCD20";"";"Visualizador";"Proyecto ramificado";"";"";"No";"No";"";"No Evaluado";"";"0";"Roll Out  Systemic  P3";"Sin equipo";"0";"0";"40dda7c5-04ed-43b3-9af5-0820bc3b8710";""
"App Conteos Mangapallets RFID";"MXCD13";"";"Visualizador";"Proyecto ramificado";"";"";"No";"No";"";"No Evaluado";"";"0";"C2  Roll Out  P1";"Sin equipo";"0";"0";"41cd8d4c-755d-45bd-aca1-2a3ec208f78f";""
"Cambio en la Tool de Gestion de proveedores";"GROOT";"";"Visualizador";"Proyecto principal";"";"";"No";"No";"";"No Evaluado";"";"0";"";"GROOT-Regional";"0";"0";"426f3a62-46b6-41e0-9745-f98918e019f0";""
"App Conteos Mangapallets RFID";"PELI01";"";"Visualizador";"Proyecto ramificado";"";"";"No";"No";"";"No Evaluado";"";"0";"C2  Roll Out  P1";"Sin equipo";"0";"0";"42d800e0-8085-459b-9ef8-f226d7e89702";""
"Gestión de insumos reutilizables";"BRSP06";"";"Visualizador";"Proyecto ramificado";"";"";"No";"No";"";"No Evaluado";"";"0";"Roll Out";"Sin equipo";"0";"0";"43040909-0a24-4dd9-8e0d-89352888e68f";""
"Ajuste de Caja Máxima Virtual MLM";"MXNL01";"";"Visualizador";"Proyecto ramificado";"";"";"No";"No";"";"No Evaluado";"";"0";"Roll Out  Systemic  P3";"Sin equipo";"0";"0";"43f1eead-f676-490d-882b-e33cb740145f";""
"Nuevo acceso a "Mi rendimiento" desde BOXI para Desktop ";"USTX01";"";"Visualizador";"Proyecto ramificado";"";"";"No";"No";"";"No Evaluado";"";"0";"Roll Out  P3";"Sin equipo";"0";"0";"43ff5413-0fea-414c-9bcb-6c34ca90ddb8";""
"App Conteos Mangapallets RFID";"USTX01";"";"Visualizador";"Proyecto ramificado";"";"";"No";"No";"";"No Evaluado";"";"0";"C2  Roll Out  P1";"Sin equipo";"0";"0";"44569ad3-5a72-4734-91fb-799739d68982";""
"Gestión de insumos reutilizables";"USTX01";"";"Visualizador";"Proyecto ramificado";"";"";"No";"No";"";"No Evaluado";"";"0";"Roll Out";"Sin equipo";"0";"0";"44b23b46-7122-4b52-8210-019e3c8c539b";""
"Acceso Contextual : Sinergia Temporal";"MXCD07";"";"Visualizador";"Proyecto ramificado";"";"";"No";"No";"";"No Evaluado";"";"0";"C1  Roll Out";"Sin equipo";"0";"0";"44e7a4cd-a32d-4623-8a4f-80057bca8952";""
"Nuevo acceso a "Mi rendimiento" desde BOXI para Desktop ";"MXGT01";"";"Visualizador";"Proyecto ramificado";"";"";"No";"No";"";"No Evaluado";"";"0";"Roll Out  P3";"Sin equipo";"0";"0";"44ed0353-ea7d-43ef-b2d8-0b5b58cbadd8";""
"Nuevo acceso a "Mi rendimiento" desde BOXI para Desktop ";"MXCD12";"";"Visualizador";"Proyecto ramificado";"";"";"No";"No";"";"No Evaluado";"";"0";"Roll Out  P3";"Sin equipo";"0";"0";"4537b7b6-5955-47ca-917f-d4eafa29ae02";""
"Receiving de Lego para LI";"BRDF01";"";"Visualizador";"Proyecto ramificado";"";"";"No";"No";"";"No Evaluado";"";"0";"C1  Roll Out  P1";"Sin equipo";"0";"0";"45cb465d-1292-4c69-82f4-6ec881345b40";""
"App Conteos Mangapallets RFID";"MXPB01";"";"Visualizador";"Proyecto ramificado";"";"";"No";"No";"";"No Evaluado";"";"0";"C2  Roll Out  P1";"Sin equipo";"0";"0";"466732d4-4343-43de-9f49-628475769d59";""
"Prueba meli axis 2.0";"CLRM04";"";"Visualizador";"Proyecto ramificado";"";"";"No";"No";"";"No Evaluado";"";"0";"C1  Roll Out";"Sin equipo";"0";"0";"46869cea-d1f4-4cf6-9a60-154627264a24";""
"Automatização do Report de Fraude na Triagem de ENOEs";"BRDF01";"";"Visualizador";"Proyecto ramificado";"";"";"No";"No";"";"No Evaluado";"";"0";"C2  Roll Out  Systemic  P1";"Sin equipo";"0";"0";"46a441da-72a9-42fd-ae47-f1d3ef8265fc";""
"Gestión de insumos reutilizables";"MXYU01";"";"Visualizador";"Proyecto ramificado";"";"";"No";"No";"";"No Evaluado";"";"0";"Roll Out";"Sin equipo";"0";"0";"47778014-8806-4f43-bdc1-861cde19c1b3";""
"Prueba meli axis 2.0";"CLBB01";"";"Visualizador";"Proyecto ramificado";"";"";"No";"No";"";"No Evaluado";"";"0";"C1  Roll Out";"Sin equipo";"0";"0";"480afa39-6de2-43b8-83d0-dbed93ea72bd";""
"Nuevo acceso a "Mi rendimiento" desde BOXI para Desktop ";"MXACN1";"";"Visualizador";"Proyecto ramificado";"";"";"No";"No";"";"No Evaluado";"";"0";"Roll Out  P3";"Sin equipo";"0";"0";"483f015f-56b9-4173-8d31-538b3f22f0c2";""
"Acceso Contextual : Sinergia Temporal";"MXRC03";"";"Visualizador";"Proyecto ramificado";"";"";"No";"No";"";"No Evaluado";"";"0";"C1  Roll Out";"Sin equipo";"0";"0";"4a6dbfea-3eb3-45be-8a0d-49360447f731";""
"Nova Home & Mi Perfil";"BRPE01";"";"Visualizador";"Proyecto ramificado";"";"";"No";"No";"";"No Evaluado";"";"0";"Roll Out";"BRPE01-CIE";"0";"0";"4b08d008-b09e-42eb-be80-c8a7fe5e5235";""
"Acesso Contextual - Mi Primero Proceso";"MXYU01";"";"Visualizador";"Proyecto ramificado";"";"";"No";"No";"";"No Evaluado";"";"0";"C1  Roll Out  P1";"Sin equipo";"0";"0";"4b09a672-94e1-45c7-99ae-e81c4407b4aa";""
"HERMES — Catalogação de Rezagos e Salvados Não Sistêmicos";"BRPE01";"";"Visualizador";"Proyecto ramificado";"";"";"No";"No";"";"No Evaluado";"";"0";"C1  Roll Out  Non-Systemic  P1";"Sin equipo";"0";"0";"4b7832ba-4692-4bdd-9f99-22071c2fed61";""
"App Conteos Mangapallets RFID";"MXACN1";"";"Visualizador";"Proyecto ramificado";"";"";"No";"No";"";"No Evaluado";"";"0";"C2  Roll Out  P1";"Sin equipo";"0";"0";"4bed72b4-a34b-48a1-9ade-23d9c3f72d8c";""
"Flyers MLB con PCR";"BRSP19";"";"Visualizador";"Proyecto ramificado";"";"";"No";"No";"";"No Evaluado";"";"0";"Roll Out";"Sin equipo";"0";"0";"4c9dd3f7-966c-4f28-a049-55a389c90784";""
"GAP GGPXGNP  (Pilar 4: Yo me apunto)";"MXCD07";"";"Visualizador";"Proyecto ramificado";"";"";"No";"No";"";"No Evaluado";"";"0";"C1  Roll Out";"Sin equipo";"0";"0";"4cb667bb-5c40-4b21-ac13-22ff292ccd76";""
"Redução do tempo de troca de senha (Reps em onboarding)";"BRMG04";"";"Visualizador";"Proyecto principal";"";"";"No";"No";"";"No Evaluado";"";"0";"";"BRMG04-OC";"0";"0";"4d866a9d-e78e-4ebf-8988-e8c523960ae6";""
"Mudanças na app de gestão de usuarios e ações massivas : Mudança de líder e extensão de caducidad";"BRTC01";"";"Visualizador";"Proyecto ramificado";"";"";"No";"No";"";"No Evaluado";"";"0";"Roll Out";"BRTC01-OC";"0";"0";"4d90388d-bd11-4246-9cb8-4e27c4037765";""
"Gestión de insumos reutilizables";"BRRC03";"";"Visualizador";"Proyecto ramificado";"";"";"No";"No";"";"No Evaluado";"";"0";"Roll Out";"Sin equipo";"0";"0";"4db55bd1-e684-4d70-9506-aa079379b8d8";""
"Mudanças na app de gestão de usuarios e ações massivas : Mudança de líder e extensão de caducidad";"MXGT01";"";"Visualizador";"Proyecto ramificado";"";"";"No";"No";"";"No Evaluado";"";"0";"Roll Out";"MXGT01-CIE";"0";"0";"4dcbe990-d700-4e08-9e0d-b9100d51ebc3";""
"Gestión de insumos reutilizables";"BRSC02";"";"Visualizador";"Proyecto ramificado";"";"";"No";"No";"";"No Evaluado";"";"0";"Roll Out";"Sin equipo";"0";"0";"4e6e628d-48d1-4d21-a641-c8fd8b71a372";""
"Pruebs javi";"BRABA1";"";"Visualizador";"Proyecto ramificado";"";"";"No";"No";"";"No Evaluado";"";"0";"C1  Roll Out";"Sin equipo";"0";"0";"4f805331-d7d5-4bce-b7c3-da748f7e0076";""
"Buffers Pre PA";"BRSP04";"odgoncalves";"Visualizador";"Proyecto ramificado";"5. Sustentabilidad";"15";"No";"No";"";"No Evaluado";"";"0";"P1";"BRSP04-CIE";"0";"0";"48b7ede0-0188-490e-b412-a811b446ce09";""
"Service Center SMXRV1";"REGIONAL";"tonishi";"Visualizador";"Proyecto principal";"Develop";"18";"No";"No";"";"No Evaluado";"";"0";"";"Log Inversa";"0";"0";"49198457-fa92-40a0-8bc0-115f690d4878";""
"Robotics | Map Monitoring";"REGIONAL";"anapaugutier";"Visualizador";"Proyecto principal";"MVP";"18";"No";"No";"";"No Evaluado";"";"0";"";"Robotics & Automation";"0";"0";"3fed0ffd-feaa-4294-a833-b0524a5b8209";""
"[Q3 - 2026] - Q3 - [HCM] Governance de turnos";"HCM";"melsoares";"Visualizador";"Proyecto principal";"POC";"14";"Sí";"Sí";"Período en curso con estado Backlog.";"No Evaluado";"";"0";"";"HCM-Regional";"0";"0";"4724d9ed-fd46-4521-950f-077599bfc289";""
"IO - Massive Audit";"REGIONAL";"adrsato";"Visualizador";"Proyecto principal";"Implement";"15";"No";"No";"";"No Evaluado";"";"0";"P2";"PD Performance Management";"0";"0";"4b466d69-9153-44b9-b8e3-7cd04eae13ac";""
"Q3 MLC Baker y Sacas_Nodos SVC";"MTM";"letiferreira";"Visualizador";"Proyecto principal";"MVP";"14";"No";"Sí";"Período en curso con estado Backlog.";"No Evaluado";"";"0";"";"MTM-Regional";"0";"0";"4d450e16-625f-4c7f-a3fb-6e7d051dfd0e";""
"Reporte SLA Packed (Outbound)";"BRSP11";"safialho";"Visualizador";"Proyecto ramificado";"5. Sustentabilidad";"14";"Sí";"Sí";"Período en curso con estado Backlog.";"No Evaluado";"";"0";"Roll Out  P1";"BRSP11-CIE";"0";"0";"4942d5e2-4da9-4486-ac25-eaacb2ee7c90";""
"Gift Wrap";"BRMG01";"wibernardes";"Visualizador";"Proyecto ramificado";"Implement";"14";"No";"Sí";"Período en curso con estado Backlog.";"No Evaluado";"";"0";"C3  Roll Out  Systemic  P1";"Sin equipo";"0";"0";"4ad1df71-3926-44ed-9ef9-17d6f3a78fd6";""
"[Q3 - 2026] - Q# Take over de gestión de usuarios transporte por ABM";"GROOT";"fmarmili";"Visualizador";"Proyecto principal";"Implement";"14";"Sí";"Sí";"Período en curso con estado Backlog.";"No Evaluado";"";"0";"";"GROOT-Regional";"0";"0";"490636ca-f56b-4918-bb0b-876b9c854813";""
"Roles expertos - Check in";"REGIONAL";"";"Visualizador";"Proyecto principal";"";"";"No";"No";"";"No Evaluado";"";"0";"";"RO Planning Mexico";"0";"0";"3e483c88-b6bb-425c-914b-0cd9c7efc178";""
"Redução da Quantidade Bipagem de Box ID não bipada em Receiving";"BRMG03";"hhendsuzuki";"Visualizador";"Proyecto ramificado";"5. Sustentabilidad";"15";"No";"No";"";"No Evaluado";"";"0";"C2  Roll Out  P2";"BRMG03-CIE";"0";"0";"48a654ca-f8b4-43c5-86cd-ff65efabf230";""
"Visibilidad volumen retiros en XEM2";"REGIONAL";"jesmartinez";"Visualizador";"Proyecto principal";"POC";"19";"No";"No";"";"No Evaluado";"";"0";"";"PD Logistica Inversa";"0";"0";"3fd40b4c-9569-450f-b812-60defeaa0950";""
"Automatização do Report de Fraude na Triagem de ENOEs";"BRBA01";"gabaraujo";"Visualizador";"Proyecto ramificado";"5. Sustentabilidad";"15";"No";"No";"";"No Evaluado";"";"0";"C2  Roll Out  Systemic  P1";"Sin equipo";"0";"0";"47c10618-7a00-4f18-8a2c-eb3d0c1998e0";""
"Heatmap 3.0 Fase 2";"MXYU01";"mnolasconiev";"Visualizador";"Proyecto ramificado";"5. Sustentabilidad";"17";"Sí";"No";"";"No Evaluado";"";"0";"Roll Out  P2";"MXYU01-CIE";"0";"0";"3d170a01-2d0a-4e0f-8bcd-3b6d1a3477d6";""
"MLM BEX01 papel";"REGIONAL";"esanchezmari";"Visualizador";"Proyecto principal";"Develop";"15";"Sí";"No";"";"No Evaluado";"";"0";"P1";"PD MTM Packaging";"0";"0";"474502c3-30fa-4ecc-bbc8-14c3fedacfc1";""
"[LI] Despliegue RISE Triage logística inversa Latam";"REGIONAL";"dieurriola";"Visualizador";"Proyecto principal";"POC";"15";"No";"No";"";"No Evaluado";"";"0";"";"Cono Sur-Log Inversa";"0";"0";"48d0a583-4015-49d3-923b-addd7f9bbfae";""
"Automatização do Report de Fraude na Triagem de ENOEs";"BRSP06";"gavasconcelo";"Visualizador";"Proyecto ramificado";"5. Sustentabilidad";"14";"No";"Sí";"Período en curso con estado Backlog.";"No Evaluado";"";"0";"C2  Roll Out  Systemic  P1";"Sin equipo";"0";"0";"4eb9eb52-7e5c-4aeb-8db4-d0ca89c6722e";""
" Asignación de tarjetas (badge_id)";"REGIONAL";"adrsato";"Visualizador";"Proyecto principal";"Develop";"14";"Sí";"Sí";"Período en curso con estado Backlog.";"No Evaluado";"";"1";"P3";"PD Performance Management";"0";"0";"3e5faf9d-2ae2-4b9f-9151-1ce444f8e404";""
"SLA de Patio 2026";"MXJC01";"secheverria";"Visualizador";"Proyecto ramificado";"5. Sustentabilidad";"18";"No";"No";"";"No Evaluado";"";"0";"C2  Roll Out";"MXJC01-CIE";"0";"0";"42a65e63-a47a-4f6a-a9aa-8584ca581be0";""
"Integración de IO con Direct Check in";"REGIONAL";"adrsato";"Visualizador";"Proyecto principal";"Implement";"18";"No";"No";"";"No Evaluado";"";"0";"P2";"PD Performance Management";"0";"0";"43c30753-1fd0-4e12-a3d6-6b030f74889f";""
"[FOS - Assembly] - Armado de flujo unificado LEGO";"MXCD09";"vmoralesboni";"Visualizador";"Proyecto ramificado";"5. Sustentabilidad";"18";"No";"No";"";"No Evaluado";"";"0";"P3";"MXCD09-CIE";"0";"0";"3ed3e69c-3e91-4877-b08a-75afcc68705a";""
"Picking";"BRBA01";"mardeus";"Visualizador";"Proyecto principal";"Iniciativa";"14";"No";"Sí";"Período en curso con estado Backlog.";"No Evaluado";"";"0";"";"BRBA01-CIE";"0";"0";"4e31424c-c56d-4826-97eb-f7f4839296d6";""
"Optimización de MHE´s2";"MXCD09";"armontiel";"Visualizador";"Proyecto principal";"";"";"No";"No";"";"No Evaluado";"";"0";"";"MXCD09-CIE";"26543";"1-500";"4b824fc8-3b20-4b85-b002-e259864f4047";""
"Implementación sorter BRMG02";"REGIONAL";"julidomingue";"Visualizador";"Proyecto principal";"5. Sustentabilidad";"18";"No";"No";"";"No Evaluado";"";"3";"";"Robotics & Automation";"0";"0";"4023e2ba-1fa1-42e9-9c6f-46514f4ba956";""
"Evolución Karakuri 2.0";"CLRM03";"reruiz";"Visualizador";"Proyecto principal";"Develop";"19";"No";"No";"";"No Evaluado";"";"0";"";"CLRM03-CIE";"0";"0";"4179e51f-efc5-476c-9343-9b76f42c3924";""
"Transferência da espinha de Shipping G100";"BRBA01";"nssouza";"Visualizador";"Proyecto principal";"6. Proyecto Finalizado";"14";"No";"Sí";"Período en curso con estado Backlog.";"No Evaluado";"";"0";"P2";"BRBA01-CIE";"20000";"1-500";"46985616-bcd1-43d3-9fce-f1df0811ec2e";""
"IO - Inbound Audit";"BRSC02";"alsrocha";"Visualizador";"Proyecto ramificado";"";"";"No";"No";"";"No Evaluado";"";"0";"Roll Out  P2";"BRSC02-CIE";"0";"0";"4137e38f-15af-40d5-9ca9-0f4b0e3f93d6";""
"Automation Totes";"MXNL01";"carlramos";"Visualizador";"Proyecto principal";"Implement";"14";"No";"Sí";"Período en curso con estado Backlog.";"No Evaluado";"";"0";"";"MXNL01-CIE";"0";"0";"4822833a-4da8-492d-8280-bc943424c8dd";""
"Monitores de productividad (Inbound y Outbound)";"MXCD06";"rmendiola";"Visualizador";"Proyecto principal";"MVP";"15";"No";"No";"";"No Evaluado";"";"1";"";"MXCD06-CIE";"0";"0";"47478b7f-8d85-43b8-8713-3fc88e32af7f";""
"Login / Incio de Sessão com uso de QR Code";"ARBA01";"ccabezonbarr";"Visualizador";"Proyecto ramificado";"6. Proyecto Finalizado";"14";"Sí";"Sí";"Período en curso con estado Backlog.";"No Evaluado";"";"0";"Roll Out";"ARBA01-CIE";"0";"0";"4bdf35f2-b2f9-45b8-9b11-7de0452694cf";""
"MXNL01 (DAMON) Automation Conveyors - Implementación";"MXNL01";"kamdsouza";"Visualizador";"Proyecto principal";"Develop";"15";"No";"No";"";"No Evaluado";"";"0";"Systemic  P1";"Robotics & Automation";"0";"0";"3c463b28-a6ae-4d4e-a17f-34b65e9e5dad";""
"Optimización de traslados Patín-Tugger MXTC01";"REGIONAL";"eesparza";"Visualizador";"Proyecto principal";"MVP";"15";"No";"No";"";"No Evaluado";"";"0";"P2";"MLM-Log Inversa";"230457";"1-500";"3d5aee17-5cdf-4d82-9802-8d8862881ac8";""
"IO - Inbound Audit";"BRRC02";"angelnogueir";"Visualizador";"Proyecto ramificado";"";"";"No";"No";"";"No Evaluado";"";"0";"Roll Out  P2";"BRRC01-CIE";"0";"0";"40622b37-4270-401a-8b5f-20a184293545";""
"[Q3'26] MOI de Inbound";"BRPE01";"mtiburcio";"Visualizador";"Proyecto principal";"5. Sustentabilidad";"14";"Sí";"Sí";"Período en curso con estado Backlog.";"No Evaluado";"";"0";"P2";"BRPE01-CIE";"0";"0";"40a7829a-32f0-4fd6-9623-f8b60d8d60bb";""
"G2P BRSC02";"REGIONAL";"josmoreno";"Visualizador";"Proyecto principal";"Develop";"15";"Sí";"No";"";"No Evaluado";"";"0";"";"Robotics & Automation";"0";"0";"3dbd5788-cdf5-4b91-a4e3-154db7a467ea";""
"RFID para transfer + decanting";"BRSP04";"odgoncalves";"Visualizador";"Proyecto ramificado";"5. Sustentabilidad";"15";"Sí";"No";"";"No Evaluado";"";"0";"Roll Out";"BRSP04-CIE";"0";"0";"4cd01193-f3a9-4f62-8212-fdc1a60b1247";""
"[Q3 - 2026] - Q3 - Implementação de PyMes Zone";"REGIONAL";"ext_morenlea";"Visualizador";"Proyecto principal";"Implement";"14";"No";"Sí";"Período en curso con estado Backlog.";"No Evaluado";"";"0";"";"CIC-Regional";"0";"0";"4072da6a-85d3-4d4d-9b4c-f4b3e631c3d3";""
"Embalagem para produtos Hazmat";"REGIONAL";"rodbraga";"Visualizador";"Proyecto principal";"MVP";"17";"Sí";"No";"";"No Evaluado";"";"0";"P2";"PD MTM Packaging";"0";"0";"4c177026-0bc9-43cc-9413-094b224a7938";""
"Multi-Warehouse em SP09";"BRSP09";"amiroli";"Visualizador";"Proyecto principal";"5. Sustentabilidad";"15";"No";"No";"";"No Evaluado";"";"0";"";"BRSP09-CIE";"0";"0";"4f749830-b038-4414-885d-ec0e9ff172ec";""
"Implementar XP de pantallas de RB a area manual";"ARBA02";"lgayol";"Visualizador";"Proyecto ramificado";"5. Sustentabilidad";"17";"Sí";"No";"";"No Evaluado";"";"1";"Roll Out";"ARBA02-CIE";"0";"0";"4a1eb804-73db-4df3-957c-c68f0dff1a62";""
"[Q3] Mejoras en experiencia de Repacking MPT";"BRSP02";"acastellanos";"Visualizador";"Proyecto principal";"MVP";"14";"Sí";"No";"";"No Evaluado";"";"0";"Systemic  P1";"PD Logistica Inversa";"0";"0";"4131faef-b4dd-4dc2-b778-3c2f5f3580cd";""
"[ Q3/26 ] MOI Oubound";"BRSP11";"marcefonseca";"Visualizador";"Proyecto principal";"Implement";"15";"No";"No";"";"No Evaluado";"";"0";"";"BRSP11-CIE";"26146";"1-500";"4124675a-41a4-486c-bef5-2df3bc0bfcd7";""
"Gift Wrap";"BRSP06";"gavasconcelo";"Visualizador";"Proyecto ramificado";"Implement";"14";"No";"Sí";"Período en curso con estado Backlog.";"No Evaluado";"";"0";"C3  Roll Out  Systemic  P1";"Sin equipo";"0";"0";"461bb753-86f3-423a-8f6a-70db3dfbc729";""
"[Q3 - 2026] - H&B - Frágiles y Líquidos [ALL]";"REGIONAL";"cpriore";"Visualizador";"Proyecto principal";"MVP";"14";"No";"No";"";"No Evaluado";"";"0";"";"PyMs H&B y Inversa TTE";"0";"0";"463f8b08-53f7-4886-96cc-e5ab4ae7d131";""
"EXTRA - Q3 [HCM]Visibilidade de HC Inesperado em Dia de Folga";"HCM";"melsoares";"Visualizador";"Proyecto principal";"";"";"No";"No";"";"No Evaluado";"";"0";"Systemic  P1";"HCM-Regional";"0";"0";"48497215-dac5-4b5a-8bc6-d2f47abc9d19";""
"TIA - Inbound Audit";"BRSC02";"biabrum";"Visualizador";"Proyecto principal";"";"";"No";"No";"";"No Evaluado";"";"0";"";"BRSC02-OC";"0";"0";"4c277a5f-6253-4efb-99e8-c476c05ca142";""
"[Q3 - 2026] - [RSC] MVP Routing Sorting Continuo ";"Nodeflow";"iantonialli";"Visualizador";"Proyecto principal";"MVP";"14";"No";"Sí";"Período en curso con estado Backlog.";"No Evaluado";"";"0";"";"Nodeflow-Regional";"0";"0";"48899a09-4f73-4adf-816e-64ef66a03ad1";""
"[Q1 2026] Esteira móvel para recebimento";"BRMG01";"nodestro";"Visualizador";"Proyecto principal";"";"";"No";"No";"";"No Evaluado";"";"0";"";"BRMG01-CIE";"0";"0";"3f3a5cbc-0d4a-4c5a-8c1a-215755d10a24";""
"MLB Flyer Design";"BRMG02";"abrielsilvei";"Visualizador";"Proyecto ramificado";"Implement";"14";"No";"Sí";"Período en curso con estado Backlog.";"No Evaluado";"";"0";"Roll Out";"BRMG02-CIE";"0";"0";"45ff729f-a66f-478d-8988-a2b43fd4d394";""
"IO - Inbound Audit";"MXCD14";"ferortiz";"Visualizador";"Proyecto ramificado";"";"";"No";"No";"";"No Evaluado";"";"0";"Roll Out  P2";"MXCD14 -CIE";"0";"0";"418273ec-d08d-48ab-9265-40c332be3bbb";""
"Playbook Sorter MXCD10";"REGIONAL";"cilopezmende";"Visualizador";"Proyecto principal";"";"";"No";"No";"";"No Evaluado";"";"0";"";"PD MTM ICQA";"0";"0";"4faeb709-2915-43ee-ae8c-2658a24c06e4";""
"[DESPACHO] Melhoria no Processo de Movimento de HUs";"BRSP10";"gcortijo";"Visualizador";"Proyecto ramificado";"5. Sustentabilidad";"14";"Sí";"No";"";"No Evaluado";"";"0";"Roll Out";"BRSP10-CIE";"0";"0";"4b177b72-d167-44aa-8ccc-90030c76d3d7";""
"[DV] GB - Homologación de Put Away LI con Full ARBA01";"ARBA01";"dieurriola";"Visualizador";"Proyecto principal";"";"";"No";"No";"";"No Evaluado";"";"0";"Green Belt";"Cono Sur-Log Inversa";"0";"0";"488fa4b8-a455-4823-9b1f-2318e69a2e86";""
"Integración de IO con Pick to movable - P2M";"MXNL01";"eurodriguez";"Visualizador";"Proyecto ramificado";"";"";"No";"No";"";"No Evaluado";"";"1";"Roll Out";"MXNL01-CIE";"0";"0";"480fa7c7-d8d5-44b6-a3e2-96f8f78550d5";""
"Automatização fluxos Agente IA em PD Inb";"REGIONAL";"ricpereira";"Visualizador";"Proyecto principal";"6. Proyecto Finalizado";"19";"No";"No";"";"No Evaluado";"";"0";"";"PD Inbound";"0";"0";"4832e238-3b1c-4959-b548-084682f56a26";""
"[Q3 - 2026] - UR | Last Mile Programming";"Routing";"leandroemart";"Visualizador";"Proyecto principal";"MVP";"14";"No";"Sí";"Período en curso con estado Backlog.";"No Evaluado";"";"0";"";"Routing-Regional";"0";"0";"4180c036-1c4f-41c1-bd2d-9ed78948aa9c";""
"Painel HCM (Presentismo)";"BRSP10";"safialho";"Visualizador";"Proyecto ramificado";"5. Sustentabilidad";"15";"No";"No";"";"No Evaluado";"";"0";"C2  Roll Out  P1";"BRSP10-CIE";"0";"0";"4121e467-6502-450a-b71e-d6a3e717143e";""
"[Q4] Alinhamento de RTD vs Standard MTM";"BRRS01";"rhaag";"Visualizador";"Proyecto principal";"";"";"No";"No";"";"No Evaluado";"";"0";"";"BRRS01-CIE";"0";"0";"3f14f294-9fcb-48be-b7af-75c1d8bd6ca0";""
"Venta Activos Fijos - MLM";"REGIONAL";"gragasini";"Visualizador";"Proyecto principal";"6. Proyecto Finalizado";"18";"No";"Sí";"Etapa final concluida  pero el proyecto no está Finalizado/Cancelado.";"No Evaluado";"";"0";"";"PD Logistica Inversa";"0";"0";"424a9784-a74d-4c6e-a619-3329359ea927";""
"Ferramenta para informar capacidade nos stages de descarga e recebimento";"BRSP02";"raportella";"Visualizador";"Proyecto ramificado";"";"";"No";"No";"";"No Evaluado";"";"0";"";"BRSP02-CIE";"0";"0";"49a93411-d5f4-4491-9146-cc026324b5ab";""
"[Q3 - 2026] - [PyMes Q3] DevicesComm + LMS";"REGIONAL";"aberto";"Visualizador";"Proyecto principal";"Implement";"15";"No";"No";"";"No Evaluado";"";"0";"";"PyMs H&B y Inversa TTE";"0";"0";"3e76bdbe-6592-407e-99d4-da979a9f9e35";""
"Alteração da Finalização do Direct Checkin";"REGIONAL";"lvicentini";"Visualizador";"Proyecto principal";"Implement";"18";"No";"No";"";"No Evaluado";"";"0";"P2";"PD Inbound";"0";"0";"3e72dfaf-0756-4d74-8a6e-40d25b16d106";""
"Q3 Estandarizacion por Workshop - PD OTR - Branding & Safety - Fleet Mgmt (ecosystem)";"PD";"eneves";"Visualizador";"Proyecto principal";"Implement";"14";"No";"Sí";"Período en curso con estado Backlog.";"No Evaluado";"";"0";"TIA";"PD -Regional";"0";"0";"457d7f7b-7a3a-40ae-bc31-18c299d73e44";""
"[Q3 - 2026] - [FOS H&B] - Pictogramas en shipping Label";"FOS";"dcandia";"Visualizador";"Proyecto principal";"MVP";"15";"No";"No";"";"No Evaluado";"";"0";"";"FOS-Regional";"0";"0";"3bcf1486-43f2-4be7-9f73-2aa46005bb82";""
"MOI 2.0 Diseño de proceso estandar para indiretos";"REGIONAL";"fazevedopest";"Visualizador";"Proyecto principal";"Implement";"14";"Sí";"Sí";"Período en curso con estado Backlog.";"No Evaluado";"";"0";"P1";"CI Projects";"1280000";"1000+";"4a14d9ea-32d3-450b-939c-17b9547a6af6";""
"Post Order";"CLRM03";"atbravo";"Visualizador";"Proyecto ramificado";"";"";"No";"No";"";"No Evaluado";"";"0";"Roll Out  P3";"Cono Sur-Log Inversa";"0";"0";"4d708ef7-00a9-4b3d-9c88-1450721b495c";""
"[Q3'26] MOI de Shipping ";"BRPE01";"mtiburcio";"Visualizador";"Proyecto principal";"5. Sustentabilidad";"14";"No";"Sí";"Período en curso con estado Backlog.";"No Evaluado";"";"0";"P2";"BRPE01-CIE";"33433.98";"1-500";"425b773a-62bd-4dad-8f3f-045dbb5e8368";""
"Process Path Retiros";"MXCD02";"ahcarmona";"Visualizador";"Proyecto ramificado";"";"";"No";"No";"";"No Evaluado";"";"0";"Roll Out  P3";"MXCD02-CIE";"0";"0";"46f3f0cf-e38c-459e-aaf0-f26f4a3df810";""
"Takeover - BCP Plan";"REGIONAL";"josmoreno";"Visualizador";"Proyecto principal";"Develop";"15";"Sí";"No";"";"No Evaluado";"";"0";"P1";"Robotics & Automation";"0";"0";"488a7aba-37be-41ad-9aff-862156ac035a";""
"MLM Flyer Design";"MXCD13";"jlopezmelo";"Visualizador";"Proyecto ramificado";"Implement";"18";"No";"No";"";"No Evaluado";"";"0";"Roll Out  Green Belt  P1";"MXCD13-CIE";"0";"0";"4f391abd-b6f0-48ed-92ca-fc011a78c001";""
"Big totable Open issues";"REGIONAL";"descamillalu";"Visualizador";"Proyecto principal";"Implement";"15";"No";"No";"";"No Evaluado";"";"0";"P1";"MTM IB – OB – PERFORMANCE MANAGEMENT";"0";"0";"4c623a34-9c29-42f5-baf4-7ee2760a1eb9";""
"RO 13-08";"REGIONAL";"angallegos";"Visualizador";"Proyecto principal";"";"";"No";"No";"";"No Evaluado";"";"0";"C3";"RO Plan - In, LI, MP e Metros";"0";"0";"4eb92498-bb63-453a-b3cd-be8bb59f1906";""
"G2P SP15 ";"REGIONAL";"josmoreno";"Visualizador";"Proyecto principal";"5. Sustentabilidad";"15";"Sí";"No";"";"No Evaluado";"";"0";"Systemic  P1";"Robotics & Automation";"0";"0";"487096ab-d1ce-475f-a499-bce73fcf897f";""
"Mejora en el proceso de apertura de totes en Singulation";"REGIONAL";"rtardem";"Visualizador";"Proyecto principal";"";"";"No";"No";"";"No Evaluado";"";"0";"";"PD MTM Robotics & Layout";"0";"0";"4c27f4e3-3d7b-4a7b-a7c0-8c65adb3c2af";""
"Relevamiento de dispositivos Metro vs standard ideal - Atualização carrinho de 6 totes para SO";"REGIONAL";"lbaratella";"Visualizador";"Proyecto principal";"MVP";"18";"Sí";"No";"";"No Evaluado";"";"0";"P1";"MTM IB – OB – PERFORMANCE MANAGEMENT";"0";"0";"3d609016-2717-48d9-a25e-dba99c4f222b";""
"Puesto de trabajo direct check in totable ";"COCU02";"ext_mamashly";"Visualizador";"Proyecto principal";"Develop";"15";"No";"No";"";"No Evaluado";"";"0";"";"COCU02-CIE";"5812";"1-500";"459b03b3-f1ca-4649-8bd1-6acb13c6a848";""
"IO - Movable Audit";"REGIONAL";"adrsato";"Visualizador";"Proyecto principal";"Implement";"15";"No";"No";"";"No Evaluado";"";"0";"P2";"PD Performance Management";"0";"0";"3cfcd2a0-0cfe-4801-b232-c276eea883c3";""
"Receiving de Lego para LI";"ARBA04";"hlyon";"Visualizador";"Proyecto ramificado";"";"";"No";"No";"";"No Evaluado";"";"0";"C1  Roll Out  P1";"Sin equipo";"0";"0";"429c7731-b5d8-4b01-b8e1-35cadd8e376f";""
"Entrenamiento WB";"REGIONAL";"angallegos";"Visualizador";"Proyecto principal";"Iniciativa";"14";"No";"Sí";"Período en curso con estado Backlog.";"No Evaluado";"";"0";"";"RO Plan - In, LI, MP e Metros";"0";"0";"405d5913-99d9-46dc-8bd6-86f3da5db26b";""
"[Q3 - 2026] - Sorting a Nodos en SVC";"Nodeflow";"matestevao";"Visualizador";"Proyecto principal";"MVP";"14";"No";"Sí";"Período en curso con estado Backlog.";"No Evaluado";"";"0";"";"Nodeflow-Regional";"0";"0";"4456b0bd-afa0-4d1d-b335-6ab01bdf37e6";""
"Q2 Modulo de Repacking MPT";"CLRM03";"atbravo";"Visualizador";"Proyecto ramificado";"6. Proyecto Finalizado";"14";"Sí";"No";"";"No Evaluado";"";"0";"Roll Out";"Cono Sur-Log Inversa";"0";"0";"4b1066f9-2c7b-44b1-8287-dda17ceec913";""
"Agenda Automatica";"BRBA02";"lkennedy";"Visualizador";"Proyecto ramificado";"";"";"No";"No";"";"No Evaluado";"";"0";"";"BRBA02-OC";"0";"0";"3d4d6e96-964a-426f-857d-590bfa9d9352";""
"[Q3 - 2026] - Shared para asignación de primer proceso operacional";"GROOT";"fmarmili";"Visualizador";"Proyecto principal";"Develop";"15";"No";"No";"";"No Evaluado";"";"0";"";"GROOT-Regional";"0";"0";"49a005ff-45da-42e3-b367-3d34d7addcbb";""
"Unificación gradings - Simplificación sorting";"REGIONAL";"acastellanos";"Visualizador";"Proyecto principal";"POC";"15";"Sí";"No";"";"No Evaluado";"";"0";"Systemic  P3";"PD Logistica Inversa";"0";"0";"42ff8d41-f034-4dde-81b8-36212a629aed";""
"Truckfullness - Fase 1";"BRMG02";"spmorais";"Visualizador";"Proyecto ramificado";"";"";"No";"No";"";"No Evaluado";"";"0";"Roll Out";"BRMG02-CIE";"0";"0";"4a648d48-18ee-4c62-8fbd-1de258e4ad70";""
"S2P MTM";"REGIONAL";"bjavierelizo";"Visualizador";"Proyecto principal";"";"";"No";"No";"";"No Evaluado";"";"0";"";"PD MTM Robotics & Layout";"0";"0";"4ea4d8f4-08cc-44ab-a462-803f558191d3";""
"IO - Putaway melhorias";"MXCD13";"odiazdolores";"Visualizador";"Proyecto ramificado";"5. Sustentabilidad";"14";"No";"Sí";"Período en curso con estado Backlog.";"No Evaluado";"";"0";"Roll Out  P2";"MXCD13-CIE";"0";"0";"4472c497-bc45-4eb7-8e9c-7816d52c90d8";""
"Etiquetagem das MUs com RFID";"BRRC01";"angelnogueir";"Visualizador";"Proyecto principal";"5. Sustentabilidad";"15";"No";"No";"";"No Evaluado";"";"1";"";"BRRC01-CIE";"0";"0";"494eaaeb-2eba-4217-b68b-f7d412286032";""
"[MercadoPago] Moving ARBA 02";"REGIONAL";"kzarza";"Visualizador";"Proyecto principal";"6. Proyecto Finalizado";"19";"No";"No";"";"No Evaluado";"";"0";"";"MLB-Log Inversa";"0";"0";"4202c246-e9a2-435e-a119-636563fdc56c";""
"1:1 Martha";"REGIONAL";"edssantos";"Visualizador";"Proyecto principal";"Iniciativa";"2";"No";"No";"";"No Evaluado";"";"0";"";"PD Outbound";"0";"0";"410b1384-5004-429d-a752-7cc2adfae478";""
"RFID para transfer + decanting";"MXNL01";"eurodriguez";"Visualizador";"Proyecto ramificado";"";"";"No";"No";"";"No Evaluado";"";"0";"Roll Out";"MXNL01-CIE";"0";"0";"49e2a0b3-2e88-4685-b549-5074734b615f";""
"Receiving de Lego para LI";"MXCD02";"ahcarmona";"Visualizador";"Proyecto ramificado";"";"";"No";"No";"";"No Evaluado";"";"0";"C1  Roll Out  P1";"Sin equipo";"0";"0";"4c0354b6-65e5-447b-a4ea-f2084a1c8863";""
"[Q2/26] Put away assistido RS + RK";"BRSP11";"marcefonseca";"Visualizador";"Proyecto principal";"5. Sustentabilidad";"19";"No";"No";"";"No Evaluado";"";"0";"";"BRSP11-CIE";"53528";"1-500";"40a4240a-fc2f-4721-ab16-7b86150de4fc";""
"Rezagos";"REGIONAL";"estnari";"Visualizador";"Proyecto principal";"Develop";"15";"No";"No";"";"No Evaluado";"";"0";"";"PD Logistica Inversa";"0";"0";"43542a2c-14cc-4fa3-ae14-b125d3b6be60";""
"[Q3 2026] Redução de falhas na gestão de produtos Cancelados";"BRMG04";"sealmeida";"Visualizador";"Proyecto principal";"Discovery";"15";"No";"No";"";"No Evaluado";"";"0";"";"BRMG04-CIE";"0";"0";"4dc00088-3a22-4409-bce1-fcc3bd174fed";""
"Subida masiva maximos y minimos - Replenishment";"REGIONAL";"fandreu";"Visualizador";"Proyecto principal";"";"";"No";"No";"";"No Evaluado";"";"0";"P1";"PD Inbound";"0";"0";"48b11e43-e09c-461c-98b2-c14d85131c75";""
"Expansão de canalizações - Sorting/Armado de HU";"BRRC01";"ismrodrigues";"Visualizador";"Proyecto principal";"Develop";"15";"No";"No";"";"No Evaluado";"";"0";"Non-Systemic  P2";"BRRC01-CIE";"0";"0";"4d80ed92-5bce-48ce-838b-cc8e463698a1";""
"Inbound";"BRSP15";"lanishida";"Visualizador";"Proyecto principal";"Iniciativa";"18";"No";"Sí";"Período marcado como Done con fecha de finalización en el futuro.";"No Evaluado";"";"0";"";"BRSP15-CIE";"0";"0";"4460f866-cf72-49ff-902c-ab568a07b5a8";""
"Packing Machine 1.0";"REGIONAL";"thiferreira";"Visualizador";"Proyecto principal";"5. Sustentabilidad";"15";"Sí";"No";"";"No Evaluado";"";"0";"Non-Systemic  P1";"PD MTM Robotics & Layout";"0";"0";"49032bd8-bfa5-4877-8f98-f03cb15cc45d";""
"[Rotina] SGW";"BRRS01";"rhaag";"Visualizador";"Proyecto principal";"";"";"No";"No";"";"No Evaluado";"";"0";"";"BRRS01-CIE";"0";"0";"3c0c2450-e95b-4fbd-8ad9-c50588845e9a";""
"Mejora en flujo de proceso de packing retiros NT.";"MXTC01";"francimartin";"Visualizador";"Proyecto principal";"Implement";"15";"No";"No";"";"No Evaluado";"";"0";"P2";"MLM-Log Inversa";"0";"0";"401ead07-51d7-4093-b936-d28667bf5578";""
"[Q3 - 2026] - Q3 SVC_Ergonomia Indução Etiquetado Manga Palete MLA";"MTM";"isasseron";"Visualizador";"Proyecto principal";"POC";"14";"No";"No";"";"No Evaluado";"";"0";"";"MTM-Regional";"0";"0";"4e4b9019-bbf6-43a7-b3c0-5d0906349cd2";""
"[Q3 - 2026] - [Q3] Carryover - DASS MLP";"REGIONAL";"lgismondi";"Visualizador";"Proyecto principal";"Implement";"14";"No";"Sí";"Período en curso con estado Backlog.";"No Evaluado";"";"0";"";"SVC & OTR Implementation";"0";"0";"4f57f89c-efad-4acd-bef0-3ad02b3aa29d";""
"Carregamento 80% do ETD com ≥ 60 min de antecedência";"BRSP02";"jplevada";"Visualizador";"Proyecto principal";"Implement";"15";"No";"No";"";"No Evaluado";"";"0";"P2";"BRSP02-CIE";"0";"0";"43c4ce6a-ad1a-4ddb-9cc8-fd6776c01c1e";""
"[FOS - OOT/Report] - Evolucin mejoras BI para waterfall";"REGIONAL";"sabmedina";"Visualizador";"Proyecto principal";"";"";"No";"No";"";"No Evaluado";"";"0";"";"PD Outbound";"0";"0";"4d392ae5-b7c7-42cd-b67b-9bf522b018dd";""
"Redução da Quantidade Bipagem de Box ID não bipada em Receiving";"BRRC02";"angelnogueir";"Visualizador";"Proyecto ramificado";"";"";"No";"No";"";"No Evaluado";"";"0";"C2  Roll Out  P2";"BRRC01-CIE";"0";"0";"4b3261ac-cb9c-4241-8621-86b33807c02f";""
"Gestión de reservas colgadas - MUs trabados por Put away";"REGIONAL";"acastellanos";"Visualizador";"Proyecto principal";"MVP";"14";"Sí";"No";"";"No Evaluado";"";"0";"P2";"PD Logistica Inversa";"0";"0";"45a9e5e0-f1d2-4eb0-bfc7-8f4c0e7f9f95";""
"Transfer entre MU en destino";"REGIONAL";"fandreu";"Visualizador";"Proyecto principal";"POC";"14";"Sí";"No";"";"No Evaluado";"";"0";"";"PD Inbound";"554153";"500-1000";"410800df-6db1-4052-9795-54915e65763b";""
"Solicitud de WI y Entrenamiento";"REGIONAL";"lvicentini";"Visualizador";"Proyecto principal";"Discovery";"15";"No";"No";"";"No Evaluado";"";"4";"";"PD Inbound";"0";"0";"46fc14ef-a0d6-40e0-bc6b-6c91c44031ae";""
"Automatização do Report de Fraude na Triagem de ENOEs";"PELI01";"jarevalorema";"Visualizador";"Proyecto ramificado";"5. Sustentabilidad";"14";"No";"Sí";"Período en curso con estado Backlog.";"No Evaluado";"";"0";"C2  Roll Out  Systemic  P1";"Cono Sur-Log Inversa";"0";"0";"461ba1b4-eb62-400e-8105-2ea48e23ce82";""
"Packing Hibrido CPG ";"REGIONAL";"thiferreira";"Visualizador";"Proyecto principal";"6. Proyecto Finalizado";"15";"Sí";"No";"";"No Evaluado";"";"0";"P3";"PD MTM Robotics & Layout";"0";"0";"48137060-8b90-499c-8b26-b2cdd5f0c0a3";""
"[RO] Redefinición SRM5: Gestión de Outliers y High Value";"CLRM03";"atbravo";"Visualizador";"Proyecto principal";"Discovery";"18";"No";"No";"";"No Evaluado";"";"0";"P3";"Cono Sur-Log Inversa";"0";"0";"4f87a799-cbd1-4315-b374-4d4a810db182";""
"Gestión 5'S MXTC01";"MXTC01";"anasanchezro";"Visualizador";"Proyecto principal";"5. Sustentabilidad";"15";"No";"No";"";"No Evaluado";"";"0";"P3";"MLM-Log Inversa";"0";"0";"45409dd5-2c1e-4ada-be6b-6bd551ed2fca";""
"Devices iData	";"REGIONAL";"rtardem";"Visualizador";"Proyecto principal";"";"";"No";"No";"";"No Evaluado";"";"0";"";"PD MTM Robotics & Layout";"0";"0";"3fe58380-a39c-4330-9875-7e2f5b797529";""
"Receiving de Lego para LI";"COCU02";"jarevalorema";"Visualizador";"Proyecto ramificado";"";"";"No";"No";"";"No Evaluado";"";"0";"C1  Roll Out  P1";"Sin equipo";"0";"0";"3f0c675f-295c-41af-94c2-8d1ef5d64ade";""
"Insumos WMS";"REGIONAL";"adrmorales";"Visualizador";"Proyecto principal";"Implement";"15";"No";"No";"";"No Evaluado";"";"0";"Systemic  P1";"PD ICQA";"0";"0";"434dd94c-b237-437e-96f1-ef59f484cc14";""
"Calculadora MOI Packing";"ARBA01";"lgayol";"Visualizador";"Proyecto principal";"5. Sustentabilidad";"14";"Sí";"Sí";"Período en curso con estado Backlog.";"No Evaluado";"";"0";"P1";"ARBA01-CIE";"0";"0";"3bf599ac-7548-462b-b2aa-32acc3593d04";""
"Heatmap 3.0 Fase 2";"BRSP18";"andrlborges";"Visualizador";"Proyecto ramificado";"Implement";"15";"No";"No";"";"No Evaluado";"";"0";"Roll Out  P2";"BRSP18-CIE";"0";"0";"3c72cf3c-30d7-4cd2-91a3-2db5943af809";""
"[Q3 - 2026] - Q3 XD_Flowrack de Sortable MLM";"MTM";"llmmiranda";"Visualizador";"Proyecto principal";"Implement";"14";"No";"Sí";"Período en curso con estado Backlog.";"No Evaluado";"";"0";"";"MTM-Regional";"0";"0";"49cff0ca-47cb-486b-b977-4601a8b77b2c";""
"Integración de IO con Pick to movable - P2M";"BRSP06";"onascimento";"Visualizador";"Proyecto ramificado";"";"";"No";"No";"";"No Evaluado";"";"0";"Roll Out";"BRSP06-CIE";"0";"0";"3eb9dc3c-675c-4148-ab58-296b5a6fe8de";""
"[Q3 - 2026] - Recuperos BPP ( Damaged ) ";"SRM Reg";"dscapolan";"Visualizador";"Proyecto principal";"Implement";"14";"Sí";"Sí";"Período en curso con estado Backlog.";"No Evaluado";"";"0";"";"SRM Reg-Regional";"0";"0";"4e1d0a54-9261-4ef3-a6ce-af312e53db73";""
"Reporte SLA Packed (Outbound)";"MXPB01";"dperezmacari";"Visualizador";"Proyecto ramificado";"5. Sustentabilidad";"14";"Sí";"No";"";"No Evaluado";"";"0";"Roll Out  P1";"Metros";"0";"0";"4c98c800-c30b-437e-b156-714ff3645c84";""
"Aumento de capacidade para armazenagem de não vendáveis no RK e m² de piso para processamento e buffer";"REGIONAL";"iutorremelo";"Visualizador";"Proyecto principal";"Develop";"15";"Sí";"No";"";"No Evaluado";"";"0";"P3";"MLB-Log Inversa";"0";"0";"4dd0b1ea-1ea7-4e78-8fd4-95f5a44a8586";""
"IO - Sorting de Rezagos";"REGIONAL";"adrsato";"Visualizador";"Proyecto principal";"";"";"No";"No";"";"No Evaluado";"";"0";"";"PD Performance Management";"0";"0";"3d1586cd-72b4-4225-a38f-4a5bbe449d2b";""
"HERMES — Catalogação de Rezagos e Salvados Não Sistêmicos";"BRTC01";"dayapereira";"Visualizador";"Proyecto principal";"MVP";"15";"Sí";"No";"";"No Evaluado";"";"0";"C1  Non-Systemic  P1";"PD Logistica Inversa";"0";"0";"48bc9ed6-c939-443d-a769-f87811ffadd5";""
"[Q3 - 2026] - Integración de Proceso: Movimientos libre y Movimientos guiados.";"LMS";"lianni";"Visualizador";"Proyecto principal";"Develop";"14";"No";"Sí";"Período en curso con estado Backlog.";"No Evaluado";"";"0";"";"LMS-Regional";"0";"0";"42619d92-b632-44e7-a7de-ee01fa4d35af";""
"Atualização MOI - Processos Outbond";"BRRC02";"lumedeiross";"Visualizador";"Proyecto principal";"5. Sustentabilidad";"15";"No";"No";"";"No Evaluado";"";"2";"P1";"BRRC02-CIE";"15000";"1-500";"42755d46-394c-4378-940a-da57ee2fad06";""
"[Q3/26] - Megagaiola";"BRSP11";"leanatividad";"Visualizador";"Proyecto principal";"POC";"19";"No";"No";"";"No Evaluado";"";"0";"";"BRSP11-CIE";"114.88";"1-500";"43d0ef9a-9960-4633-a2be-62447366577b";""
"MCO -  Smart Stretch (Film Stretch)";"REGIONAL";"gfrazato";"Visualizador";"Proyecto principal";"Implement";"18";"No";"No";"";"No Evaluado";"";"0";"";"PD MTM Packaging";"43435";"1-500";"4000c79e-a6a5-447c-9f5b-c30039610b69";""
"[Retiros] Envios directos";"REGIONAL";"jesmartinez";"Visualizador";"Proyecto principal";"POC";"14";"Sí";"Sí";"Período en curso con estado Backlog.";"No Evaluado";"";"2";"Systemic  P2";"PD Outbound";"1200000";"1000+";"4df53abd-fa60-4247-8f30-20700f7acdeb";""
"BIG TOTABLE MLB";"BRSP04";"banselmo";"Visualizador";"Proyecto ramificado";"5. Sustentabilidad";"14";"Sí";"Sí";"Período en curso con estado Backlog.";"No Evaluado";"";"0";"Roll Out";"BRSP14-CIE";"0";"0";"456095f4-3e2c-4ecb-bed0-9ab1b67336b9";""
"Medición de contenerizado eficiente SMX1";"MXTC01";"francimartin";"Visualizador";"Proyecto principal";"MVP";"15";"No";"No";"";"No Evaluado";"";"0";"P2";"MLM-Log Inversa";"0";"0";"427654aa-50a0-4af1-bfcd-d86a4e0a5bcc";""
"[Q126] Implementación RISE Inbound";"CLRM03";"gvelascopere";"Visualizador";"Proyecto principal";"6. Proyecto Finalizado";"14";"Sí";"No";"";"No Evaluado";"";"0";"";"CLRM03-CIE";"0";"0";"451b83af-b0e3-4025-af96-08a7cb408814";""
"MLB Flyer Design";"BRSP10";"gcortijo";"Visualizador";"Proyecto ramificado";"Implement";"14";"No";"Sí";"Período en curso con estado Backlog.";"No Evaluado";"";"0";"Roll Out";"BRSP10-CIE";"0";"0";"4890aab3-6298-4f1b-90e7-6ec06e0291a7";""
"Redução da Quantidade Bipagem de Box ID não bipada em Receiving";"BRSC02";"rebsilva";"Visualizador";"Proyecto ramificado";"5. Sustentabilidad";"15";"Sí";"No";"";"No Evaluado";"";"0";"C2  Roll Out  P2";"BRSC02-CIE";"0";"0";"4f101747-333e-4c21-a0ab-97d87908caa5";""
"Actualización de Time Out Q2/2026";"MXCD14";"ferortiz";"Visualizador";"Proyecto ramificado";"";"";"No";"No";"";"No Evaluado";"";"0";"Roll Out";"MXCD14 -CIE";"0";"0";"42a36e7b-0659-4f00-82ff-f22028f1d6b9";""
"SMED CARRITOS | TT";"MXCD10";"kreyesdiaz";"Visualizador";"Proyecto ramificado";"5. Sustentabilidad";"15";"Sí";"Sí";"Período en curso con estado Backlog.";"No Evaluado";"";"0";"";"MXCD10-CIE";"37285.71";"1-500";"420fb6bc-93ca-4551-839f-c3d159766d93";""
"Automatização do Report de Fraude na Triagem de ENOEs";"BRSP02";"jlins";"Visualizador";"Proyecto ramificado";"";"";"No";"No";"";"No Evaluado";"";"0";"C2  Roll Out  Systemic  P1";"Sin equipo";"0";"0";"42785ec2-173f-4394-a924-d5df3738c815";""
"Unificación SP04 y SP14";"REGIONAL";"dsalcedo";"Visualizador";"Proyecto principal";"POC";"15";"Sí";"No";"";"No Evaluado";"";"0";"";"PD Logistica Inversa";"0";"0";"3c24e1f2-9ba6-4f17-8f3f-4e1ea08b5d12";""
"[Q3 - 2026] - Inbound Unificado - FOS";"REGIONAL";"smarrari";"Visualizador";"Proyecto principal";"Implement";"14";"No";"Sí";"Período en curso con estado Backlog.";"No Evaluado";"";"0";"";"PyMs H&B y Inversa TTE";"0";"0";"4b69fcf9-071e-44ed-87e3-51b45d04014e";""
"Adesivos Saneantes";"BRRC02";"lumedeiross";"Visualizador";"Proyecto principal";"Implement";"15";"No";"No";"";"Evaluado - Esperando información";"";"4";"P2";"BRRC02-CIE";"52839";"1-500";"4dcb12e2-dfd2-46ac-9a9e-2046d03b6f39";""
"App Conteos Mangapallets RFID";"BRRS01";"rhaag";"Visualizador";"Proyecto ramificado";"Implement";"14";"No";"Sí";"Período en curso con estado Backlog.";"No Evaluado";"";"0";"C2  Roll Out  P1";"Sin equipo";"0";"0";"4d42fc68-58b1-4a9c-8d64-4003ef1b3ba9";""
"Expanción de PM - Ola 2026";"ARBA01";"gcochi";"Visualizador";"Proyecto ramificado";"";"";"No";"No";"";"No Evaluado";"";"0";"Roll Out";"ARBA01-CIE";"0";"0";"454d1123-5bbd-4e9b-8fc0-cac89f4a1aec";""
"WI CPG con fecha de caducidad";"CLRM03";"atbravo";"Visualizador";"Proyecto ramificado";"Implement";"14";"No";"Sí";"Período en curso con estado Backlog.";"No Evaluado";"";"0";"Roll Out  Systemic  P2";"Sin equipo";"0";"0";"40ffea70-0b67-486c-aeb9-37f5f7642d94";""
"USTX01-POC Mini totes picking multi order";"USTX01";"dperezmacari";"Visualizador";"Proyecto principal";"Implement";"14";"Sí";"Sí";"Período en curso con estado Backlog.";"No Evaluado";"";"0";"";"Metros";"0";"0";"4487d392-b02a-45e6-8b46-60f383680165";""
"Super - Registro de Caixa Master em Product Data";"REGIONAL";"lvicentini";"Visualizador";"Proyecto principal";"Implement";"18";"No";"No";"";"No Evaluado";"";"0";"P1";"PD Inbound";"0";"0";"3eb40512-7dce-45c5-90e3-7f1cbfd62514";""
"teste cie 11-08";"REGIONAL";"angallegos";"Visualizador";"Proyecto principal";"";"";"No";"No";"";"No Evaluado";"";"0";"C3";"OpEx Performance & Portfolio";"0";"0";"3dc5535e-453b-41c8-b441-ce622e36a6bb";""
"[Q3 - 2026] - Carry Over - Ciclo como dato obligatorio";"LM";"ksarquiz";"Visualizador";"Proyecto principal";"Implement";"14";"Sí";"No";"";"No Evaluado";"";"0";"";"LM-Regional";"0";"0";"4c41f355-589a-4ae2-ba6f-114949ecc0b9";""
"Robotics | Workstation Management";"REGIONAL";"anapaugutier";"Visualizador";"Proyecto principal";"POC";"18";"No";"No";"";"No Evaluado";"";"0";"P1";"Robotics & Automation";"0";"0";"3f823443-95b4-429d-879e-9ba4826f21db";""
"Picking settings MLB";"REGIONAL";"tcarrillo";"Visualizador";"Proyecto principal";"5. Sustentabilidad";"15";"No";"No";"";"No Evaluado";"";"0";"Non-Systemic  P3";"CI Projects";"0.08";"1-500";"454895ba-257f-4115-82c6-ed09865a4340";""
" [Q3 2026] - Ganho de Capacidade em RK Ração ";"BRMG03";"bialuz";"Visualizador";"Proyecto principal";"MVP";"15";"No";"No";"";"No Evaluado";"";"0";"P3";"BRMG04-CIE";"0";"0";"405b15b5-0839-481c-93be-0fda4cc38c09";""
"Expansion Chat Interno | In & Out & LI";"MXCD14";"utorres";"Visualizador";"Proyecto ramificado";"";"";"No";"No";"";"No Evaluado";"";"0";"Roll Out";"MXCD14 -CIE";"0";"0";"49af14d9-c7a1-40f2-8ad0-f3be7fb41ae3";""
"Reporte SLA Packed (Outbound)";"BRSP02";"jplevada";"Visualizador";"Proyecto ramificado";"5. Sustentabilidad";"15";"No";"No";"";"No Evaluado";"";"0";"Roll Out  P1";"BRSP02-CIE";"0";"0";"4487ebbb-80fb-499d-ae16-e42b1be6f8a3";""
"[FOS - Expedition] - Despacho Por docas Bloqueo de placas para Flujos MWH";"REGIONAL";"sabmedina";"Visualizador";"Proyecto principal";"POC";"15";"Sí";"No";"";"No Evaluado";"";"0";"P2";"PD Outbound";"0";"0";"417de642-11e5-4d39-832d-af66750eb467";""
"Packing PTW com balança";"BRSP06";"gavasconcelo";"Visualizador";"Proyecto principal";"MVP";"17";"Sí";"No";"";"No Evaluado";"";"0";"";"BRSP06-CIE";"0";"0";"4a16b54e-b13a-47a7-a0ac-fe56d6551b31";""
"Login / Incio de Sessão com uso de QR Code";"BRSP15";"lanishida";"Visualizador";"Proyecto ramificado";"5. Sustentabilidad";"18";"Sí";"No";"";"No Evaluado";"";"0";"Roll Out";"BRSP15-CIE";"0";"0";"474fac37-e26d-46b2-9d10-96782f576d13";""
"Gestão Visual - All Cad";"BRSP06";"gebarcellos";"Visualizador";"Proyecto principal";"Implement";"15";"No";"No";"";"No Evaluado";"";"1";"";"BRSP06-CIE";"0";"0";"4c6e9c2c-b397-478f-aa57-6c28ea9e5e20";""
"Reducción de discrepancias en cycle count ICQA — PRUEBA DUMMY";"REGIONAL";"msalerno";"Visualizador";"Proyecto principal";"POC";"19";"No";"No";"";"No Evaluado";"";"0";"";"PD ICQA";"0";"0";"44d9fc92-c644-47d7-a764-ae3b36209429";""
"Flujo integral de pallets";"ARBA04";"tspath";"Visualizador";"Proyecto principal";"5. Sustentabilidad";"15";"No";"No";"";"No Evaluado";"";"3";"Non-Systemic";"ARBA04-CIE";"0";"0";"3e9107be-830b-45b7-a242-c132caa1d4e0";""
"THIEN SHIELD RECIBO";"MXCD05";"goperezsanch";"Visualizador";"Proyecto principal";"MVP";"15";"Sí";"No";"";"No Evaluado";"";"0";"P2";"MXCD05-CIE";"0";"0";"48a8baa4-4364-428d-8371-b6adbbc65661";""
"Rezagos Indebidos (Deshacer rezagos)";"REGIONAL";"gragasini";"Visualizador";"Proyecto principal";"Implement";"14";"Sí";"No";"";"No Evaluado";"";"0";"Systemic  P2";"PD Logistica Inversa";"0";"0";"4faf2c81-761c-448c-8e70-0d5eb1a275a8";""
"Etiqueta "Revisado por FBM"";"BRRC02";"angelnogueir";"Visualizador";"Proyecto ramificado";"5. Sustentabilidad";"17";"No";"No";"";"Evaluado - Esperando información";"";"2";"Systemic  P2";"BRRC02-CIE";"0";"0";"40c67c20-af68-41db-8140-36d9e703b2b2";""
"Acesso Contextual - Mi Primero Proceso";"BRRC01";"angelnogueir";"Visualizador";"Proyecto ramificado";"Implement";"14";"No";"Sí";"Período en curso con estado Backlog.";"No Evaluado";"";"0";"C1  Roll Out  P1";"Sin equipo";"0";"0";"4f53424a-2b27-455d-96bf-09198d00c349";""
"Alpise (Alquimista)";"MXCD02";"tcarrillo";"Visualizador";"Proyecto principal";"MVP";"15";"No";"No";"";"No Evaluado";"";"0";"Non-Systemic";"CI Projects";"0";"0";"437ffa34-cdbb-4593-b329-6a12e7ad0707";""
"[Q3 - 2026] - Integración de métrica de calidad de missorts (aHU y despacho)";"LMS";"lianni";"Visualizador";"Proyecto principal";"Develop";"14";"No";"Sí";"Período en curso con estado Backlog.";"No Evaluado";"";"0";"";"LMS-Regional";"0";"0";"4c8ce6fd-7def-4ac4-854f-b4bb0b0e7599";""
"Restruturação fluxo NTT mecanizado ";"BRSP02";"raportella";"Visualizador";"Proyecto principal";"5. Sustentabilidad";"18";"No";"No";"";"No Evaluado";"";"0";"";"MLB-Log Inversa";"0";"0";"4c142d84-366e-4c6e-ae20-95299a8eb97e";""
"Painel HCM (Presentismo)";"BRSP30";"ndeangelo";"Visualizador";"Proyecto ramificado";"5. Sustentabilidad";"14";"Sí";"Sí";"Período en curso con estado Backlog.";"No Evaluado";"";"0";"C2  Roll Out  P1";"Sin equipo";"0";"0";"4deeb130-5d0d-482e-9d51-73aa446eaed1";""
"MLM Gift - Innovación";"REGIONAL";"ralvarezpere";"Visualizador";"Proyecto principal";"Implement";"15";"Sí";"No";"";"No Evaluado";"";"0";"";"PD MTM Packaging";"0";"0";"3ec5130d-14c6-4c3c-886c-7e781b4aae2f";""
"[Q3 - 2026] - [Inbound & Mesa Ayuda] - Tornar o processo de auditoria de LP sistêmico por mesa de ajuda";"FOS";"alecaliz";"Visualizador";"Proyecto principal";"Implement";"14";"No";"Sí";"Período en curso con estado Backlog.";"No Evaluado";"";"0";"";"FOS-Regional";"0";"0";"4411b05a-0707-41b8-8183-b937e597ca8a";""
"[Q3 - 2026] - Modificación masiva de contexto por contingencia";"GROOT";"fmarmili";"Visualizador";"Proyecto principal";"Implement";"14";"Sí";"Sí";"Período en curso con estado Backlog.";"No Evaluado";"";"0";"";"GROOT-Regional";"0";"0";"4d598999-29d3-4873-9734-68b0ffbbaefc";""
"MLB - Line Haul NCC  - Qualidade.";"LH";"dimendes";"Visualizador";"Proyecto principal";"Iniciativa";"15";"No";"No";"";"No Evaluado";"";"0";"";"LH-Regional";"0";"0";"460c6eec-249e-41dd-8002-79e65c9507f5";""
"Super - Ticket Automático";"CLRM03";"djamett";"Visualizador";"Proyecto ramificado";"5. Sustentabilidad";"18";"No";"No";"";"No Evaluado";"";"0";"Roll Out";"CLRM03-CIE";"0";"0";"44d3601a-dc4a-45a1-8d65-e1e8f44699b1";""
"[Q3 - 2026] - [Q3] Carryover - 1CR MLB";"OTR";"agulielmeti";"Visualizador";"Proyecto principal";"Implement";"14";"No";"Sí";"Período en curso con estado Backlog.";"No Evaluado";"";"0";"";"SVC & OTR Implementation";"0";"0";"3dd86abc-01b5-4eb7-a50e-65dd9c8e330a";""
"App Conteos Mangapallets RFID";"BRSP26";"micssantana";"Visualizador";"Proyecto ramificado";"Implement";"14";"No";"Sí";"Período en curso con estado Backlog.";"No Evaluado";"";"0";"C2  Roll Out  P1";"Sin equipo";"0";"0";"44ad85a4-9fe3-43d8-87c1-bea9f57f2b47";""
"[Q3 - 2026] - Q3 - [HCM] RO HCM UTR - MELILOG ";"HCM";"melsoares";"Visualizador";"Proyecto principal";"Implement";"16";"Sí";"No";"";"No Evaluado";"";"0";"";"HCM-Regional";"0";"0";"462e2cb7-9c4f-4542-8bce-ad22b75cb2c5";""
"Gamification- Encendido insignias virtuales";"BRMG03";"hhendsuzuki";"Visualizador";"Proyecto ramificado";"6. Proyecto Finalizado";"15";"Sí";"No";"";"No Evaluado";"";"0";"Roll Out";"BRMG03-CIE";"0";"0";"3d011fb5-7cd1-4d52-abf4-8768da0e4d8d";""
"RFID para transfer + decanting";"BRSC02";"alsrocha";"Visualizador";"Proyecto ramificado";"Implement";"15";"No";"No";"";"No Evaluado";"";"0";"Roll Out";"BRSC02-CIE";"0";"0";"3c52698a-44bf-4fcd-8bee-ec4cade44d94";""
"Manga Pallet FBM-SD Fase I";"CLRM03";"reruiz";"Visualizador";"Proyecto principal";"Implement";"17";"Sí";"No";"";"No Evaluado";"";"0";"";"CLRM03-CIE";"0";"0";"3c2a4d17-44b7-4e98-9ce0-1231c58ddad0";""
"Estoque Inteligente - RK";"BRMG03";"tucavalcanti";"Visualizador";"Proyecto principal";"5. Sustentabilidad";"15";"No";"No";"";"No Evaluado";"";"0";"";"BRMG03-CIE";"0";"0";"4a308d9e-e9f1-488f-b556-eaa7e8f22482";""
"Integración Masiva de Incidentes Operativos";"BRMG03";"hhendsuzuki";"Visualizador";"Proyecto ramificado";"6. Proyecto Finalizado";"15";"Sí";"No";"";"No Evaluado";"";"0";"Roll Out  P1";"BRMG03-CIE";"0";"0";"40d14348-c4d2-4a4f-a2ae-69366b0fcba7";""
"Identificação visual bancadas mono";"BRBA01";"ext_amarisab";"Visualizador";"Proyecto principal";"Implement";"14";"Sí";"Sí";"Período en curso con estado Backlog.";"No Evaluado";"";"0";"Non-Systemic  P3";"BRBA01-OC";"0";"0";"440e78c9-2242-4954-9b49-51b85a33a65f";""
"FLUXO IN / OUT MEZANINO FASE 3 E 4";"BRRJ02";"ttristao";"Visualizador";"Proyecto principal";"5. Sustentabilidad";"14";"Sí";"Sí";"Período en curso con estado Backlog.";"No Evaluado";"";"0";"Non-Systemic  P1";"BRRJ02-CIE";"0";"0";"3cf0154a-5e7a-455f-8f0e-738c3e38d1e2";""
"[Q3 - 2026] - Red dedicada de inversa";"REGIONAL";"smarrari";"Visualizador";"Proyecto principal";"Implement";"14";"No";"Sí";"Período en curso con estado Backlog.";"No Evaluado";"";"0";"";"PyMs H&B y Inversa TTE";"0";"0";"49037306-cc26-46ef-a09e-16fc32676301";""
"Ajuste de Stock en WMS (Prender MLB)";"BRPR01";"ataschetto";"Visualizador";"Proyecto ramificado";"5. Sustentabilidad";"15";"No";"No";"";"No Evaluado";"";"0";"Roll Out  P2";"BRPR01-CIE";"0";"0";"49e5bf80-9f2a-4bbd-86cb-b9698e3221fa";""
"Acesso Contextual - Mi Primero Proceso";"BRSP09";"glcordeiro";"Visualizador";"Proyecto ramificado";"5. Sustentabilidad";"14";"No";"Sí";"Período en curso con estado Backlog.";"No Evaluado";"";"0";"C1  Roll Out  P1";"Sin equipo";"0";"0";"3c2320d5-5d91-46bf-985b-e1e7d534d917";""
"Estandarización de la segregación NTB en recibo";"MXRC03";"lhernandezag";"Visualizador";"Proyecto principal";"Implement";"18";"No";"Sí";"Período marcado como Done con fecha de finalización en el futuro.";"No Evaluado";"";"0";"P2";"MXRC03-CIE";"10732";"1-500";"4a12c0a1-7be1-4112-b1fe-a700cad439c6";""
"Receiving de Lego para LI";"BRSP06";"gavasconcelo";"Visualizador";"Proyecto ramificado";"";"";"No";"No";"";"No Evaluado";"";"0";"C1  Roll Out  P1";"Sin equipo";"0";"0";"4d559111-a2a5-45d2-9bee-c86bedddd4e2";""
"Triage Com IA";"REGIONAL";"jlins";"Visualizador";"Proyecto principal";"Iniciativa";"15";"No";"No";"";"No Evaluado";"";"0";"";"MLB-Log Inversa";"0";"0";"3f46833a-7036-4382-84aa-dda58c7238f6";""
"Ventas de productos openbox 1P";"ARBA01";"gonflorez";"Visualizador";"Proyecto ramificado";"5. Sustentabilidad";"14";"Sí";"Sí";"Período en curso con estado Backlog.";"No Evaluado";"";"0";"P2";"ARBA01 - Log Inversa";"0";"0";"4f9aa9f3-adf0-47dd-ab5c-3e0f7c813e3a";""
"Expansin de Packing Machine";"MXGT01";"dbecerracast";"Visualizador";"Proyecto ramificado";"";"";"No";"No";"";"No Evaluado";"";"0";"Roll Out";"MXGT01-CIE";"0";"0";"4667e3cc-276a-44ea-8310-4ea3905fe150";""
"Modificación de pasa pallet individual a pasa pallet doble / Reubicación de pasa pallets";"MXJC01";"almartinezvi";"Visualizador";"Proyecto principal";"6. Proyecto Finalizado";"14";"Sí";"No";"";"No Evaluado";"";"0";"P3";"MXJC01-CIE";"0";"0";"400c4645-d2fd-409f-a34d-0342ca47ef67";""
"Reversa Empilhamento de Totes";"BRRJ02";"cecoronel";"Visualizador";"Proyecto principal";"Develop";"15";"No";"No";"";"No Evaluado";"";"0";"";"CI Projects";"0";"0";"4725357a-7b38-43da-8872-32486b142c67";""
"Gamification- Encendido insignias virtuales";"MXCD11";"karenabigalo";"Visualizador";"Proyecto ramificado";"6. Proyecto Finalizado";"14";"No";"Sí";"Período en curso con estado Backlog.";"No Evaluado";"";"0";"Roll Out";"MXCD11-CIE";"0";"0";"41b2be6f-9bc5-4ffa-8955-0f25cdcd5259";""
"App Conteos Mangapallets RFID";"BRRC01";"angelnogueir";"Visualizador";"Proyecto ramificado";"Implement";"15";"No";"No";"";"No Evaluado";"";"0";"C2  Roll Out  P1";"Sin equipo";"0";"0";"48923631-beb0-401e-bc9a-228f3fe3deae";""
"IO - Putaway melhorias";"MXBC01";"dperezmacari";"Visualizador";"Proyecto ramificado";"5. Sustentabilidad";"14";"No";"Sí";"Período en curso con estado Backlog.";"No Evaluado";"";"0";"Roll Out  P2";"Sin equipo";"0";"0";"4bd24225-541c-4dc5-8bf7-4640afd098ad";""
"Implementação de Matrix sorter MXJC01";"REGIONAL";"julidomingue";"Visualizador";"Proyecto principal";"";"";"No";"No";"";"No Evaluado";"";"0";"";"Robotics & Automation";"0";"0";"3ca4bd5e-2ce7-4dff-9bef-a9749b24f344";""
"Labor share metros/intracity";"REGIONAL";"javiergonzal";"Visualizador";"Proyecto principal";"Develop";"14";"Sí";"No";"";"No Evaluado";"";"0";"";"PD Logistica Inversa";"0";"0";"3d4fa780-696b-494e-b183-deee4cfa3547";""
"[Q3 - 2026] - Q3 Ingreso con QR unificado";"GROOT";"fmarmili";"Visualizador";"Proyecto principal";"Implement";"14";"No";"Sí";"Período en curso con estado Backlog.";"No Evaluado";"";"0";"";"GROOT-Regional";"0";"0";"4699e059-5eba-4185-8372-854aea13a573";""
"MLF - Meli Air";"MXGT01";"promerovega";"Visualizador";"Proyecto ramificado";"Implement";"18";"No";"No";"";"No Evaluado";"";"0";"Roll Out";"MXGT01-CIE";"0";"0";"43dbfd8b-8eca-4d2f-ab58-8671a760fdfa";""
"[Q3 - 2026] - Q3 XD_Carrito de Elevación Bulky MLC";"MTM";"llmmiranda";"Visualizador";"Proyecto principal";"POC";"14";"No";"Sí";"Período en curso con estado Backlog.";"No Evaluado";"";"0";"";"MTM-Regional";"0";"0";"4e9e96a4-d01b-462e-9516-05ce212e7984";""
"Processamento por Volume";"ARBA01";"tomasfernand";"Visualizador";"Proyecto ramificado";"";"";"No";"No";"";"No Evaluado";"";"0";"C1  Roll Out  P1";"Sin equipo";"0";"0";"3eaa2fe7-af2d-4523-a1d1-9860c9ea1bf4";""
"Processamento por Volume";"MXCD14";"ferortiz";"Visualizador";"Proyecto ramificado";"";"";"No";"No";"";"No Evaluado";"";"0";"C1  Roll Out  P1";"Sin equipo";"0";"0";"473a3b10-e7f3-4ad0-b6f5-ae4112faa755";""
"Playbook Sorters y Automation";"REGIONAL";"mpachecoreye";"Visualizador";"Proyecto principal";"";"";"No";"No";"";"No Evaluado";"";"0";"";"PD MTM Robotics & Layout";"0";"0";"449368e5-095e-4523-b4cd-95c7fa0d1b86";""
"Found Packing";"MXCD11";"karenabigalo";"Visualizador";"Proyecto ramificado";"5. Sustentabilidad";"18";"No";"No";"";"No Evaluado";"";"0";"Roll Out";"MXCD11-CIE";"0";"0";"48a3a8d5-3dd3-4a66-aac6-926a82f9613b";""
"App Conteos Mangapallets RFID";"BRSP11";"leanatividad";"Visualizador";"Proyecto ramificado";"Implement";"15";"No";"No";"";"No Evaluado";"";"0";"C2  Roll Out  P1";"Sin equipo";"0";"0";"3e958905-2003-40ba-867a-32014463894f";""
"[Q3 - 2026] - Q3 - Meli Shipper";"LM";"ksarquiz";"Visualizador";"Proyecto principal";"Implement";"14";"No";"Sí";"Período en curso con estado Backlog.";"No Evaluado";"";"0";"";"LM-Regional";"0";"0";"474fd87a-aa41-4cbf-afe0-d30e7105c410";""
"Homologação de Flyers Selbetti";"REGIONAL";"rodbraga";"Visualizador";"Proyecto principal";"Implement";"14";"Sí";"Sí";"Período en curso con estado Backlog.";"No Evaluado";"";"0";"P2";"PD MTM Packaging";"0";"0";"3cd0d8fb-2a5f-4d20-8729-f1f89a9271d9";""
"Integração Raio-x SP02";"BRSP02";"jplevada";"Visualizador";"Proyecto principal";"Develop";"18";"No";"No";"";"No Evaluado";"";"0";"Non-Systemic  P1";"BRSP02-CIE";"258000";"1-500";"4cf6e6c7-1ec1-49db-bdb4-c589b49441ca";""
"Implementar XP de pantallas de RB a area manual";"MXCD02";"ahcarmona";"Visualizador";"Proyecto ramificado";"Implement";"15";"Sí";"No";"";"No Evaluado";"";"0";"Roll Out";"MXCD02-CIE";"0";"0";"3eaa5e05-a009-46ac-8372-ab81476abd40";""
"IMEI Ilegible";"BRSP25";"brebarreto";"Visualizador";"Proyecto ramificado";"5. Sustentabilidad";"15";"Sí";"No";"";"No Evaluado";"";"0";"Roll Out";"BRSP25-CIE";"0";"0";"4b754306-a85d-4c49-bc8f-fcbb7df84f15";""
"[Q3 - 2026] - [Meli Air Q3] Rayos-X MLA";"MELIAIR";"aortegachima";"Visualizador";"Proyecto principal";"Implement";"14";"No";"Sí";"Período en curso con estado Backlog.";"No Evaluado";"";"0";"";"MELIAIR-Regional";"0";"0";"4e303efe-3b00-4842-8b80-023f09eba27b";""
"MLF - Meli Air";"MXCD09";"lgutierrezan";"Visualizador";"Proyecto ramificado";"";"";"No";"No";"";"No Evaluado";"";"0";"Roll Out";"MXCD09-CIE";"0";"0";"4809915f-7c71-4eeb-8031-2dd52e1da952";""
"Acesso Contextual - Mi Primero Proceso";"BRSP02";"jplevada";"Visualizador";"Proyecto ramificado";"5. Sustentabilidad";"14";"No";"Sí";"Período en curso con estado Backlog.";"No Evaluado";"";"0";"C1  Roll Out  P1";"Sin equipo";"0";"0";"41def0db-9988-4655-99f2-d0a50579431d";""
"[Q3 - 2026] - [FOS-Inbound] Instrucción de buffering por ciclo";"FOS";"ppenaloza";"Visualizador";"Proyecto principal";"Implement";"14";"Sí";"Sí";"Período en curso con estado Backlog.";"No Evaluado";"";"0";"";"FOS-Regional";"0";"0";"4e4e3f1c-a698-40b2-a4c2-bc1f5ed81222";""
"IA para creación de lotes de Rezagos";"REGIONAL";"gragasini";"Visualizador";"Proyecto principal";"MVP";"17";"No";"No";"";"No Evaluado";"";"0";"Systemic  P2";"PD Logistica Inversa";"0";"0";"49e945d4-d9c7-4470-b42c-00300032e82f";""
"Idle Time Management";"CLRM03";"gvelascopere";"Visualizador";"Proyecto ramificado";"";"";"No";"No";"";"No Evaluado";"";"0";"Roll Out";"CLRM03-CIE";"0";"0";"4e3dfcf6-4d1b-43dd-9f37-6e1f6b2b46fd";""
"Picking Continuo - Drop Off";"ARBA01";"lgayol";"Visualizador";"Proyecto ramificado";"5. Sustentabilidad";"15";"No";"No";"";"No Evaluado";"";"0";"C2  Roll Out  Systemic  P2";"ARBA01-CIE";"0";"0";"436e5106-bed3-4a1b-a1fc-fbc28ba61968";""
"Demandas operacionais MG04";"BRMG04";"bialuz";"Visualizador";"Proyecto principal";"Iniciativa";"15";"No";"No";"";"No Evaluado";"";"0";"";"BRMG04-CIE";"0";"0";"48fbac98-3ecf-47ec-86bb-56f0448421ec";""
"Processamento por Volume";"COCU02";"ext_caanmart";"Visualizador";"Proyecto ramificado";"";"";"No";"No";"";"No Evaluado";"";"0";"C1  Roll Out  P1";"Sin equipo";"0";"0";"40eafc56-d2f7-4bc9-91e8-53c106801c15";""
" Escaneo de tote en SSKU para Batch";"MXCD07";"odiazdolores";"Visualizador";"Proyecto ramificado";"";"";"No";"No";"";"No Evaluado";"";"0";"Roll Out";"MXCD07-CIE";"0";"0";"4ba65c42-01ca-405c-ae33-92f577f8a33a";""
"Gestión Lay-out";"MXCD11";"karmartinez";"Visualizador";"Proyecto principal";"Iniciativa";"2";"No";"No";"";"No Evaluado";"";"0";"";"MXCD11-CIE";"0";"0";"3c3da800-8181-4661-9203-4f854ecff7b1";""
"teste PD 2";"REGIONAL";"jmoralesgard";"Visualizador";"Proyecto principal";"";"";"No";"No";"";"No Evaluado";"";"0";"C3  P1";"OpEx Performance & Portfolio";"0";"0";"4d754497-6034-4d4d-81bf-32352c9e597c";""
"Painel HCM (Presentismo)";"BRSP15";"lanishida";"Visualizador";"Proyecto ramificado";"5. Sustentabilidad";"14";"Sí";"Sí";"Período en curso con estado Backlog.";"No Evaluado";"";"0";"C2  Roll Out  P1";"BRSP15-CIE";"0";"0";"4c280d1f-30c9-459e-9703-88a62b7e3ce9";""
"Processamento por Volume";"BRSP06";"gebarcellos";"Visualizador";"Proyecto ramificado";"";"";"No";"No";"";"No Evaluado";"";"0";"C1  Roll Out  P1";"Sin equipo";"0";"0";"3e5bc7f9-1250-4fc1-8f45-2ff7cbabe2cf";""
"TL Effectiveness: simplificación de la agenda del Team Leader";"REGIONAL";"cecoronel";"Visualizador";"Proyecto principal";"Implement";"14";"No";"Sí";"Período en curso con estado Backlog.";"No Evaluado";"";"1";"";"CI Projects";"0";"0";"413d935f-161b-4bb3-ba3a-d6d35d0ed53e";""
"RO 06-08";"BRADF1";"";"Visualizador";"Proyecto ramificado";"";"";"No";"No";"";"No Evaluado";"";"0";"C1  Roll Out";"Sin equipo";"0";"0";"4fcb9cb9-51ce-4f86-b6fe-f021da13ba8b";""
"Cambio en la Tool de Gestion de proveedores";"GROOT";"";"Visualizador";"Proyecto principal";"";"";"No";"No";"";"No Evaluado";"";"0";"";"GROOT-Regional";"0";"0";"5137c5ec-f411-4d81-a8c2-8a55fc77626c";""
"Nuevo acceso a "Mi rendimiento" desde BOXI para Desktop ";"BRAES1";"";"Visualizador";"Proyecto ramificado";"";"";"No";"No";"";"No Evaluado";"";"0";"Roll Out  P3";"Sin equipo";"0";"0";"51983101-f0a9-4815-8470-5a17b7a8a6e5";""
"Cambio en la Tool de Gestion de proveedores";"GROOT";"";"Visualizador";"Proyecto principal";"";"";"No";"No";"";"No Evaluado";"";"0";"";"GROOT-Regional";"0";"0";"52af4dd0-e637-43c2-9e7a-0582eb1bb9cd";""
"Receiving de Lego para LI";"BRRS01";"";"Visualizador";"Proyecto ramificado";"";"";"No";"No";"";"No Evaluado";"";"0";"C1  Roll Out  P1";"Sin equipo";"0";"0";"53582b19-2cec-42d3-9aa8-85cbbeb88322";""
"Acceso Contextual : Sinergia Temporal";"MXNL02";"";"Visualizador";"Proyecto ramificado";"";"";"No";"No";"";"No Evaluado";"";"0";"C1  Roll Out";"Sin equipo";"0";"0";"53ff8d9e-569d-457b-861a-cdefe76e90f2";""
"Guardado Dirigido POC (Picking to Wall)";"REGIONAL";"";"Visualizador";"Proyecto principal";"";"";"No";"No";"";"No Evaluado";"";"0";"";"PD Outbound";"0";"0";"54328965-0f8c-41a3-9705-04158d89101a";""
"Ajuste de Caja Máxima Virtual MLM";"USTX01";"";"Visualizador";"Proyecto ramificado";"";"";"No";"No";"";"No Evaluado";"";"0";"Roll Out  Systemic  P3";"Sin equipo";"0";"0";"5440d856-fd9a-4057-9d43-c3735926e510";""
"Implementación AMR Tugger";"ARBA04";"";"Visualizador";"Proyecto ramificado";"";"";"No";"No";"";"No Evaluado";"";"0";"C1  Roll Out";"Sin equipo";"0";"0";"54ae4c93-1a77-4259-9150-72cbe1435419";""
"HERMES — Catalogação de Rezagos e Salvados Não Sistêmicos";"MXJC01";"";"Visualizador";"Proyecto ramificado";"";"";"No";"No";"";"No Evaluado";"";"0";"C1  Roll Out  Non-Systemic  P1";"Sin equipo";"0";"0";"54e056c2-a4ef-418b-b5e8-2e7dab7ada2a";""
"Acceso Contextual : Sinergia Temporal";"BRMG01";"";"Visualizador";"Proyecto ramificado";"";"";"No";"No";"";"No Evaluado";"";"0";"C1  Roll Out";"Sin equipo";"0";"0";"556871a8-d484-4930-b097-cca89d393354";""
"RO 06-08";"BRBA01";"";"Visualizador";"Proyecto ramificado";"";"";"No";"No";"";"No Evaluado";"";"0";"C1  Roll Out";"Sin equipo";"0";"0";"55e2ea5c-d5b6-4249-be7c-2545ca73dc74";""
"Acceso Contextual : Sinergia Temporal";"BRPR01";"";"Visualizador";"Proyecto ramificado";"";"";"No";"No";"";"No Evaluado";"";"0";"C1  Roll Out";"Sin equipo";"0";"0";"55e9db62-9878-400e-a005-943ac7171219";""
"Acceso Contextual : Sinergia Temporal";"MXPB01";"";"Visualizador";"Proyecto ramificado";"";"";"No";"No";"";"No Evaluado";"";"0";"C1  Roll Out";"Sin equipo";"0";"0";"5621dc79-cff0-441b-8abb-28f2457699bb";""
"Nova Home & Mi Perfil";"BRTC01";"";"Visualizador";"Proyecto ramificado";"";"";"No";"No";"";"No Evaluado";"";"0";"Roll Out";"BRTC01-OC";"0";"0";"562d1af6-68d9-42b4-bc4a-fbf78cb1be19";""
"HERMES — Catalogação de Rezagos e Salvados Não Sistêmicos";"BRBA02";"";"Visualizador";"Proyecto ramificado";"";"";"No";"No";"";"No Evaluado";"";"0";"C1  Roll Out  Non-Systemic  P1";"Sin equipo";"0";"0";"5677967c-2fde-4473-89b1-dda6c47bad97";""
"App Conteos Mangapallets RFID";"CLRM03";"";"Visualizador";"Proyecto ramificado";"";"";"No";"No";"";"No Evaluado";"";"0";"C2  Roll Out  P1";"Sin equipo";"0";"0";"56aae8cb-7e54-4209-8eb9-a5d7307e7ae8";""
"Acceso Contextual : Sinergia Temporal";"MXCD09";"";"Visualizador";"Proyecto ramificado";"";"";"No";"No";"";"No Evaluado";"";"0";"C1  Roll Out";"Sin equipo";"0";"0";"56afc2a1-47ed-45fd-b5b8-5d41024cd5d2";""
"HERMES — Catalogação de Rezagos e Salvados Não Sistêmicos";"BRSP14";"";"Visualizador";"Proyecto ramificado";"";"";"No";"No";"";"No Evaluado";"";"0";"C1  Roll Out  Non-Systemic  P1";"Sin equipo";"0";"0";"56d9b968-ae2c-4324-a252-51bcdb35904d";""
"RO 06-08";"BRDF01";"";"Visualizador";"Proyecto ramificado";"";"";"No";"No";"";"No Evaluado";"";"0";"C1  Roll Out";"Sin equipo";"0";"0";"5709de0a-28bc-4481-ad18-f5f1797f1e0a";""
"Estandarização forma de teste bluetooth em triagem";"BRSP09";"";"Visualizador";"Proyecto ramificado";"Implement";"14";"No";"Sí";"Período en curso con estado Backlog.";"No Evaluado";"";"0";"Roll Out  Systemic  P2";"Sin equipo";"0";"0";"57b7e600-26e1-41bc-99ba-e0658187b221";""
"Gestión de insumos reutilizables";"BRMG01";"";"Visualizador";"Proyecto ramificado";"";"";"No";"No";"";"No Evaluado";"";"0";"Roll Out";"Sin equipo";"0";"0";"58241f49-2b3a-4867-b90e-9347228859ee";""
"App Conteos Mangapallets RFID";"CLBB01";"";"Visualizador";"Proyecto ramificado";"";"";"No";"No";"";"No Evaluado";"";"0";"C2  Roll Out  P1";"Sin equipo";"0";"0";"58777930-19ce-4fe3-a6ec-9feae5d854e8";""
"Flyers MLB con PCR";"BRSP09";"";"Visualizador";"Proyecto ramificado";"";"";"No";"No";"";"No Evaluado";"";"0";"Roll Out";"Sin equipo";"0";"0";"58c2a6d8-8525-4987-81e1-570fd27a8f13";""
"HERMES — Catalogação de Rezagos e Salvados Não Sistêmicos";"PELI01";"";"Visualizador";"Proyecto ramificado";"";"";"No";"No";"";"No Evaluado";"";"0";"C1  Roll Out  Non-Systemic  P1";"Sin equipo";"0";"0";"59972bfd-1492-4af2-aac1-41cbc3f96a07";""
"24-08";"CLXML1";"";"Visualizador";"Proyecto ramificado";"";"";"No";"No";"";"No Evaluado";"";"0";"C3  Roll Out";"Sin equipo";"0";"0";"59f1b546-442b-4c61-acd5-d2a17ccfe821";""
"Ajuste de Caja Máxima — MCO";"ARBA02";"";"Visualizador";"Proyecto ramificado";"";"";"No";"No";"";"No Evaluado";"";"0";"Roll Out  Systemic  P3";"Sin equipo";"0";"0";"5a1232aa-f4e5-4e80-bca3-8aaf4c99d3e7";""
"App Conteos Mangapallets RFID";"MXACJ1";"";"Visualizador";"Proyecto ramificado";"";"";"No";"No";"";"No Evaluado";"";"0";"C2  Roll Out  P1";"Sin equipo";"0";"0";"5a3906de-c379-4fb4-b054-e21910cee5dc";""
"Gestión de insumos reutilizables";"MXCD02";"";"Visualizador";"Proyecto ramificado";"";"";"No";"No";"";"No Evaluado";"";"0";"Roll Out";"Sin equipo";"0";"0";"5b0269a7-d19d-455a-b558-0f16ca0b67ce";""
"Nuevo acceso a "Mi rendimiento" desde BOXI para Desktop ";"MXACJ1";"";"Visualizador";"Proyecto ramificado";"";"";"No";"No";"";"No Evaluado";"";"0";"Roll Out  P3";"Sin equipo";"0";"0";"5b1495d7-7a08-4189-8fe4-d0f01e1be595";""
"Guardado Dirigido POC (Picking to Wall)";"REGIONAL";"";"Visualizador";"Proyecto principal";"";"";"No";"No";"";"No Evaluado";"";"0";"";"PD Outbound";"0";"0";"5b3b061a-61d9-465b-a78a-e01a8b2caa48";""
"Nova Home & Mi Perfil";"USTX01";"";"Visualizador";"Proyecto ramificado";"";"";"No";"No";"";"No Evaluado";"";"0";"Roll Out";"USTX01-CIE";"0";"0";"5c30c876-29b3-4f4c-8816-e3289db040ca";""
"NTM - Node Task Manager";"BRSP30";"";"Visualizador";"Proyecto ramificado";"";"";"No";"No";"";"No Evaluado";"";"0";"C1  Roll Out  Systemic  P1";"Sin equipo";"0";"0";"5c3dc9d3-d751-41cb-a457-68f7dadeb040";""
"Ajuste de Caja Máxima Virtual MLM";"MXCD11";"";"Visualizador";"Proyecto ramificado";"";"";"No";"No";"";"No Evaluado";"";"0";"Roll Out  Systemic  P3";"Sin equipo";"0";"0";"5d524148-d029-4645-9b80-3d8e1028ee04";""
"Nuevo acceso a "Mi rendimiento" desde BOXI para Desktop ";"MXCD11";"";"Visualizador";"Proyecto ramificado";"";"";"No";"No";"";"No Evaluado";"";"0";"Roll Out  P3";"Sin equipo";"0";"0";"5d54c4b7-0175-4642-89cb-11bcd87820a3";""
"Guardado Dirigido POC (Picking to Wall)";"BRSC02";"";"Visualizador";"Proyecto principal";"";"";"No";"No";"";"No Evaluado";"";"0";"";"PD Outbound";"0";"0";"5d5e1395-e7cc-4a9b-91d4-d0ffd64e138a";""
"Saneamiento de Base de Problem Solvers";"GROOT";"";"Visualizador";"Proyecto principal";"";"";"No";"No";"";"No Evaluado";"";"0";"";"GROOT-Regional";"0";"0";"5d6184a8-18df-41fd-8b57-796c0de71787";""
"App Conteos Mangapallets RFID";"MXACH1";"";"Visualizador";"Proyecto ramificado";"";"";"No";"No";"";"No Evaluado";"";"0";"C2  Roll Out  P1";"Sin equipo";"0";"0";"5d973aab-bba0-480b-982c-2d6c5ae981f0";""
"NTM - Node Task Manager";"BRADF1";"";"Visualizador";"Proyecto ramificado";"";"";"No";"No";"";"No Evaluado";"";"0";"C1  Roll Out  Systemic  P1";"Sin equipo";"0";"0";"5dc297ca-2008-41a6-a67e-78a831f183f3";""
"Cambio en la Tool de Gestion de proveedores";"GROOT";"";"Visualizador";"Proyecto principal";"";"";"No";"No";"";"No Evaluado";"";"0";"";"GROOT-Regional";"0";"0";"5e1922f5-1c52-4288-bafa-43cf60c015c3";""
"Nova Home & Mi Perfil";"MXCD09";"";"Visualizador";"Proyecto ramificado";"";"";"No";"No";"";"No Evaluado";"";"0";"Roll Out";"MXCD09-CIE";"0";"0";"5ecd0290-8676-4474-9cc2-14d2f5e1c59c";""
"HERMES — Catalogação de Rezagos e Salvados Não Sistêmicos";"XEM02";"";"Visualizador";"Proyecto ramificado";"";"";"No";"No";"";"No Evaluado";"";"0";"C1  Roll Out  Non-Systemic  P1";"Sin equipo";"0";"0";"5f9ff3b4-2462-468a-b7f4-2a5b2c6007fb";""
"Nova Home & Mi Perfil";"BRSP04";"";"Visualizador";"Proyecto ramificado";"";"";"No";"No";"";"No Evaluado";"";"0";"Roll Out";"BRSP04-CIE";"0";"0";"607c8a6b-5aea-4362-9ac9-360aebe6298c";""
"Ajuste de Caja Máxima Virtual MLM";"MXCD02";"";"Visualizador";"Proyecto ramificado";"";"";"No";"No";"";"No Evaluado";"";"0";"Roll Out  Systemic  P3";"Sin equipo";"0";"0";"6090e65f-abc1-47a9-8f54-588a4af5b0da";""
"Gestión de insumos reutilizables";"BRSP19";"";"Visualizador";"Proyecto ramificado";"";"";"No";"No";"";"No Evaluado";"";"0";"Roll Out";"Sin equipo";"0";"0";"60a78752-e3e3-4e8f-bfae-32b686adbc1e";""
"HERMES — Catalogação de Rezagos e Salvados Não Sistêmicos";"BRSP10";"";"Visualizador";"Proyecto ramificado";"";"";"No";"No";"";"No Evaluado";"";"0";"C1  Roll Out  Non-Systemic  P1";"Sin equipo";"0";"0";"611331ce-6cd5-489a-8aee-8d3fe8bfc41c";""
"Nova Home & Mi Perfil";"BRRC02";"";"Visualizador";"Proyecto ramificado";"";"";"No";"No";"";"No Evaluado";"";"0";"Roll Out";"BRRC02-CIE";"0";"0";"613d667f-7a5e-4f7e-b014-e972125a850a";""
"Gestión de insumos reutilizables";"BRRS01";"";"Visualizador";"Proyecto ramificado";"";"";"No";"No";"";"No Evaluado";"";"0";"Roll Out";"Sin equipo";"0";"0";"61a5a188-a038-4271-a22e-e926e443dcd3";""
"solicitud de WI y entrenamiento";"REGIONAL";"";"Visualizador";"Proyecto principal";"";"";"No";"No";"";"No Evaluado";"";"0";"";"RO Plan - In, LI, MP e Metros";"0";"0";"625a5cb2-c471-498d-96c7-8f6e26d7e9e6";""
"Acesso Contextual - Mi Primero Proceso";"MXCD06";"";"Visualizador";"Proyecto ramificado";"";"";"No";"No";"";"No Evaluado";"";"0";"C1  Roll Out  P1";"Sin equipo";"0";"0";"6351b844-a4b0-43d3-9419-0c668d206b73";""
"Nova Home & Mi Perfil";"MXCD07";"";"Visualizador";"Proyecto ramificado";"";"";"No";"No";"";"No Evaluado";"";"0";"Roll Out";"MXCD07-CIE";"0";"0";"63b27a19-a419-44bf-b9fb-5a256348190d";""
"App Conteos Mangapallets RFID";"MXAMT1";"";"Visualizador";"Proyecto ramificado";"";"";"No";"No";"";"No Evaluado";"";"0";"C2  Roll Out  P1";"Sin equipo";"0";"0";"6437f3b7-caa3-47aa-a648-ae9be061bdd8";""
"Handshake dock in driver-ops";"REGIONAL";"sabmedina";"Visualizador";"Proyecto principal";"POC";"15";"Sí";"No";"";"No Evaluado";"";"0";"P2";"PD Outbound";"0";"0";"62d17eb6-bffb-4fd6-bdbc-789e4a2ef2d9";""
"Scanner Fixo Cards MP ";"REGIONAL";"lguizardi";"Visualizador";"Proyecto principal";"Develop";"15";"No";"No";"";"No Evaluado";"";"0";"";"MLB-Log Inversa";"0";"0";"5f9f9ff1-8465-4294-a7c1-1b71900ef429";""
"Manga Pallets Implementación 2026 ";"MXCD10";"mestradaviey";"Visualizador";"Proyecto principal";"Implement";"18";"No";"No";"";"No Evaluado";"";"0";"P1";"MXCD10-CIE";"0";"0";"596eb80b-3d87-4112-b9fd-9487983970b2";""
"MXCD09 (DAMON) Automation Conveyors - Implementación";"MXCD09";"kamdsouza";"Visualizador";"Proyecto principal";"Develop";"15";"No";"No";"";"No Evaluado";"";"0";"Systemic  P1";"Robotics & Automation";"0";"0";"5ac62be3-cd30-49ec-8560-6c15f437c84f";""
"Definição do layout Packing Machine ";"BRSP02";"cassimoraes";"Visualizador";"Proyecto principal";"Implement";"15";"No";"No";"";"No Evaluado";"";"0";"C2";"BRSP02-CIE";"0";"0";"5fd816ab-afbd-4215-9aa9-01703ed36fb2";""
"Cajonera ARBA F2 (N3)";"REGIONAL";"eduarlima";"Visualizador";"Proyecto principal";"Implement";"14";"Sí";"Sí";"Período en curso con estado Backlog.";"No Evaluado";"";"0";"P1";"PD MTM Storage Solution";"0";"0";"5de570d1-ee95-4287-b658-d04c85190898";""
"Heatmap 3.0 Fase 2";"REGIONAL";"krivaldez";"Visualizador";"Proyecto principal";"5. Sustentabilidad";"15";"No";"No";"";"No Evaluado";"";"0";"P2";"CI Projects";"0";"0";"5104389e-74e6-42c7-b68d-b222d86fbebb";""
"Painel HCM (Presentismo)";"BRPR01";"ataschetto";"Visualizador";"Proyecto ramificado";"5. Sustentabilidad";"14";"Sí";"Sí";"Período en curso con estado Backlog.";"No Evaluado";"";"0";"C2  Roll Out  P1";"BRPR01-CIE";"0";"0";"5b5e1c17-1e0b-46d6-85d9-556dcc7ab387";""
"Actualización de Time Outs- Q1 2026";"MXNL01";"carlramos";"Visualizador";"Proyecto ramificado";"";"";"No";"No";"";"No Evaluado";"";"0";"Roll Out";"MXNL01-CIE";"0";"0";"573acdff-e14e-4dc3-8b32-2ed507680e5b";""
"Q12026_MOI OB 2.0";"MXCD05";"antomendoza";"Visualizador";"Proyecto principal";"6. Proyecto Finalizado";"19";"No";"No";"";"No Evaluado";"";"0";"";"MXCD05-CIE";"0";"0";"5ec19c14-6e04-410a-bf35-a69216711dfe";""
"Realidade Aumentada - Cogtive";"BRSP18";"llyhmkus";"Visualizador";"Proyecto principal";"6. Proyecto Finalizado";"19";"No";"No";"";"No Evaluado";"";"0";"";"BRSP19-CIE";"0";"0";"5b7ce1dd-65fe-42c1-82c3-f78076f97f82";""
"Picking Continuo - SSKU";"BRSP19";"wenmoura";"Visualizador";"Proyecto ramificado";"Implement";"15";"Sí";"No";"";"No Evaluado";"";"0";"Roll Out";"BRSP19-CIE";"0";"0";"5868d89f-8271-4c77-b52c-7784e1c222c0";""
"AI Knowledge Share";"REGIONAL";"estnari";"Visualizador";"Proyecto principal";"5. Sustentabilidad";"15";"No";"No";"";"No Evaluado";"";"0";"";"PD Logistica Inversa";"0";"0";"5fd39ce1-a388-4862-a5c4-123792f7e6b4";""
"MVP: Estudo de Aumento Manga Fullness com Suporte para Manga";"BRRC02";"lumedeiross";"Visualizador";"Proyecto principal";"Discovery";"18";"No";"No";"";"No Evaluado";"";"6";"P1";"BRRC02-CIE";"31523";"1-500";"6236c49d-ff8d-4aec-8762-2a654d13932b";""
"[Q3 - 2026] - [Tiempos en SVC] Tu Ruta (in app)";"DX";"nlongobucco";"Visualizador";"Proyecto principal";"Implement";"14";"No";"Sí";"Período en curso con estado Backlog.";"No Evaluado";"";"0";"";"DX-Regional";"0";"0";"5a977ebc-44f9-411a-873f-136c567abc9d";""
"Integración Masiva de Incidentes Operativos";"BRSP09";"glcordeiro";"Visualizador";"Proyecto ramificado";"5. Sustentabilidad";"18";"No";"No";"";"No Evaluado";"";"0";"Roll Out  P1";"BRSP09-CIE";"0";"0";"55a8ddc9-5b16-4021-9a07-da313243b7a3";""
" S2P - Expansion: Testeo nuevo modelo de robots S2P";"REGIONAL";"josmoreno";"Visualizador";"Proyecto principal";"";"";"No";"No";"";"No Evaluado";"";"0";"";"Robotics & Automation";"0";"0";"5b7bd2c9-733a-45d9-a59a-bf4040e1ed66";""
"Roll Out || Roles Expertos - Check In Each Massivo";"MXNL01";"eurodriguez";"Visualizador";"Proyecto ramificado";"";"";"No";"No";"";"No Evaluado";"";"0";"Roll Out";"MXNL01-CIE";"0";"0";"5915644e-4d42-411b-9204-82f3281dfc28";""
"MWH - Retirada do manga pallet do picking";"BRSP10";"gcortijo";"Visualizador";"Proyecto principal";"Develop";"17";"No";"No";"";"No Evaluado";"";"0";"P2";"BRSP10-CIE";"606000";"500-1000";"5c9d7989-d916-4ec6-a233-bd1c0d22fc37";""
"[Q3 2026] - Aumento da Produtividade de Replen em MG04";"BRMG04";"bialuz";"Visualizador";"Proyecto principal";"5. Sustentabilidad";"15";"Sí";"No";"";"No Evaluado";"";"0";"P2";"BRMG04-CIE";"0";"0";"4fc38254-6cb9-4889-b52a-c88d05b5601f";""
"Reporte SLA Packed (Outbound)";"CLBB01";"eperezmoreno";"Visualizador";"Proyecto ramificado";"6. Proyecto Finalizado";"14";"Sí";"No";"";"No Evaluado";"";"1";"Roll Out  P1";"Metros";"0";"0";"5ea32c8a-26dd-40a3-a046-90566a9e67bd";""
"[Q3 - 2026] - [FOS Inbound] Zero Bip";"FOS";"dcandia";"Visualizador";"Proyecto principal";"MVP";"15";"Sí";"No";"";"No Evaluado";"";"0";"";"FOS-Regional";"0";"0";"5232c161-4224-403e-999f-35b800a23fdc";""
"Reporte SLA Packed (Outbound)";"MXGT01";"promerovega";"Visualizador";"Proyecto ramificado";"5. Sustentabilidad";"18";"No";"No";"";"No Evaluado";"";"0";"Roll Out  P1";"MXGT01-CIE";"0";"0";"610b8b0f-99f9-47fe-a958-3dd7f6787d50";""
"Projeto → Plataforma de Descarga Manual - Bulk";"BRSP09";"degydio";"Visualizador";"Proyecto principal";"Implement";"15";"No";"No";"";"No Evaluado";"";"0";"Non-Systemic  P3";"MTM IB – OB – PERFORMANCE MANAGEMENT";"48889";"1-500";"54683338-aec7-42f9-998d-236e859ad11b";""
"Shipping";"BRSP04";"wescosta";"Visualizador";"Proyecto principal";"Iniciativa";"15";"No";"No";"";"No Evaluado";"";"0";"";"BRSP04-CIE";"0";"0";"532fbb01-827d-49a8-8e30-0dfc6af05bc3";""
"[Q3 - 2026] - Entregas Fallidas: gestiones sobre drivers (playbook)";"DX";"nlongobucco";"Visualizador";"Proyecto principal";"POC";"14";"No";"Sí";"Período en curso con estado Backlog.";"No Evaluado";"";"0";"";"DX-Regional";"0";"0";"6061ed87-1d4d-4fcb-bbd8-f949083589d2";""
"Dock Assignment Fase 1";"ARBA01";"ccabezonbarr";"Visualizador";"Proyecto principal";"Implement";"14";"Sí";"Sí";"Período en curso con estado Backlog.";"No Evaluado";"";"0";"Non-Systemic  P3";"ARBA01-CIE";"0";"0";"62f76f86-f991-403d-94bd-7584c8e08585";""
"Gamification- Encendido insignias virtuales";"REGIONAL";"eliarrua";"Visualizador";"Proyecto principal";"6. Proyecto Finalizado";"18";"No";"Sí";"Etapa final concluida  pero el proyecto no está Finalizado/Cancelado.";"No Evaluado";"";"0";"Non-Systemic  P3";"PD Performance Management";"0";"0";"5d0dd2ce-626c-4eda-bea7-6babc5c9c7c2";""
"Takeover - Picking - Happy Path  and  Planning";"REGIONAL";"josmoreno";"Visualizador";"Proyecto principal";"Discovery";"15";"Sí";"No";"";"No Evaluado";"";"0";"P2";"Robotics & Automation";"0";"0";"604cdf39-30da-4411-9660-d26fe930423e";""
"WOW Room";"MXJC01";"almartinezvi";"Visualizador";"Proyecto principal";"5. Sustentabilidad";"14";"Sí";"Sí";"Período en curso con estado Backlog.";"No Evaluado";"";"0";"";"MXJC01-CIE";"0";"0";"63722857-afde-4f7f-8bc8-08249f16c64e";""
"Manga Pallet Wave 3 ";"MXJC01";"jesusanmarti";"Visualizador";"Proyecto principal";"Implement";"18";"No";"Sí";"Período marcado como Done con fecha de finalización en el futuro.";"No Evaluado";"";"0";"";"MXJC01-CIE";"523267";"500-1000";"5959df61-e03f-4aea-8ff1-f6c9843ff782";""
"[Q3 - 2026] - LTS / LMO";"CIC";"dpamaral";"Visualizador";"Proyecto principal";"Implement";"14";"No";"Sí";"Período en curso con estado Backlog.";"No Evaluado";"";"0";"";"CIC-Regional";"0";"0";"5a8bbb61-1b63-4f91-863a-54ea44f46390";""
"Discovery- Nueva medición de Fast Start";"REGIONAL";"eliarrua";"Visualizador";"Proyecto principal";"POC";"15";"Sí";"No";"";"No Evaluado";"";"0";"P3";"PD Performance Management";"0";"0";"53b14c28-3725-4989-a4e1-8da5012503c2";""
"MLB Flyer Design";"BRSP04";"aguilhem";"Visualizador";"Proyecto ramificado";"Implement";"15";"No";"No";"";"No Evaluado";"";"0";"Roll Out";"BRSP04-CIE";"0";"0";"5fdf3313-5a75-47e4-b0e5-29d72228af71";""
"Login / Incio de Sessão com uso de QR Code";"BRSP04";"brucorrea";"Visualizador";"Proyecto ramificado";"5. Sustentabilidad";"15";"No";"No";"";"No Evaluado";"";"0";"Roll Out";"BRSP04-CIE";"0";"0";"54026742-6e70-4369-91e4-47f45d3e2231";""
"Discover para redução de PDD de vinhos e cervejas ";"REGIONAL";"rodbraga";"Visualizador";"Proyecto principal";"5. Sustentabilidad";"15";"Sí";"No";"";"No Evaluado";"";"0";"";"PD MTM Packaging";"22347";"1-500";"5fee1cae-62b1-46ae-916e-4a76ffee5cf1";""
"Definição da Área de Rejeitos";"BRSP02";"";"Visualizador";"Proyecto principal";"Implement";"14";"Sí";"No";"";"No Evaluado";"";"0";"";"MLB-Log Inversa";"0";"0";"60ea5912-9e89-4742-8be4-40930ed22011";""
"[Automation] Paletizadoras de totes";"REGIONAL";"chrodriguez";"Visualizador";"Proyecto principal";"POC";"14";"Sí";"No";"";"No Evaluado";"";"0";"";"Robotics & Automation";"0";"0";"63dc4c86-0fc0-4a53-b0ae-fa44721cc5d4";""
"Bandejas nos carrinhos de picking";"BRSP14";"banselmo";"Visualizador";"Proyecto principal";"Implement";"15";"Sí";"No";"";"No Evaluado";"";"0";"";"BRSP14-CIE";"0";"0";"58f50f3e-01df-4c5a-aa7c-06636063e216";""
"Cambiar las afirmaciones negativas para preguntas - flujo de triage wi";"REGIONAL";"dayapereira";"Visualizador";"Proyecto principal";"MVP";"18";"No";"Sí";"Período marcado como Done con fecha de finalización en el futuro.";"No Evaluado";"";"0";"Systemic  P2";"PD Logistica Inversa";"0";"0";"59e7316c-555c-4342-a8e8-9c22cd3a7523";""
"Implementar XP de pantallas de RB a area manual";"MXCD07";"odiazdolores";"Visualizador";"Proyecto ramificado";"5. Sustentabilidad";"18";"Sí";"No";"";"No Evaluado";"";"0";"Roll Out";"MXCD07-CIE";"0";"0";"5b9e9e86-f6e1-428d-94f6-ce45efea2ae2";""
"Solicitações Marketing";"BRRC01";"amalsilva";"Visualizador";"Proyecto principal";"Iniciativa";"15";"No";"No";"";"No Evaluado";"";"0";"";"BRRC01-CIE";"0";"0";"54744320-7cd1-41e8-b0be-f3cff008e4c4";""
"Automatização do Report de Fraude na Triagem de ENOEs";"MXTC01";"francimartin";"Visualizador";"Proyecto ramificado";"5. Sustentabilidad";"14";"No";"Sí";"Período en curso con estado Backlog.";"No Evaluado";"";"0";"C2  Roll Out  Systemic  P1";"Sin equipo";"0";"0";"64afb34b-c57e-4680-9761-87ad00b3ab59";""
"[RO] PA ASSISTIDO";"ARBA02";"tomasfernand";"Visualizador";"Proyecto ramificado";"6. Proyecto Finalizado";"18";"No";"Sí";"Etapa final concluida  pero el proyecto no está Finalizado/Cancelado.";"No Evaluado";"";"0";"Roll Out";"ARBA02-CIE";"0";"0";"643747b6-92c6-4e27-8a70-57dad5772001";""
"[Q3/26] Expansão de Capacidade";"BRSP10";"gton";"Visualizador";"Proyecto principal";"Implement";"15";"No";"No";"";"No Evaluado";"";"0";"C1  C2  C3  Non-Systemic";"BRSP10-CIE";"0";"0";"59dfe420-4928-4910-81cf-64084fdab89c";""
"Venta especialista de Rezago by Meli";"MXRC03";"jorivero";"Visualizador";"Proyecto ramificado";"Implement";"14";"No";"Sí";"Período en curso con estado Backlog.";"No Evaluado";"";"0";"P1";"MXRC03-CIE";"0";"0";"5409a5b7-f414-4cd6-9799-c3bfd4f94a80";""
"[Q326] Hackathon AI CLRM03";"CLRM03";"gvelascopere";"Visualizador";"Proyecto principal";"5. Sustentabilidad";"14";"Sí";"No";"";"No Evaluado";"";"0";"";"CLRM03-CIE";"0";"0";"6218b46b-6d29-407b-9c51-a9024d38fc4e";""
"Reporte SLA Packed (Outbound)";"ARBA04";"hlyon";"Visualizador";"Proyecto ramificado";"Implement";"14";"No";"Sí";"Período en curso con estado Backlog.";"No Evaluado";"";"0";"Roll Out  P1";"ARBA04-CIE";"0";"0";"53c04ed6-e26d-43d5-85a0-1abe95597550";""
"Processamento por Volume";"MXJC01";"secheverria";"Visualizador";"Proyecto ramificado";"";"";"No";"No";"";"No Evaluado";"";"0";"C1  Roll Out  P1";"Sin equipo";"0";"0";"515b4c82-e99e-4ea8-909d-b7dca8c8888e";""
"Solicitações Compras";"BRRC01";"amalsilva";"Visualizador";"Proyecto principal";"Iniciativa";"18";"No";"Sí";"Período marcado como Done con fecha de finalización en el futuro.";"No Evaluado";"";"0";"";"BRRC01-CIE";"0";"0";"5705913e-3245-4d0d-a67f-e565cd754feb";""
"[Rotina] Gemba";"BRRS01";"rhaag";"Visualizador";"Proyecto principal";"";"";"No";"No";"";"No Evaluado";"";"0";"";"BRRS01-CIE";"0";"0";"538c9616-11e8-4263-86bd-e1cfbd2a1e9a";""
"Cerberus";"MXGT01";"promerovega";"Visualizador";"Proyecto ramificado";"5. Sustentabilidad";"18";"No";"No";"";"No Evaluado";"";"0";"Roll Out  P3";"MXGT01-CIE";"0";"0";"55505f01-29a3-4038-a02f-f906a27dcd88";""
"Buffers Pre PA";"BRRJ02";"beatcarvalho";"Visualizador";"Proyecto ramificado";"6. Proyecto Finalizado";"14";"Sí";"No";"";"No Evaluado";"";"0";"P1";"BRRJ02-CIE";"0";"0";"6101e865-e50d-41a6-a082-a880f47868e2";""
"Sauron 2.0";"BRMG01";"amclemente";"Visualizador";"Proyecto ramificado";"Implement";"15";"No";"No";"";"No Evaluado";"";"0";"Roll Out";"BRMG01-CIE";"0";"0";"503086e7-bafa-435b-a24a-71f41a17797c";""
"IO - Putaway melhorias";"BRRS01";"ndeangelo";"Visualizador";"Proyecto ramificado";"5. Sustentabilidad";"14";"No";"Sí";"Período en curso con estado Backlog.";"No Evaluado";"";"0";"Roll Out  P2";"BRRS01-CIE";"0";"0";"5fdf92b4-c5a3-4162-bdca-6dc8a3a90b09";""
"Robotics | Module & Address Management";"REGIONAL";"anapaugutier";"Visualizador";"Proyecto principal";"5. Sustentabilidad";"18";"No";"No";"";"No Evaluado";"";"0";"";"Robotics & Automation";"0";"0";"5435ac7d-aff2-47e0-aa35-9fe7f57c91ff";""
"Venta especialista de Rezago by Meli";"BRBA01";"gabaraujo";"Visualizador";"Proyecto ramificado";"5. Sustentabilidad";"15";"No";"No";"";"No Evaluado";"";"0";"P1";"BRBA01-CIE";"0";"0";"5b198b0a-bf7c-473b-8c2b-b1e3570bb4f4";""
"Redução da Quantidade Bipagem de Box ID não bipada em Receiving";"MXCD02";"ahcarmona";"Visualizador";"Proyecto ramificado";"";"";"No";"No";"";"No Evaluado";"";"0";"C2  Roll Out  P2";"MXCD02-CIE";"0";"0";"5b5608c4-05fd-4388-9976-6153b30f54bf";""
"Integración Masiva de Incidentes Operativos";"BRRC01";"angelnogueir";"Visualizador";"Proyecto ramificado";"5. Sustentabilidad";"15";"No";"No";"";"No Evaluado";"";"1";"Roll Out  P1";"BRRC01-CIE";"0";"0";"64c250d4-5b47-4021-ab81-9612009e2318";""
"IO - P2M: falsos positivos por reporte automatico de producto inesperado";"REGIONAL";"adrsato";"Visualizador";"Proyecto principal";"";"";"No";"No";"";"No Evaluado";"";"0";"";"PD Performance Management";"0";"0";"5239e6f5-b258-48ef-b4c7-48c9e3e16b6f";""
"[Q3 - 2026] - Definição de equipamentos para armar sacas em operação de XD_MLB";"MTM";"letiferreira";"Visualizador";"Proyecto principal";"Develop";"14";"No";"Sí";"Período en curso con estado Backlog.";"No Evaluado";"";"0";"";"MTM-Regional";"0";"0";"615b85d8-afec-4e98-98a3-ad59ee2c1a77";""
"Señalética Aérea";"ARBA01";"flizarraga";"Visualizador";"Proyecto principal";"Implement";"15";"No";"No";"";"No Evaluado";"";"0";"";"ARBA02-CIE";"0";"0";"57981d11-7e45-4926-a361-91c480556402";""
"Restricción remoción de flag Fecha de vencimiento";"REGIONAL";"ramendez";"Visualizador";"Proyecto principal";"Implement";"18";"Sí";"No";"";"No Evaluado";"";"0";"P1";"PD ICQA";"0";"0";"628e4890-4697-471b-bba5-22ba3f1b0f97";""
"[Q2 - PC] RTB de not_working por repentant de buyers con HIGH risk";"REGIONAL";"acastellanos";"Visualizador";"Proyecto principal";"6. Proyecto Finalizado";"15";"Sí";"No";"";"No Evaluado";"";"0";"";"PD Logistica Inversa";"280000";"1-500";"59fe27a8-32fc-45c4-92c8-ea1f63f259d8";""
"Redução da Quantidade Bipagem de Box ID não bipada em Receiving";"BRSP06";"gebarcellos";"Visualizador";"Proyecto ramificado";"";"";"No";"No";"";"No Evaluado";"";"0";"C2  Roll Out  P2";"BRSP06-CIE";"0";"0";"570aa6b4-6696-4b92-931f-6349ef9436fb";""
"Picking Continuo Lego - Roll Out 2.0";"MXGT01";"promerovega";"Visualizador";"Proyecto ramificado";"Implement";"14";"No";"Sí";"Período en curso con estado Backlog.";"No Evaluado";"";"0";"Roll Out  P1";"MXGT01-CIE";"0";"0";"5aa352c6-293a-416c-baf6-34cd8bc1ff0d";""
"Automatização do Report de Fraude na Triagem de ENOEs";"BRMG01";"anasi";"Visualizador";"Proyecto ramificado";"5. Sustentabilidad";"14";"No";"Sí";"Período en curso con estado Backlog.";"No Evaluado";"";"0";"C2  Roll Out  Systemic  P1";"Sin equipo";"0";"0";"5a0f21cc-3895-4352-9e48-a2abbaa69c59";""
"Documentación de Carga Belly (Proveedor aéreo) MLA";"FOS";"sarhernandez";"Visualizador";"Proyecto principal";"";"";"No";"No";"";"No Evaluado";"";"0";"";"FOS-Regional";"0";"0";"5e31bd00-cf92-49f1-8fea-1c9ae6fdca9f";""
"Expansion Chat Interno | In & Out & LI";"MXYU01";"ghernandez";"Visualizador";"Proyecto ramificado";"";"";"No";"No";"";"No Evaluado";"";"0";"Roll Out";"MXYU01-CIE";"0";"0";"57328de8-de7b-4e72-a102-20129ad278fb";""
"[Q3 - 2026] - Discovery e teste do modelo de montagem de carga e amarração para itens H&B";"H&B";"aibarbosa";"Visualizador";"Proyecto principal";"Discovery";"14";"Sí";"No";"";"No Evaluado";"";"0";"";"H&B-Regional";"0";"0";"63c9de56-45f2-4a52-b407-5b053297ffa2";""
"IO - Cycle Count";"REGIONAL";"adrsato";"Visualizador";"Proyecto principal";"";"";"No";"No";"";"No Evaluado";"";"0";"";"PD Performance Management";"0";"0";"578d9945-4d92-44b9-87c7-837b77a667ac";""
"[Q3 - 2026] - Actualización de Learning Hub de herramienta Sherlock";"AUDIT";"aandueza";"Visualizador";"Proyecto principal";"Implement";"14";"No";"Sí";"Período en curso con estado Backlog.";"No Evaluado";"";"0";"";"AUDIT-Regional";"0";"0";"5e123f59-9bf3-41b5-8b68-9f0e3dbac7a9";""
"Redução da Quantidade Bipagem de Box ID não bipada em Receiving";"BRPE01";"igsandrade";"Visualizador";"Proyecto ramificado";"6. Proyecto Finalizado";"14";"Sí";"No";"";"No Evaluado";"";"0";"C2  Roll Out  P2";"BRPE01-CIE";"0";"0";"5d814e1f-3f48-4e0e-9d57-5f67006b1510";""
"Processamento por Volume";"BRSC02";"rebsilva";"Visualizador";"Proyecto ramificado";"";"";"No";"No";"";"No Evaluado";"";"0";"C1  Roll Out  P1";"Sin equipo";"0";"0";"643f177a-4422-42b8-bd58-a27b359df38c";""
"[Q3 - 2026] - H&B - Estandarización del Carrito Bulky Modelo MLM";"H&B";"ktorquato";"Visualizador";"Proyecto principal";"POC";"14";"Sí";"Sí";"Período en curso con estado Backlog.";"No Evaluado";"";"0";"";"H&B-Regional";"0";"0";"5cc76c07-3c76-460b-8fd5-e0e2e187cd80";""
"Process path SSKU";"BRSP02";"raportella";"Visualizador";"Proyecto ramificado";"";"";"No";"No";"";"No Evaluado";"";"0";"Roll Out";"BRSP02-CIE";"0";"0";"62e1be53-f23c-469d-9b39-92cf0e563a73";""
"Minhas Atividades";"BRSP26";"micssantana";"Visualizador";"Proyecto principal";"Iniciativa";"15";"No";"No";"";"No Evaluado";"";"0";"";"BRSP26-CIE";"0";"0";"62fecb87-72cc-46d6-8398-3e612836bbd4";""
"Acesso Contextual - Mi Primero Proceso";"BRRJ02";"beatcarvalho";"Visualizador";"Proyecto ramificado";"Implement";"14";"No";"No";"";"No Evaluado";"";"0";"C1  Roll Out  P1";"Sin equipo";"0";"0";"627ef9db-b89a-4c34-91d3-62c7f3c4fcd7";""
"[Q3 - 2026] - Expansão de Nodos MLA e MLU";"PLACES";"akarabolad";"Visualizador";"Proyecto principal";"Implement";"14";"No";"Sí";"Período en curso con estado Backlog.";"No Evaluado";"";"0";"";"PLACES-Regional";"0";"0";"569d6ec2-07b6-4e2e-9029-3780991fa3ef";""
"ENE Fraude — Triage Especializado";"REGIONAL";"dayapereira";"Visualizador";"Proyecto principal";"POC";"15";"No";"No";"";"No Evaluado";"";"0";"Systemic  P2";"PD Logistica Inversa";"0";"0";"5130afbc-bbce-406e-ae5c-fc27211dc6eb";""
"Packing Machine – Homologação Fornecedor Riotek";"REGIONAL";"rodbraga";"Visualizador";"Proyecto principal";"5. Sustentabilidad";"14";"Sí";"No";"";"No Evaluado";"";"0";"Non-Systemic  P1";"MTM IB – OB – PERFORMANCE MANAGEMENT";"1200000";"1000+";"51f05bcc-c746-4b2f-a099-cf1a7f478266";""
"Cerberus";"MXCD09";"lgutierrezan";"Visualizador";"Proyecto ramificado";"6. Proyecto Finalizado";"14";"Sí";"No";"";"No Evaluado";"";"0";"Roll Out  P3";"MXCD09-CIE";"0";"0";"520a6e6b-6e97-440b-b05b-db5c99eb22da";""
"Agenda Automatica";"BRBA01";"sbarbosa";"Visualizador";"Proyecto principal";"6. Proyecto Finalizado";"18";"No";"Sí";"Etapa final concluida  pero el proyecto no está Finalizado/Cancelado.";"No Evaluado";"";"0";"P3";"BRBA01-OC";"2414";"1-500";"644b1fb6-05b8-4be3-9e84-79ccb903b73a";""
"Head Count Management - FBM";"BRSP09";"amiroli";"Visualizador";"Proyecto ramificado";"5. Sustentabilidad";"15";"No";"No";"";"No Evaluado";"";"0";"Roll Out  P1";"BRSP09-CIE";"0";"0";"504cff1d-0422-4613-a8e3-6bbee761ad9b";""
"[Q3/26] Aumento de share de direct check in";"BRSP11";"marcefonseca";"Visualizador";"Proyecto principal";"Develop";"15";"No";"No";"";"No Evaluado";"";"0";"";"BRSP11-CIE";"35223";"1-500";"648ee293-537c-46b0-a1e3-4569dca32dce";""
"Homologação BEX nova tecnologia fornecedor Lordtech";"REGIONAL";"rodbraga";"Visualizador";"Proyecto principal";"5. Sustentabilidad";"14";"Sí";"Sí";"Período en curso con estado Backlog.";"No Evaluado";"";"0";"";"PD MTM Packaging";"0";"0";"56b74da5-388a-4c6b-953a-893e4206a046";""
"Expansão Docas Inbound";"BRSP09";"amiroli";"Visualizador";"Proyecto principal";"Develop";"15";"No";"No";"";"No Evaluado";"";"0";"";"BRSP09-CIE";"0";"0";"59d08da6-1977-4815-8439-9a86748c4c01";""
"[FOS - Assembly] - Armado de flujo unificado LEGO";"BRMG01";"wibernardes";"Visualizador";"Proyecto ramificado";"";"";"No";"No";"";"No Evaluado";"";"0";"Roll Out  P3";"BRMG01-CIE";"0";"0";"58d7f4f6-02bf-42bc-94f1-feced323737c";""
"Conciliação de HU's carga consolidada";"REGIONAL";"ricpereira";"Visualizador";"Proyecto principal";"6. Proyecto Finalizado";"19";"No";"No";"";"No Evaluado";"";"0";"";"PD Inbound";"0";"0";"64ce9de4-4c57-4464-a7a4-dba84f3a6411";""
"Rack Móvil";"COCU02";"ext_mamashly";"Visualizador";"Proyecto principal";"6. Proyecto Finalizado";"14";"No";"Sí";"Período en curso con estado Backlog.";"No Evaluado";"";"0";"";"COCU02-CIE";"8705";"1-500";"5f5e456c-3c78-4493-a39a-26ecdd042572";""
"Head Count Management - FBM";"REGIONAL";"adrsato";"Visualizador";"Proyecto principal";"Implement";"15";"Sí";"No";"";"No Evaluado";"";"3";"P1";"PD Performance Management";"0";"0";"59829652-316b-4696-bd7d-f1919f1a9144";""
"Acesso Contextual - Mi Primero Proceso";"BRMG02";"abrielsilvei";"Visualizador";"Proyecto ramificado";"5. Sustentabilidad";"14";"No";"Sí";"Período en curso con estado Backlog.";"No Evaluado";"";"0";"C1  Roll Out  P1";"Sin equipo";"0";"0";"58cfb264-b42e-4310-90d2-e22d98a6a2cf";""
"[FOS - Assembly] - Armado de flujo unificado LEGO";"BRBA01";"nssouza";"Visualizador";"Proyecto ramificado";"";"";"No";"No";"";"No Evaluado";"";"0";"Roll Out  P3";"BRBA01-CIE";"0";"0";"628ea296-b458-4067-806a-2001493ef345";""
"[Q2 2026] Zoneamento calçados";"BRMG01";"amclemente";"Visualizador";"Proyecto principal";"6. Proyecto Finalizado";"15";"Sí";"No";"";"No Evaluado";"";"0";"";"BRMG01-CIE";"0";"0";"616a38e6-bcf7-4d0e-9e6f-1d1c319d7d27";""
"Balanceo de capacidad en TMS";"MXJC02";"efraire";"Visualizador";"Proyecto principal";"Implement";"14";"Sí";"Sí";"Período en curso con estado Backlog.";"No Evaluado";"";"0";"";"MXJC02-CIE";"0";"0";"524d4a43-6f86-4435-bb42-e7dda3ab2d7d";""
"Painel HCM (Presentismo)";"BRMG03";"hhendsuzuki";"Visualizador";"Proyecto ramificado";"5. Sustentabilidad";"14";"Sí";"Sí";"Período en curso con estado Backlog.";"No Evaluado";"";"0";"C2  Roll Out  P1";"BRMG03-CIE";"0";"0";"63e4451f-a744-4874-bdda-e8535b43fcf4";""
"[ Q3/26 ] Retirada do Fluxo de Retiros do Sorter";"BRSP11";"marcefonseca";"Visualizador";"Proyecto principal";"Implement";"15";"No";"No";"";"No Evaluado";"";"0";"";"BRSP11-CIE";"0";"0";"5d32c8a5-9019-4b2b-bce4-6b67d472a513";""
"IO - Batch Sorter";"MXSO01";"dperezmacari";"Visualizador";"Proyecto ramificado";"5. Sustentabilidad";"14";"Sí";"Sí";"Período en curso con estado Backlog.";"No Evaluado";"";"0";"Roll Out  P2";"Sin equipo";"0";"0";"544523ce-9535-49c7-9342-7925f0c08cfc";""
"Q3 Zero bip";"Lean MLM";"pgallegossol";"Visualizador";"Proyecto principal";"MVP";"15";"Sí";"No";"";"No Evaluado";"";"0";"Systemic  P1";"Lean MLM-LOCAL";"0";"0";"5377430e-ae7e-48b2-9169-8df941febd65";""
"Etiqueta "Revisado por FBM"";"REGIONAL";"gragasini";"Visualizador";"Proyecto principal";"5. Sustentabilidad";"18";"No";"No";"";"No Evaluado";"";"1";"Non-Systemic  P2";"PD Logistica Inversa";"0";"0";"64b5fd3c-6a72-4856-a7dd-75c646b89e66";""
"Distribición de Big Totable en Mezzanine";"MXCD10";"misanchezaco";"Visualizador";"Proyecto principal";"6. Proyecto Finalizado";"17";"Sí";"No";"";"No Evaluado";"";"0";"P2";"MXCD10-CIE";"0";"0";"63716fd8-0905-4f24-a53a-f041fec7c9ef";""
"Login / Incio de Sessão com uso de QR Code";"MXNL01";"carlramos";"Visualizador";"Proyecto ramificado";"";"";"No";"No";"";"No Evaluado";"";"0";"Roll Out";"MXNL01-CIE";"0";"0";"52820985-b9a6-4075-a934-eba0ef1973b0";""
"Nuevo flujo de Reposición en MXCD06";"REGIONAL";"fandreu";"Visualizador";"Proyecto principal";"Implement";"18";"No";"No";"";"No Evaluado";"";"0";"";"PD Inbound";"0";"0";"57cd5410-3e36-456f-8607-6fa612969788";""
" [Q2/25] - Braço robótico para pilhamento de totes vazias no Inbound";"BRSP02";"jplevada";"Visualizador";"Proyecto principal";"5. Sustentabilidad";"15";"No";"No";"";"No Evaluado";"";"0";"P1";"BRSP02-CIE";"78026";"1-500";"55c4ddd1-c62e-4248-ac10-71586cf710d5";""
"Integración de IO con Pick to movable - P2M";"BRBA01";"gabaraujo";"Visualizador";"Proyecto ramificado";"";"";"No";"No";"";"No Evaluado";"";"0";"Roll Out";"BRBA01-CIE";"0";"0";"622ceefd-5a25-4430-a408-04a2e7eea876";""
"Buffers Pre PA";"MXCD10";"kreyesdiaz";"Visualizador";"Proyecto ramificado";"6. Proyecto Finalizado";"14";"Sí";"Sí";"Período en curso con estado Backlog.";"No Evaluado";"";"0";"P1";"MXCD10-CIE";"0";"0";"56711a1b-0c64-4aab-be68-469f4d807c1d";""
"Optimización flujo P2M Non Totable  (KAIZEN SLA IB)";"MXJC01";"almartinezvi";"Visualizador";"Proyecto principal";"6. Proyecto Finalizado";"15";"Sí";"No";"";"No Evaluado";"";"0";"";"MXJC01-CIE";"0";"0";"5065e390-4c88-4da9-b50f-f68854b1a9b7";""
"[Q3 - 2026 FULL] - MVP de HC Freeze.";"ARBA02";"flizarraga";"Visualizador";"Proyecto ramificado";"5. Sustentabilidad";"14";"Sí";"Sí";"Período en curso con estado Backlog.";"No Evaluado";"";"0";"Roll Out  P1";"Sin equipo";"0";"0";"55145942-7e86-4ad3-a3b2-16e8c42cc311";""
"BIG TOTABLE MLB";"BRSC02";"rebsilva";"Visualizador";"Proyecto ramificado";"Implement";"17";"No";"No";"";"No Evaluado";"";"0";"Roll Out";"BRSC02-CIE";"0";"0";"56c8e611-f27b-440d-9dee-356595f022d0";""
"Venta especialista de Rezago by Meli";"BRSP25";"lebecker";"Visualizador";"Proyecto ramificado";"Implement";"14";"No";"Sí";"Período en curso con estado Backlog.";"No Evaluado";"";"0";"P1";"BRSP25-CIE";"0";"0";"61c2d070-5db7-4715-afde-bca1777ec8ef";""
"Time Outs";"REGIONAL";"cherrera";"Visualizador";"Proyecto principal";"Develop";"18";"Sí";"No";"";"No Evaluado";"";"0";"P1";"MTM IB – OB – PERFORMANCE MANAGEMENT";"0";"0";"51de2850-8ecc-4877-bc55-01def50b3119";""
"[Q3 - 2026] - Discovery - Pymes Sortation";"REGIONAL";"nibueno";"Visualizador";"Proyecto principal";"Discovery";"15";"No";"No";"";"No Evaluado";"";"1";"";"PyMs H&B y Inversa TTE";"0";"0";"5014071a-863f-4cde-9aac-33c53fb83479";""
"Datatour | GGP + GNP";"REGIONAL";"rkawahira";"Visualizador";"Proyecto principal";"POC";"14";"Sí";"No";"";"No Evaluado";"";"0";"";"PD Performance Management";"0";"0";"621025de-6ed9-42d4-8afb-f26f4ccdf4f0";""
"Automatização do Report de Fraude na Triagem de ENOEs";"BRSP04";"odgoncalves";"Visualizador";"Proyecto ramificado";"5. Sustentabilidad";"14";"No";"Sí";"Período en curso con estado Backlog.";"No Evaluado";"";"0";"C2  Roll Out  Systemic  P1";"Sin equipo";"0";"0";"602e7634-e009-4a63-b377-7aea978a5cda";""
"Gift Wrap";"BRBA01";"hiagooliveir";"Visualizador";"Proyecto ramificado";"Implement";"14";"No";"Sí";"Período en curso con estado Backlog.";"No Evaluado";"";"0";"C3  Roll Out  Systemic  P1";"Sin equipo";"0";"0";"625a58b1-fe34-4425-a529-a2ee9b1b667e";""
"Analisis Packing Machine: CIE y Expansiones";"REGIONAL";"pmarches";"Visualizador";"Proyecto principal";"";"";"No";"No";"";"No Evaluado";"";"0";"";"PD Outbound";"0";"0";"5924781a-66a2-48fe-b5bf-0e6830e89ae6";""
"Painel HCM (Presentismo)";"BRBA02";"lkennedy";"Visualizador";"Proyecto ramificado";"5. Sustentabilidad";"15";"No";"No";"";"No Evaluado";"";"0";"C2  Roll Out  P1";"BRBA02-CIE";"0";"0";"5f6b7a00-ced6-4168-9853-bb6b99de634e";""
"Redução da Quantidade Bipagem de Box ID não bipada em Receiving";"ARBA04";"tspath";"Visualizador";"Proyecto ramificado";"5. Sustentabilidad";"15";"No";"No";"";"No Evaluado";"";"1";"C2  Roll Out  P2";"ARBA04-CIE";"0";"0";"5e140df4-30d3-42f5-8d67-13370a639950";""
"Escalabilidad y optimizacion de proceso H&B";"ARBA04";"hlyon";"Visualizador";"Proyecto principal";"MVP";"14";"Sí";"Sí";"Período en curso con estado Backlog.";"No Evaluado";"";"2";"";"ARBA04-CIE";"0";"0";"597605ec-c5ff-49e7-9944-173f72388ef7";""
"Packing Forçado CPG";"BRSP06";"pmarches";"Visualizador";"Proyecto principal";"Implement";"14";"Sí";"Sí";"Período en curso con estado Backlog.";"No Evaluado";"";"0";"TIA  Systemic  P1";"PD Outbound";"0";"0";"5f328a64-8a5a-475c-b416-89608b862e89";""
"Acesso Contextual - Mi Primero Proceso";"BRBA02";"lkennedy";"Visualizador";"Proyecto ramificado";"5. Sustentabilidad";"14";"No";"No";"";"No Evaluado";"";"0";"C1  Roll Out  P1";"Sin equipo";"0";"0";"5b9cbdf4-65f7-4789-b90b-672e49e171c7";""
"Integración Masiva de Incidentes Operativos";"BRPE01";"mtiburcio";"Visualizador";"Proyecto ramificado";"5. Sustentabilidad";"15";"Sí";"No";"";"No Evaluado";"";"0";"Roll Out  P1";"BRPE01-CIE";"0";"0";"5cbd4811-734c-43ad-90a7-9c5c7c1afecc";""
"Pick to Ship - Big Totable ";"ARBA01";"gcochi";"Visualizador";"Proyecto ramificado";"";"";"No";"No";"";"No Evaluado";"";"0";"Roll Out";"ARBA01-CIE";"0";"0";"51886bfe-37cd-423b-8c69-1312d49b0500";""
"Ayuste y Cambio en calculo de productividad y timeouts de P2M";"REGIONAL";"lmarinho";"Visualizador";"Proyecto principal";"Develop";"15";"No";"No";"";"No Evaluado";"";"0";"Systemic  P3";"PD Inbound";"0";"0";"55bbf7b9-9999-414c-87c2-299970bde81e";""
"Integración de IO con Direct Check in";"CLRM03";"djamett";"Visualizador";"Proyecto ramificado";"5. Sustentabilidad";"14";"No";"Sí";"Período en curso con estado Backlog.";"No Evaluado";"";"0";"Roll Out  P2";"CLRM03-CIE";"0";"0";"4fcd0e1a-2dae-4396-8d44-fc0b9b52c70d";""
"Head Count Management - FBM";"BRSP10";"safialho";"Visualizador";"Proyecto ramificado";"5. Sustentabilidad";"15";"No";"No";"";"No Evaluado";"";"0";"Roll Out  P1";"BRSP10-CIE";"0";"0";"582577be-8fb6-4f3e-b8e4-f47aa480f185";""
"IO - Batch Sorter";"MXCD02";"jmejorada";"Visualizador";"Proyecto ramificado";"5. Sustentabilidad";"14";"Sí";"Sí";"Período en curso con estado Backlog.";"No Evaluado";"";"0";"Roll Out  P2";"MXCD02-CIE";"0";"0";"5dfca446-5783-47a4-8e5a-f7d334963274";""
"[Calidad] Gestin de equipos Mercado Pago";"REGIONAL";"adrmorales";"Visualizador";"Proyecto principal";"";"";"No";"No";"";"No Evaluado";"";"0";"P3";"PD ICQA";"0";"0";"63d371f6-1672-4dcc-a1b1-a400c4dc4f67";""
"Definição de novo fluxo de limpeza de caixa";"REGIONAL";"dayapereira";"Visualizador";"Proyecto principal";"MVP";"15";"No";"No";"";"No Evaluado";"";"0";"Non-Systemic  P2";"PD Logistica Inversa";"0";"0";"567a8276-7eb9-41bd-b74d-1ec3180c2002";""
"Teste ro 10-08";"MXCD05";"onascimento";"Visualizador";"Proyecto ramificado";"6. Proyecto Finalizado";"14";"Sí";"No";"";"No Evaluado";"";"0";"C1  Roll Out";"BRSP06-CIE";"0";"0";"5cce20e4-f2bb-4b72-95ec-29b60db0505f";""
"Super - Ticket Automático";"MXCD06";"";"Visualizador";"Proyecto ramificado";"5. Sustentabilidad";"18";"No";"No";"";"No Evaluado";"";"0";"Roll Out";"MXCD06-CIE";"0";"0";"583a58fc-057d-4c05-ab18-2df49643dc1a";""
"Expansion Chat Interno | In & Out & LI";"MXCD07";"yherrera";"Visualizador";"Proyecto ramificado";"6. Proyecto Finalizado";"15";"Sí";"No";"";"No Evaluado";"";"0";"Roll Out";"MXCD07-CIE";"0";"0";"56316492-a934-4e79-a6ba-9d99d9c1e40f";""
"MVP APP Conteos RFID";"REGIONAL";"adrmorales";"Visualizador";"Proyecto principal";"Implement";"18";"No";"No";"";"No Evaluado";"";"0";"P3";"PD ICQA";"0";"0";"52b4e8b9-6e57-4a64-8be1-0dd3368ab2f2";""
"Picking 3.0 para Picking No Ventas";"REGIONAL";"marrios";"Visualizador";"Proyecto principal";"";"";"No";"No";"";"No Evaluado";"";"0";"";"PD Outbound";"0";"0";"64046ff6-576b-4c49-a58e-7b93db88acd3";""
"Processamento por Volume";"BRMG04";"hhendsuzuki";"Visualizador";"Proyecto ramificado";"";"";"No";"No";"";"No Evaluado";"";"0";"C1  Roll Out  P1";"Sin equipo";"0";"0";"55c2de15-ccb1-4aeb-9f3f-b288ec45b9ad";""
"Fast Start/ Strong Finish";"ARBA04";"mzangari";"Visualizador";"Proyecto principal";"5. Sustentabilidad";"15";"Sí";"No";"";"No Evaluado";"";"0";"Non-Systemic";"ARBA04-CIE";"0";"0";"5c0616c8-5603-49c5-88e3-5949ffaacd53";""
"MLM Flyer Design";"MXYU01";"ghernandez";"Visualizador";"Proyecto ramificado";"Implement";"19";"No";"No";"";"No Evaluado";"";"0";"Roll Out  Green Belt  P1";"MXYU01-CIE";"0";"0";"629576e6-5806-4edb-9f7f-48291c748c2b";""
"Actualización de RTDs en ARBA";"REGIONAL";"molivieri";"Visualizador";"Proyecto principal";"Develop";"15";"No";"No";"";"No Evaluado";"";"0";"Non-Systemic  P3";"MTM IB – OB – PERFORMANCE MANAGEMENT";"0";"0";"53bde5ef-cb36-4704-a06f-a1fa0e73173b";""
"Foto del producto en Product Data 2.0";"BRBA02";"irlreis";"Visualizador";"Proyecto ramificado";"Implement";"15";"No";"No";"";"No Evaluado";"";"0";"";"BRBA02-CIE";"0";"0";"62c9c2ed-fd3e-4b1d-8f63-a968e572a46c";""
"Testes RC01";"BRRC02";"lumedeiross";"Visualizador";"Proyecto principal";"Iniciativa";"15";"No";"No";"";"No Evaluado";"";"1";"";"BRRC02-CIE";"0";"0";"6394f985-7b4e-4876-aa5b-4cef01c0ca20";""
"Implementación Puntos de Fichada";"MXYU01";"ghernandez";"Visualizador";"Proyecto principal";"6. Proyecto Finalizado";"15";"Sí";"No";"";"No Evaluado";"";"0";"";"MXYU01-CIE";"0";"0";"5d393feb-e7d6-4884-89fe-3540ff10b4dd";""
"Estratificação de Ofensores - Missorted";"BRSP04";"wescosta";"Visualizador";"Proyecto principal";"6. Proyecto Finalizado";"15";"Sí";"No";"";"No Evaluado";"";"0";"";"BRSP04-CIE";"0";"0";"53a3173c-02a2-4d32-a736-9a8b9c1b4122";""
"Ajuste de Stock en WMS (Prender MLB)";"BRSC02";"rebsilva";"Visualizador";"Proyecto ramificado";"5. Sustentabilidad";"15";"No";"No";"";"No Evaluado";"";"0";"Roll Out  P2";"BRSC02-CIE";"0";"0";"53752144-81f8-4528-9c83-72fe129b847b";""
"Iterar desambiguación en Found por PI";"MXCD07";"yherrera";"Visualizador";"Proyecto ramificado";"6. Proyecto Finalizado";"18";"No";"Sí";"Etapa final concluida  pero el proyecto no está Finalizado/Cancelado.";"Evaluado - Sucess rate - Sí";"";"0";"Systemic  P3";"MXCD07-CIE";"0";"0";"60134c04-a097-4c3b-a2e7-1ab24be9d4cc";""
"Reporte SLA Packed (Outbound)";"BRSP10";"gcortijo";"Visualizador";"Proyecto ramificado";"5. Sustentabilidad";"14";"Sí";"Sí";"Período en curso con estado Backlog.";"No Evaluado";"";"0";"Roll Out  P1";"BRSP10-CIE";"0";"0";"5ecf8bd4-c493-4e0f-977b-66e018a5044e";""
"Fast Track v2";"BRRC01";"angelnogueir";"Visualizador";"Proyecto ramificado";"Implement";"15";"Sí";"No";"";"No Evaluado";"";"0";"Roll Out  P2";"BRRC01-CIE";"0";"0";"5377971d-d7ad-44b4-a9de-191f78eeac9d";""
"Processamento por Volume";"BRSP11";"marcefonseca";"Visualizador";"Proyecto ramificado";"Implement";"14";"No";"Sí";"Período en curso con estado Backlog.";"No Evaluado";"";"0";"C1  Roll Out  P1";"Sin equipo";"0";"0";"5462303f-5558-4fcd-ae47-a463e692a16b";""
"Mejora herramienta - Caja Master V01";"REGIONAL";"ramendez";"Visualizador";"Proyecto principal";"6. Proyecto Finalizado";"18";"No";"Sí";"Etapa final concluida  pero el proyecto no está Finalizado/Cancelado.";"No Evaluado";"";"0";"P3";"PD ICQA";"0";"0";"56530d1e-6a68-4734-8c18-989abc505147";""
"Login / Incio de Sessão com uso de QR Code";"BRSP19";"llyhmkus";"Visualizador";"Proyecto ramificado";"6. Proyecto Finalizado";"15";"No";"No";"";"No Evaluado";"";"0";"Roll Out";"BRSP19-CIE";"0";"0";"5bfc9c29-8f9a-40cb-a582-0418e532dba0";""
"Packing Mono | Intras ";"REGIONAL";"rhferraz";"Visualizador";"Proyecto principal";"MVP";"18";"No";"No";"";"No Evaluado";"";"0";"";"MTM IB – OB – PERFORMANCE MANAGEMENT";"0";"0";"524339ea-4d85-454c-b1b9-d7fccb89fcfc";""
"[Q3 - 2026] - Lost On Route (LOR) - Revision de Flujo  Proceso y Sistema";"SRM Reg";"dscapolan";"Visualizador";"Proyecto principal";"Discovery";"14";"No";"Sí";"Período en curso con estado Backlog.";"No Evaluado";"";"0";"";"SRM Reg-Regional";"0";"0";"5f048614-d7a7-425b-b919-b4c051fd1fba";""
"Rutina de gestión para desRezagar artículos no procesados";"REGIONAL";"dsalcedo";"Visualizador";"Proyecto principal";"POC";"15";"Sí";"No";"";"No Evaluado";"";"0";"";"PD Logistica Inversa";"0";"0";"50b92c97-b478-434a-a683-621b127db17b";""
"SQUAD Matriz Habilidades CIE";"BRRC02";"rstaszczak";"Visualizador";"Proyecto principal";"Iniciativa";"2";"No";"No";"";"No Evaluado";"";"0";"";"BRRC02-CIE";"0";"0";"560c2cbc-0a66-4db1-a4f3-fb4eada0f3fc";""
"Truckfullness - Fase 1";"BRMG01";"wibernardes";"Visualizador";"Proyecto ramificado";"";"";"No";"No";"";"No Evaluado";"";"0";"Roll Out";"BRMG01-CIE";"0";"0";"5ba511b8-810d-4db7-bd05-9af78b98b2c0";""
"Login / Incio de Sessão com uso de QR Code";"BRSP09";"glcordeiro";"Visualizador";"Proyecto ramificado";"5. Sustentabilidad";"15";"No";"No";"";"No Evaluado";"";"0";"Roll Out  Systemic  P2";"BRSP09-CIE";"0";"0";"50788991-8af8-44bf-917c-e7d4536e0078";""
"Buffers Pre PA";"MXNL01";"eurodriguez";"Visualizador";"Proyecto ramificado";"5. Sustentabilidad";"15";"Sí";"No";"";"No Evaluado";"";"0";"P1";"MXNL01-CIE";"0";"0";"57e1c542-2897-418c-9191-8cd8b33c68b0";""
"[Q3 - 2026] - Q3 - [HCM] Tela de tarefa pendente para analistas";"HCM";"melsoares";"Visualizador";"Proyecto principal";"Implement";"14";"Sí";"No";"";"No Evaluado";"";"0";"";"HCM-Regional";"0";"0";"5e95309e-5694-4e7b-bc2f-283f39b81444";""
"Login / Incio de Sessão com uso de QR Code";"MXCD10";"misanchezaco";"Visualizador";"Proyecto ramificado";"";"";"No";"No";"";"No Evaluado";"";"0";"Roll Out";"MXCD10-CIE";"0";"0";"52d33584-d60d-4799-bf74-411ed6fd946f";""
"MLA - Sacola / Homologación SUPERBOL";"REGIONAL";"ext_soperazz";"Visualizador";"Proyecto principal";"";"";"No";"No";"";"No Evaluado";"";"0";"";"PD MTM Packaging";"0";"0";"52999cd5-4010-495a-8ed6-879f3c5e73d2";""
"Acesso Contextual - Mi Primero Proceso";"BRSP11";"leanatividad";"Visualizador";"Proyecto ramificado";"Implement";"15";"No";"No";"";"No Evaluado";"";"0";"C1  Roll Out  P1";"Sin equipo";"0";"0";"5f3bbb7f-5f1c-432d-be1e-b363efc0f603";""
"[Q3 - 2026] - Carro picking RSC MLM";"MTM";"letiferreira";"Visualizador";"Proyecto principal";"Develop";"14";"No";"Sí";"Período en curso con estado Backlog.";"No Evaluado";"";"0";"";"MTM-Regional";"0";"0";"52fa8aca-f40b-49a2-a225-00d3dbf813a2";""
"24-08";"OTR";"angallegos";"Visualizador";"Proyecto principal";"";"";"No";"No";"";"No Evaluado";"";"0";"C3";"OTR-Regional";"0";"0";"5a984248-9834-45e4-9191-399fb78652ff";""
"Edição/exclusão de scheduling pós-aprovação";"REGIONAL";"adrsato";"Visualizador";"Proyecto principal";"Implement";"17";"Sí";"No";"";"No Evaluado";"";"0";"";"PD Performance Management";"0";"0";"53c1d8e0-b35f-4376-a259-65a52ae70da8";""
"Solicitud de WI y entrenamiento ";"REGIONAL";"erroa";"Visualizador";"Proyecto principal";"";"";"No";"No";"";"No Evaluado";"";"0";"";"RO Plan - In, LI, MP e Metros";"0";"0";"5c768721-2a12-40fb-bfd7-cd6370d45d1e";""
"Reemplazo e instalación de bines inyectados en Fase 3 de MZ (MCD02)";"REGIONAL";"garenas";"Visualizador";"Proyecto principal";"6. Proyecto Finalizado";"14";"Sí";"No";"";"No Evaluado";"";"0";"";"PD MTM Storage Solution";"1510667";"1000+";"5b1b720a-8b71-49b1-acbb-54381f0ebef1";""
"Receiving de Lego para LI";"BRSP04";"odgoncalves";"Visualizador";"Proyecto ramificado";"";"";"No";"No";"";"No Evaluado";"";"0";"C1  Roll Out  P1";"Sin equipo";"0";"0";"50b20d15-8add-4f33-9ed7-4cb3f8202e23";""
"[LI] Mercado Pago | Fluxo Picking/Packing";"REGIONAL";"joydutra";"Visualizador";"Proyecto principal";"Develop";"15";"No";"Sí";"Período marcado como Done con fecha de finalización en el futuro.";"No Evaluado";"";"0";"";"MTM IB – OB – PERFORMANCE MANAGEMENT";"0";"0";"58e2e1f7-2f9e-42fb-acb5-709f221f6a40";""
"App Conteos Mangapallets RFID";"BRSP06";"gavasconcelo";"Visualizador";"Proyecto ramificado";"Implement";"14";"No";"Sí";"Período en curso con estado Backlog.";"No Evaluado";"";"0";"C2  Roll Out  P1";"Sin equipo";"0";"0";"50fa1a67-8f55-48de-9c80-007bcd47b2c5";""
"Q2 [Staging Sorting] Nueva arquitetura";"REGIONAL";"acastellanos";"Visualizador";"Proyecto principal";"5. Sustentabilidad";"14";"Sí";"Sí";"Período en curso con estado Backlog.";"No Evaluado";"";"1";"C2  Systemic  P1";"PD Logistica Inversa";"0";"0";"540af256-d336-4afd-875a-301281356696";""
"Nuevo flujo de reposicion en MXCD14  ARBA04 y CLRM03";"REGIONAL";"fandreu";"Visualizador";"Proyecto principal";"";"";"No";"No";"";"No Evaluado";"";"0";"";"PD Inbound";"0";"0";"588de367-c4b3-4de8-9927-057b390e67c9";""
"[Q3 - 2026] - Navegación con ruta in app v1";"DX";"nlongobucco";"Visualizador";"Proyecto principal";"MVP";"14";"No";"Sí";"Período en curso con estado Backlog.";"No Evaluado";"";"0";"";"DX-Regional";"0";"0";"6276e6fb-4a9b-4c7b-b142-1d3a65c0e05d";""
"[Q3 - 2026] - Actualizar material de entrenamiento de drivers";"DX";"nlongobucco";"Visualizador";"Proyecto principal";"Implement";"14";"No";"Sí";"Período en curso con estado Backlog.";"No Evaluado";"";"0";"";"DX-Regional";"0";"0";"52ef636f-34e8-4da6-b9d6-4ae02d597f95";""
"Configuraciones Estandarizadas de Staging Zones - RCs";"BRRC01";"angelnogueir";"Visualizador";"Proyecto ramificado";"MVP";"17";"No";"No";"";"No Evaluado";"";"1";"Roll Out";"BRRC01-CIE";"0";"0";"5ec1815d-70be-43f0-abe3-35cb09010513";""
"[FOS - Assembly] - Desarrollo de funcionalidad de volcar contenido";"REGIONAL";"sabmedina";"Visualizador";"Proyecto principal";"Implement";"15";"Sí";"No";"";"No Evaluado";"";"0";"P1";"PD Outbound";"0";"0";"599d00c3-9db1-4c9e-8ddb-254a4d93ffec";""
"Teste TruckFulness RC03 x MGs";"BRRC01";"donascimento";"Visualizador";"Proyecto principal";"Iniciativa";"15";"No";"No";"";"No Evaluado";"";"0";"";"BRRC01-CIE";"0";"0";"59c76b2c-4af5-4d21-97f2-e6d1b641f5aa";""
"[Q3 - 2026] - [Meli Air Q3] Calculadoras MTM MLM para LH y BH";"MELIAIR";"aortegachima";"Visualizador";"Proyecto principal";"Develop";"15";"No";"No";"";"No Evaluado";"";"0";"";"MELIAIR-Regional";"0";"0";"642c2fe5-2e4a-4d57-9643-37545f4e45d6";""
"Mejora en la utilización de packing machine";"MXGT01";"jorgrangel";"Visualizador";"Proyecto principal";"6. Proyecto Finalizado";"18";"No";"Sí";"Etapa final concluida  pero el proyecto no está Finalizado/Cancelado.";"Evaluado - Sucess rate - Sí";"";"0";"";"MXGT01-CIE";"0";"0";"552f1cc9-2ac1-49e5-8940-248aaafab70d";""
"Handover Indicadores PEFM | PELM | PELH";"REGIONAL";"josmora";"Visualizador";"Proyecto principal";"Iniciativa";"15";"No";"No";"";"No Evaluado";"";"0";"";"OpEx Performance & Portfolio";"0";"0";"50e14eeb-1d9b-4a58-b4bd-ea21fb7e9afd";""
"Wall Regular: Vortex High Flow 60+";"MXCD06";"dgaromero";"Visualizador";"Proyecto principal";"5. Sustentabilidad";"14";"Sí";"Sí";"Período en curso con estado Backlog.";"No Evaluado";"";"0";"P2";"MXCD06-CIE";"0";"0";"61888bcc-5b35-4372-af1f-6198736b707d";""
"[Q226][Q126] Implementación de Elevador para Receiving - Recibimiento de varios vehículos en Doca";"CLRM03";"djamett";"Visualizador";"Proyecto principal";"MVP";"18";"No";"No";"";"No Evaluado";"";"0";"";"CLRM03-CIE";"0";"0";"558d36e1-01ce-4ad4-a029-6f64c48ecee9";""
"[Q3 - 2026] - Q3 PYMES - CUBICADORES DINAMICOS";"CIC";"mayalaadame";"Visualizador";"Proyecto principal";"Implement";"14";"No";"Sí";"Período en curso con estado Backlog.";"No Evaluado";"";"0";"";"CIC-Regional";"0";"0";"5828ca2d-af4d-4b77-805c-390cd3b0bdba";""
"[Dv] Kaizen SLA Repacking ARBA01";"REGIONAL";"gonflorez";"Visualizador";"Proyecto principal";"Discovery";"15";"No";"No";"";"No Evaluado";"";"0";"";"Cono Sur-Log Inversa";"0";"0";"533cbfe0-7624-4d95-8eee-92ae9a84b522";""
"MVP: Estudo para Carrinho Redutor de "Movimentos Tote-a-tote" (Check-in e P2M)";"BRRC02";"lumedeiross";"Visualizador";"Proyecto principal";"Discovery";"18";"No";"No";"";"No Evaluado";"";"6";"P2";"BRRC02-CIE";"8420";"1-500";"55ec1bc8-71fe-4f8f-af47-82e120442a90";""
"App Conteos Mangapallets RFID";"MXJC02";"fcapetillosi";"Visualizador";"Proyecto ramificado";"";"";"No";"No";"";"No Evaluado";"";"0";"C2  Roll Out  P1";"Sin equipo";"0";"0";"5be8ece9-77c4-4193-a51a-e0b5a477e470";""
"Implementación de UCS en INP";"REGIONAL";"crledesma";"Visualizador";"Proyecto principal";"Iniciativa";"15";"No";"No";"";"No Evaluado";"";"0";"";"PD ICQA";"0";"0";"5dabb410-8e39-4d89-913b-44d85693f51d";""
"Shipments No Sorteables";"ARBA01";"lgayol";"Visualizador";"Proyecto principal";"MVP";"15";"No";"No";"";"No Evaluado";"";"0";"";"ARBA01-CIE";"0";"0";"5b1223f2-43b0-4a1c-85b1-0dde4a79a933";""
"IO - Inbound Audit";"BRRJ02";"beatcarvalho";"Visualizador";"Proyecto ramificado";"";"";"No";"No";"";"No Evaluado";"";"0";"Roll Out  P2";"BRRJ02-CIE";"0";"0";"617d7c72-1fbc-435e-a235-907460134af3";""
"Pick to Ship - Big Totable";"MXCD07";"yherrera";"Visualizador";"Proyecto principal";"6. Proyecto Finalizado";"19";"No";"No";"";"No Evaluado";"";"0";"P1";"MXCD07-CIE";"0";"0";"642b9a41-b2b3-4365-aece-a20fde78ee3c";""
"WI CPG con fecha de caducidad";"MXCD09";"francimartin";"Visualizador";"Proyecto ramificado";"Implement";"14";"No";"Sí";"Período en curso con estado Backlog.";"No Evaluado";"";"0";"Roll Out  Systemic  P2";"MXCD09-CIE";"0";"0";"61054b42-a261-4c26-babe-e89b7939a819";""
"Automatização do Report de Fraude na Triagem de ENOEs";"REGIONAL";"dayapereira";"Visualizador";"Proyecto principal";"5. Sustentabilidad";"14";"No";"Sí";"Período en curso con estado Backlog.";"No Evaluado";"";"0";"C2  Systemic  P1";"PD Logistica Inversa";"0";"0";"56775e12-5dbe-4c88-a961-93ea9a3990eb";""
"Mejoras Batch Sorter";"CLRM03";"reruiz";"Visualizador";"Proyecto principal";"MVP";"15";"Sí";"No";"";"No Evaluado";"";"0";"P1";"CLRM03-CIE";"0";"0";"5bcbc8a0-33f9-4dc6-9e32-27437bb83187";""
"Deprecado input manual de Doca";"REGIONAL";"sabmedina";"Visualizador";"Proyecto principal";"6. Proyecto Finalizado";"14";"Sí";"No";"";"No Evaluado";"";"0";"P2";"PD Outbound";"0";"0";"611260a2-0df0-419b-b4f1-b37152ba8f40";""
"IO - Inbound Audit";"BRRC01";"angelnogueir";"Visualizador";"Proyecto ramificado";"";"";"No";"No";"";"No Evaluado";"";"0";"Roll Out  P2";"BRRC01-CIE";"0";"0";"5b8124c8-1605-4856-a670-8e20e059b0d1";""
"Mangas para Basura";"MXRC03";"mnavarrozuri";"Visualizador";"Proyecto principal";"MVP";"15";"No";"No";"";"No Evaluado";"";"0";"P2";"MXRC03-CIE";"63518.81";"1-500";"54ddb4d7-6548-4f0f-a17a-9bbf7f8f88ff";""
"Extended Same Day";"REGIONAL";"sabmedina";"Visualizador";"Proyecto principal";"MVP";"14";"Sí";"No";"";"No Evaluado";"";"0";"";"PD Outbound";"0";"0";"59eaa8e6-4e4c-46a5-8af7-2d5091050d94";""
"Gift Wrap";"REGIONAL";"pmarches";"Visualizador";"Proyecto principal";"Implement";"15";"No";"No";"";"No Evaluado";"";"2";"C3  Systemic  P1";"PD Outbound";"0";"0";"5c629003-c4ba-43fc-847d-3feceee145c2";""
"Cerberus";"BRPE01";"mtiburcio";"Visualizador";"Proyecto ramificado";"5. Sustentabilidad";"15";"No";"No";"";"No Evaluado";"";"0";"Roll Out  P3";"BRPE01-CIE";"0";"0";"545b0f24-ba95-4336-aa61-0bbff3169bd9";""
"LMS para replenishment";"REGIONAL";"fandreu";"Visualizador";"Proyecto principal";"MVP";"15";"Sí";"No";"";"No Evaluado";"";"0";"";"PD Inbound";"0";"0";"5d2c330b-57f0-4b1c-bdbd-2d3d2259f38a";""
"IO - Putaway melhorias";"MXCD09";"lgutierrezan";"Visualizador";"Proyecto ramificado";"5. Sustentabilidad";"14";"No";"Sí";"Período en curso con estado Backlog.";"No Evaluado";"";"0";"Roll Out  P2";"MXCD09-CIE";"0";"0";"633cca66-9b66-4cda-bd12-a28d5ae2479f";""
"Ajuste de Stock en WMS (Prender MLB)";"BRMG01";"vsantpedr";"Visualizador";"Proyecto ramificado";"5. Sustentabilidad";"15";"No";"No";"";"No Evaluado";"";"0";"Roll Out  P2";"BRMG01-CIE";"0";"0";"5ffb8d92-4f5f-4170-8e94-543e7a27cdec";""
"S2P - Performance: Testeo nuevo modelo de safety devices";"BRSP04";"josmoreno";"Visualizador";"Proyecto principal";"";"";"No";"No";"";"No Evaluado";"";"0";"";"Robotics & Automation";"0";"0";"635e4867-2c3c-4505-b0b9-92ce8e91ff32";""
"[DV] Estandarización bancadas de triage MCO";"REGIONAL";"jarevalorema";"Visualizador";"Proyecto principal";"Implement";"15";"Sí";"Sí";"Período en curso con estado Backlog.";"No Evaluado";"";"0";"Non-Systemic  P2";"Cono Sur-Log Inversa";"7137";"1-500";"62f4185c-84c6-4afb-bcb0-47ce1a467518";""
"Q2 [VE3P] Enoes full - venta especialista";"REGIONAL";"acastellanos";"Visualizador";"Proyecto principal";"Implement";"17";"Sí";"No";"";"No Evaluado";"";"0";"Systemic  P1";"PD Logistica Inversa";"0";"0";"647602e3-7e31-4027-bcb6-eab967e0ba43";""
"Triage com IA";"BRSP02";"jlins";"Visualizador";"Proyecto ramificado";"Implement";"15";"No";"No";"";"No Evaluado";"";"0";"Roll Out  Systemic  P1";"MLB-Log Inversa";"0";"0";"56692803-64ad-42bd-9809-f03e124fad8a";""
"IO - Inbound Audit";"BRSP14";"odgoncalves";"Visualizador";"Proyecto ramificado";"";"";"No";"No";"";"No Evaluado";"";"0";"Roll Out  P2";"BRSP04-CIE";"0";"0";"61b1cc1f-4796-4c11-b6ed-26d300569cd6";""
"Gamification- Encendido insignias virtuales";"MXCD14";"utorres";"Visualizador";"Proyecto ramificado";"";"";"No";"No";"";"No Evaluado";"";"0";"Roll Out";"MXCD14 -CIE";"0";"0";"576bba21-13aa-41ff-b3bd-8f3285032d01";""
"IO - Putaway melhorias";"COCU02";"ext_cammaldo";"Visualizador";"Proyecto ramificado";"5. Sustentabilidad";"14";"No";"Sí";"Período en curso con estado Backlog.";"No Evaluado";"";"0";"Roll Out  P2";"COCU02-CIE";"0";"0";"5bfc5662-44aa-45a7-bea3-3cb7060229dc";""
"Integración Masiva de Incidentes Operativos";"BRPR01";"ataschetto";"Visualizador";"Proyecto ramificado";"6. Proyecto Finalizado";"17";"Sí";"No";"";"No Evaluado";"";"0";"Roll Out  P1";"BRPR01-OC";"0";"0";"5102707f-e3f8-4a9a-8cc8-b6db4d4da65c";""
"Movements ";"COCU02";"jhcontreras";"Visualizador";"Proyecto ramificado";"6. Proyecto Finalizado";"14";"Sí";"Sí";"Período en curso con estado Backlog.";"No Evaluado";"";"0";"Roll Out";"COCU02-CIE";"0";"0";"60a6b12a-92d1-433a-bfb4-0ccf909279b0";""
"[Q3 - 2026] - [Inbound & Mesa Ayuda] - Air: Bloqueo de HU no inspeccionada";"FOS";"alecaliz";"Visualizador";"Proyecto principal";"Discovery";"14";"No";"No";"";"No Evaluado";"";"0";"";"FOS-Regional";"0";"0";"5ea0407c-23ed-4b3f-b237-1702a6be530d";""
"Reasignacin de prioridad para tareas de Transfers RR (PS Packing)";"REGIONAL";"pedleal";"Visualizador";"Proyecto principal";"";"";"No";"No";"";"No Evaluado";"";"0";"P2";"PD Outbound";"0";"0";"59b5954d-9f06-4e29-a76d-daae6a1f4288";""
"Pick to Ship - Metros";"REGIONAL";"dsalcedo";"Visualizador";"Proyecto principal";"Implement";"15";"Sí";"No";"";"No Evaluado";"";"0";"";"PD Logistica Inversa";"0";"0";"501f256f-85b1-48e2-a4f8-6d627686e8ff";""
"Reporte SLA Packed (Outbound)";"MXCH02";"dperezmacari";"Visualizador";"Proyecto ramificado";"5. Sustentabilidad";"14";"Sí";"No";"";"No Evaluado";"";"0";"Roll Out  P1";"Metros";"0";"0";"5742d6bf-8c3b-4f11-9dab-b740ac68f4a9";""
"[Q3 - 2026] - Q2  Integração de BIPs dos Reps no Processo de Aduana no LMS";"Nodeflow";"gracontreras";"Visualizador";"Proyecto principal";"Implement";"14";"No";"Sí";"Período en curso con estado Backlog.";"No Evaluado";"";"0";"";"Nodeflow-Regional";"0";"0";"605da6ba-623b-492b-b662-2e6ef917f6b7";""
"Heatmap 3.0 Fase 2";"BRPE01";"mtiburcio";"Visualizador";"Proyecto ramificado";"5. Sustentabilidad";"15";"No";"No";"";"No Evaluado";"";"0";"Roll Out  P2";"BRPE01-CIE";"0";"0";"5e84c5d5-3c91-4910-a28e-b73e924c7aae";""
"3ª Rede de Elásticos - Redução de Quedas de Produtos nos Racks de Robotics BRSP04";"BRSP04";"brucorrea";"Visualizador";"Proyecto principal";"Develop";"15";"No";"No";"";"No Evaluado";"";"0";"P2";"BRSP04-CIE";"150000";"1-500";"5ed98093-e032-462a-bd32-0cf8f596c16d";""
"Ajuste de Stock en WMS (Prender MLB)";"BRSP04";"odgoncalves";"Visualizador";"Proyecto ramificado";"5. Sustentabilidad";"15";"No";"No";"";"No Evaluado";"";"0";"Roll Out  P2";"BRSP04-CIE";"0";"0";"542634cc-f5a9-4177-af1f-f36f04860669";""
"Q2 Modulo de Repacking MPT";"REGIONAL";"acastellanos";"Visualizador";"Proyecto principal";"Implement";"15";"Sí";"No";"";"No Evaluado";"";"13";"Systemic  P1";"PD Logistica Inversa";"560000";"500-1000";"5c833409-c850-4b40-b52a-119786c8192d";""
"Clculo de productividad segmentado por process path";"REGIONAL";"sabmedina";"Visualizador";"Proyecto principal";"";"";"No";"No";"";"No Evaluado";"";"0";"";"PD Outbound";"0";"0";"55cc603e-56a7-43bd-a0fb-c87956a6a79e";""
"IO - Putaway melhorias";"BRSC02";"alsrocha";"Visualizador";"Proyecto ramificado";"";"";"No";"No";"";"No Evaluado";"";"0";"Roll Out  P2";"BRSC02-CIE";"0";"0";"5cd7a676-45c5-458a-a70d-e9ee2331fa72";""
"MXNL01 | Reducción de HH en IMAS";"MXNL01";"eurodriguez";"Visualizador";"Proyecto principal";"6. Proyecto Finalizado";"15";"No";"No";"";"No Evaluado";"";"0";"";"MXNL01-CIE";"0";"0";"54354701-cac8-4e07-ab7a-312b8e7cd0ca";""
"IO - Integración inventario";"REGIONAL";"adrsato";"Visualizador";"Proyecto principal";"";"";"No";"No";"";"No Evaluado";"";"0";"";"PD Performance Management";"0";"0";"5e87642b-c321-4def-9864-35f6a24fefa6";""
"Gestionar la devoluciones CBT hacia el seller en USA";"CLRM03";"atbravo";"Visualizador";"Proyecto ramificado";"Implement";"14";"Sí";"No";"";"No Evaluado";"";"0";"C1  Systemic  P2";"Cono Sur-Log Inversa";"0";"0";"4fcd5d5a-bcd2-408a-9698-f0c6d87abfa3";""
"[FOS - Assembly] - Armado de flujo unificado LEGO";"BRSP02";"jplevada";"Visualizador";"Proyecto ramificado";"";"";"No";"No";"";"No Evaluado";"";"0";"Roll Out  P3";"BRSP02-CIE";"0";"0";"5f82f988-e139-4d1f-91c5-f66507a056c5";""
" S2P - Expansion: Takeover SP04";"BRSP04";"josmoreno";"Visualizador";"Proyecto principal";"";"";"No";"No";"";"No Evaluado";"";"0";"";"Robotics & Automation";"0";"0";"5fcac3a7-f55a-4d6c-b493-87e90959caa1";""
"MLM Flyer Design";"MXCD02";"dmiramontes";"Visualizador";"Proyecto ramificado";"Implement";"14";"Sí";"No";"";"No Evaluado";"";"0";"Roll Out  Green Belt  P1";"MXCD02-CIE";"0";"0";"5de99fb8-0f06-45e6-ad98-89c7ff56b878";""
"[Q3 - 2026] - Q3 XD_POC Paletão MLM";"MTM";"llmmiranda";"Visualizador";"Proyecto principal";"POC";"14";"No";"Sí";"Período en curso con estado Backlog.";"No Evaluado";"";"0";"";"MTM-Regional";"0";"0";"564be0d1-7e34-4461-a8db-fc28c0b49bc5";""
"Login / Incio de Sessão com uso de QR Code";"MXCD07";"odiazdolores";"Visualizador";"Proyecto ramificado";"";"";"No";"No";"";"No Evaluado";"";"0";"Roll Out";"MXCD07-CIE";"0";"0";"5371ede9-84b2-4016-b38f-c1fe0eeccde7";""
"[Calidad] Procesamiento de productos electrnicos sin IMEI / Serial";"REGIONAL";"adrmorales";"Visualizador";"Proyecto principal";"";"";"No";"No";"";"No Evaluado";"";"0";"P3";"PD ICQA";"0";"0";"5605b7a7-67d5-41e9-ab1a-b8b759387903";""
"MLF - Training experience";"BRSP11";"itarodrigues";"Visualizador";"Proyecto principal";"Discovery";"15";"Sí";"No";"";"No Evaluado";"";"0";"P1";"BRSP11-OC";"198";"1-500";"5a8c56b3-4997-45cc-8ed1-6ef5804e13f4";""
"Automatização do Report de Fraude na Triagem de ENOEs";"BRRJ02";"beatcarvalho";"Visualizador";"Proyecto ramificado";"5. Sustentabilidad";"14";"No";"Sí";"Período en curso con estado Backlog.";"No Evaluado";"";"0";"C2  Roll Out  Systemic  P1";"Sin equipo";"0";"0";"526bde8d-b742-423e-a12a-ee002992a050";""
"[25 Q2] Docas rápidas";"BRMG01";"nodestro";"Visualizador";"Proyecto ramificado";"";"";"No";"No";"";"No Evaluado";"";"0";"Roll Out";"BRMG01-CIE";"0";"0";"58a502a4-c9c3-4e0a-bb33-b6f9d241c0b7";""
"Validación de Ruta correcta para bloqueo de carga";"MXJC01";"jmorenovalde";"Visualizador";"Proyecto ramificado";"";"";"No";"No";"";"No Evaluado";"";"0";"Roll Out";"MXJC01-CIE";"0";"0";"63eec8ea-71d4-4ab4-a842-378c98b3151b";""
"Integración Masiva de Incidentes Operativos";"BRSP04";"brucorrea";"Visualizador";"Proyecto ramificado";"5. Sustentabilidad";"15";"No";"No";"";"No Evaluado";"";"0";"Roll Out  P1";"BRSP04-CIE";"0";"0";"575345b7-faef-4223-bb3d-6f06046a60f3";""
"[Q226][Q126] Mecanización Post bancada CPG";"CLRM03";"djamett";"Visualizador";"Proyecto principal";"MVP";"18";"No";"No";"";"No Evaluado";"";"0";"";"CLRM03-CIE";"0";"0";"588b1d2c-7708-4a00-b895-2caf54824d68";""